filename,class_idx
1.jpg,3
2.jpg,3
3.jpg,3
4.jpg,3
5.jpg,3
6.jpg,3
7.jpg,2
8.jpg,3
9.jpg,3
10.jpg,5
11.jpg,2
12.jpg,3
13.jpg,3
14.jpg,3
15.jpg,3
16.jpg,3
17.jpg,3
18.jpg,3
19.jpg,3
20.jpg,3
21.jpg,3
22.jpg,3
23.jpg,3
24.jpg,3
25.jpg,3
26.jpg,3
27.jpg,3
28.jpg,3
29.jpg,3
30.jpg,2
31.jpg,3
32.jpg,3
33.jpg,3
34.jpg,3
35.jpg,2
36.jpg,5
37.jpg,3
38.jpg,3
39.jpg,3
40.jpg,3
41.jpg,3
42.jpg,3
43.jpg,0
44.jpg,3
45.jpg,6
46.jpg,3
47.jpg,1
48.jpg,1
49.jpg,1
50.jpg,1
51.jpg,4
52.jpg,1
53.jpg,1
54.jpg,0
55.jpg,1
56.jpg,6
57.jpg,1
58.jpg,4
59.jpg,1
60.jpg,6
61.jpg,1
62.jpg,3
63.jpg,1
64.jpg,6
65.jpg,6
66.jpg,1
67.jpg,1
68.jpg,1
69.jpg,1
70.jpg,1
71.jpg,1
72.jpg,1
73.jpg,1
74.jpg,1
75.jpg,1
76.jpg,6
77.jpg,6
78.jpg,1
79.jpg,4
80.jpg,1
81.jpg,1
82.jpg,1
83.jpg,0
84.jpg,1
85.jpg,1
86.jpg,1
87.jpg,1
88.jpg,6
89.jpg,1
90.jpg,5
91.jpg,1
92.jpg,0
93.jpg,6
94.jpg,1
95.jpg,6
96.jpg,1
97.jpg,1
98.jpg,1
99.jpg,1
100.jpg,1
101.jpg,6
102.jpg,6
103.jpg,5
104.jpg,1
105.jpg,1
106.jpg,1
107.jpg,1
108.jpg,1
109.jpg,1
110.jpg,1
111.jpg,1
112.jpg,1
113.jpg,1
114.jpg,1
115.jpg,1
116.jpg,1
117.jpg,1
118.jpg,1
119.jpg,1
120.jpg,1
121.jpg,1
122.jpg,1
123.jpg,1
124.jpg,1
125.jpg,1
126.jpg,3
127.jpg,1
128.jpg,1
129.jpg,1
130.jpg,1
131.jpg,1
132.jpg,1
133.jpg,1
134.jpg,1
135.jpg,1
136.jpg,1
137.jpg,1
138.jpg,1
139.jpg,1
140.jpg,1
141.jpg,1
142.jpg,1
143.jpg,1
144.jpg,1
145.jpg,1
146.jpg,1
147.jpg,1
148.jpg,1
149.jpg,1
150.jpg,1
151.jpg,1
152.jpg,1
153.jpg,1
154.jpg,1
155.jpg,1
156.jpg,1
157.jpg,1
158.jpg,1
159.jpg,1
160.jpg,1
161.jpg,1
162.jpg,1
163.jpg,1
164.jpg,0
165.jpg,0
166.jpg,1
167.jpg,1
168.jpg,1
169.jpg,1
170.jpg,3
171.jpg,1
172.jpg,1
173.jpg,1
174.jpg,1
175.jpg,1
176.jpg,3
177.jpg,3
178.jpg,1
179.jpg,1
180.jpg,1
181.jpg,1
182.jpg,6
183.jpg,1
184.jpg,6
185.jpg,1
186.jpg,3
187.jpg,6
188.jpg,1
189.jpg,1
190.jpg,1
191.jpg,7
192.jpg,6
193.jpg,1
194.jpg,7
195.jpg,1
196.jpg,3
197.jpg,1
198.jpg,3
199.jpg,6
200.jpg,1
201.jpg,3
202.jpg,1
203.jpg,6
204.jpg,6
205.jpg,1
206.jpg,1
207.jpg,0
208.jpg,7
209.jpg,3
210.jpg,4
211.jpg,6
212.jpg,3
213.jpg,7
214.jpg,6
215.jpg,1
216.jpg,7
217.jpg,3
218.jpg,6
219.jpg,1
220.jpg,6
221.jpg,1
222.jpg,1
223.jpg,1
224.jpg,6
225.jpg,1
226.jpg,3
227.jpg,6
228.jpg,6
229.jpg,0
230.jpg,6
231.jpg,6
232.jpg,6
233.jpg,1
234.jpg,6
235.jpg,1
236.jpg,3
237.jpg,3
238.jpg,6
239.jpg,6
240.jpg,6
241.jpg,1
242.jpg,1
243.jpg,6
244.jpg,6
245.jpg,3
246.jpg,6
247.jpg,1
248.jpg,1
249.jpg,0
250.jpg,6
251.jpg,3
252.jpg,1
253.jpg,6
254.jpg,0
255.jpg,6
256.jpg,6
257.jpg,6
258.jpg,6
259.jpg,2
260.jpg,6
261.jpg,7
262.jpg,6
263.jpg,1
264.jpg,6
265.jpg,2
266.jpg,3
267.jpg,1
268.jpg,3
269.jpg,6
270.jpg,0
271.jpg,6
272.jpg,1
273.jpg,6
274.jpg,6
275.jpg,1
276.jpg,1
277.jpg,6
278.jpg,3
279.jpg,1
280.jpg,1
281.jpg,6
282.jpg,7
283.jpg,1
284.jpg,2
285.jpg,1
286.jpg,1
287.jpg,4
288.jpg,1
289.jpg,1
290.jpg,1
291.jpg,6
292.jpg,4
293.jpg,4
294.jpg,1
295.jpg,4
296.jpg,1
297.jpg,1
298.jpg,1
299.jpg,1
300.jpg,1
301.jpg,1
302.jpg,1
303.jpg,1
304.jpg,1
305.jpg,1
306.jpg,1
307.jpg,1
308.jpg,1
309.jpg,1
310.jpg,5
311.jpg,1
312.jpg,1
313.jpg,1
314.jpg,1
315.jpg,1
316.jpg,1
317.jpg,1
318.jpg,1
319.jpg,1
320.jpg,1
321.jpg,4
322.jpg,1
323.jpg,1
324.jpg,1
325.jpg,1
326.jpg,1
327.jpg,1
328.jpg,1
329.jpg,1
330.jpg,4
331.jpg,6
332.jpg,1
333.jpg,4
334.jpg,1
335.jpg,1
336.jpg,1
337.jpg,1
338.jpg,1
339.jpg,1
340.jpg,1
341.jpg,4
342.jpg,2
343.jpg,2
344.jpg,2
345.jpg,2
346.jpg,2
347.jpg,2
348.jpg,2
349.jpg,2
350.jpg,2
351.jpg,2
352.jpg,2
353.jpg,2
354.jpg,2
355.jpg,2
356.jpg,2
357.jpg,2
358.jpg,2
359.jpg,2
360.jpg,2
361.jpg,2
362.jpg,2
363.jpg,2
364.jpg,2
365.jpg,2
366.jpg,2
367.jpg,2
368.jpg,2
369.jpg,2
370.jpg,2
371.jpg,2
372.jpg,2
373.jpg,2
374.jpg,2
375.jpg,2
376.jpg,2
377.jpg,2
378.jpg,2
379.jpg,2
380.jpg,2
381.jpg,2
382.jpg,2
383.jpg,2
384.jpg,2
385.jpg,2
386.jpg,2
387.jpg,2
388.jpg,2
389.jpg,2
390.jpg,2
391.jpg,2
392.jpg,2
393.jpg,2
394.jpg,2
395.jpg,2
396.jpg,2
397.jpg,2
398.jpg,2
399.jpg,2
400.jpg,2
401.jpg,2
402.jpg,1
403.jpg,1
404.jpg,4
405.jpg,0
406.jpg,0
407.jpg,4
408.jpg,4
409.jpg,4
410.jpg,1
411.jpg,1
412.jpg,6
413.jpg,0
414.jpg,1
415.jpg,0
416.jpg,6
417.jpg,1
418.jpg,1
419.jpg,1
420.jpg,1
421.jpg,1
422.jpg,6
423.jpg,4
424.jpg,1
425.jpg,4
426.jpg,6
427.jpg,6
428.jpg,6
429.jpg,4
430.jpg,1
431.jpg,4
432.jpg,4
433.jpg,6
434.jpg,1
435.jpg,0
436.jpg,1
437.jpg,4
438.jpg,6
439.jpg,6
440.jpg,1
441.jpg,1
442.jpg,1
443.jpg,6
444.jpg,1
445.jpg,1
446.jpg,6
447.jpg,6
448.jpg,0
449.jpg,6
450.jpg,1
451.jpg,1
452.jpg,6
453.jpg,1
454.jpg,4
455.jpg,1
456.jpg,1
457.jpg,1
458.jpg,6
459.jpg,6
460.jpg,6
461.jpg,1
462.jpg,8
463.jpg,3
464.jpg,1
465.jpg,1
466.jpg,3
467.jpg,1
468.jpg,3
469.jpg,1
470.jpg,1
471.jpg,6
472.jpg,1
473.jpg,1
474.jpg,1
475.jpg,4
476.jpg,6
477.jpg,8
478.jpg,8
479.jpg,1
480.jpg,1
481.jpg,6
482.jpg,4
483.jpg,1
484.jpg,6
485.jpg,1
486.jpg,4
487.jpg,3
488.jpg,1
489.jpg,3
490.jpg,1
491.jpg,1
492.jpg,4
493.jpg,8
494.jpg,1
495.jpg,8
496.jpg,6
497.jpg,1
498.jpg,1
499.jpg,6
500.jpg,1
501.jpg,3
502.jpg,7
503.jpg,1
504.jpg,1
505.jpg,4
506.jpg,1
507.jpg,0
508.jpg,1
509.jpg,4
510.jpg,1
511.jpg,8
512.jpg,1
513.jpg,4
514.jpg,0
515.jpg,4
516.jpg,3
517.jpg,6
518.jpg,3
519.jpg,1
520.jpg,1
521.jpg,4
522.jpg,4
523.jpg,4
524.jpg,3
525.jpg,1
526.jpg,6
527.jpg,1
528.jpg,4
529.jpg,1
530.jpg,7
531.jpg,1
532.jpg,3
533.jpg,1
534.jpg,3
535.jpg,3
536.jpg,3
537.jpg,6
538.jpg,4
539.jpg,4
540.jpg,4
541.jpg,6
542.jpg,4
543.jpg,4
544.jpg,1
545.jpg,4
546.jpg,4
547.jpg,1
548.jpg,1
549.jpg,6
550.jpg,7
551.jpg,4
552.jpg,1
553.jpg,4
554.jpg,1
555.jpg,6
556.jpg,1
557.jpg,4
558.jpg,1
559.jpg,1
560.jpg,6
561.jpg,1
562.jpg,1
563.jpg,6
564.jpg,6
565.jpg,1
566.jpg,4
567.jpg,1
568.jpg,4
569.jpg,1
570.jpg,6
571.jpg,6
572.jpg,1
573.jpg,6
574.jpg,3
575.jpg,4
576.jpg,6
577.jpg,1
578.jpg,1
579.jpg,6
580.jpg,1
581.jpg,6
582.jpg,4
583.jpg,1
584.jpg,3
585.jpg,1
586.jpg,4
587.jpg,4
588.jpg,3
589.jpg,1
590.jpg,4
591.jpg,7
592.jpg,4
593.jpg,7
594.jpg,1
595.jpg,1
596.jpg,4
597.jpg,1
598.jpg,1
599.jpg,4
600.jpg,4
601.jpg,7
602.jpg,1
603.jpg,4
604.jpg,3
605.jpg,4
606.jpg,7
607.jpg,1
608.jpg,1
609.jpg,6
610.jpg,6
611.jpg,1
612.jpg,2
613.jpg,1
614.jpg,7
615.jpg,2
616.jpg,7
617.jpg,4
618.jpg,6
619.jpg,3
620.jpg,6
621.jpg,1
622.jpg,4
623.jpg,4
624.jpg,1
625.jpg,1
626.jpg,6
627.jpg,6
628.jpg,6
629.jpg,3
630.jpg,4
631.jpg,6
632.jpg,7
633.jpg,6
634.jpg,1
635.jpg,4
636.jpg,6
637.jpg,6
638.jpg,6
639.jpg,3
640.jpg,6
641.jpg,6
642.jpg,6
643.jpg,1
644.jpg,6
645.jpg,1
646.jpg,6
647.jpg,4
648.jpg,6
649.jpg,6
650.jpg,6
651.jpg,6
652.jpg,1
653.jpg,6
654.jpg,6
655.jpg,4
656.jpg,7
657.jpg,1
658.jpg,1
659.jpg,1
660.jpg,4
661.jpg,6
662.jpg,0
663.jpg,6
664.jpg,6
665.jpg,1
666.jpg,1
667.jpg,1
668.jpg,1
669.jpg,1
670.jpg,1
671.jpg,1
672.jpg,6
673.jpg,1
674.jpg,6
675.jpg,6
676.jpg,6
677.jpg,6
678.jpg,4
679.jpg,6
680.jpg,4
681.jpg,4
682.jpg,4
683.jpg,6
684.jpg,6
685.jpg,6
686.jpg,6
687.jpg,0
688.jpg,6
689.jpg,1
690.jpg,6
691.jpg,4
692.jpg,6
693.jpg,6
694.jpg,6
695.jpg,6
696.jpg,3
697.jpg,1
698.jpg,6
699.jpg,4
700.jpg,6
701.jpg,7
702.jpg,7
703.jpg,4
704.jpg,0
705.jpg,0
706.jpg,7
707.jpg,7
708.jpg,7
709.jpg,0
710.jpg,3
711.jpg,3
712.jpg,3
713.jpg,6
714.jpg,3
715.jpg,6
716.jpg,4
717.jpg,4
718.jpg,0
719.jpg,7
720.jpg,3
721.jpg,6
722.jpg,4
723.jpg,0
724.jpg,3
725.jpg,0
726.jpg,6
727.jpg,7
728.jpg,3
729.jpg,4
730.jpg,3
731.jpg,0
732.jpg,0
733.jpg,0
734.jpg,0
735.jpg,4
736.jpg,4
737.jpg,3
738.jpg,0
739.jpg,2
740.jpg,3
741.jpg,3
742.jpg,3
743.jpg,0
744.jpg,4
745.jpg,3
746.jpg,3
747.jpg,0
748.jpg,0
749.jpg,6
750.jpg,0
751.jpg,0
752.jpg,1
753.jpg,0
754.jpg,0
755.jpg,3
756.jpg,3
757.jpg,0
758.jpg,3
759.jpg,1
760.jpg,6
761.jpg,6
762.jpg,1
763.jpg,6
764.jpg,0
765.jpg,1
766.jpg,1
767.jpg,6
768.jpg,1
769.jpg,6
770.jpg,1
771.jpg,1
772.jpg,1
773.jpg,3
774.jpg,1
775.jpg,1
776.jpg,1
777.jpg,1
778.jpg,1
779.jpg,6
780.jpg,1
781.jpg,6
782.jpg,1
783.jpg,1
784.jpg,6
785.jpg,1
786.jpg,1
787.jpg,1
788.jpg,1
789.jpg,4
790.jpg,1
791.jpg,1
792.jpg,6
793.jpg,6
794.jpg,6
795.jpg,1
796.jpg,1
797.jpg,1
798.jpg,1
799.jpg,1
800.jpg,1
801.jpg,6
802.jpg,6
803.jpg,7
804.jpg,6
805.jpg,7
806.jpg,1
807.jpg,1
808.jpg,1
809.jpg,1
810.jpg,1
811.jpg,7
812.jpg,1
813.jpg,1
814.jpg,1
815.jpg,4
816.jpg,6
817.jpg,1
818.jpg,6
819.jpg,1
820.jpg,4
821.jpg,1
822.jpg,4
823.jpg,1
824.jpg,4
825.jpg,1
826.jpg,1
827.jpg,4
828.jpg,1
829.jpg,1
830.jpg,4
831.jpg,4
832.jpg,1
833.jpg,1
834.jpg,3
835.jpg,4
836.jpg,1
837.jpg,1
838.jpg,1
839.jpg,4
840.jpg,4
841.jpg,4
842.jpg,1
843.jpg,3
844.jpg,4
845.jpg,1
846.jpg,1
847.jpg,4
848.jpg,1
849.jpg,1
850.jpg,1
851.jpg,1
852.jpg,1
853.jpg,5
854.jpg,1
855.jpg,4
856.jpg,1
857.jpg,4
858.jpg,4
859.jpg,1
860.jpg,1
861.jpg,1
862.jpg,4
863.jpg,4
864.jpg,4
865.jpg,1
866.jpg,4
867.jpg,3
868.jpg,1
869.jpg,3
870.jpg,4
871.jpg,1
872.jpg,4
873.jpg,1
874.jpg,5
875.jpg,3
876.jpg,4
877.jpg,4
878.jpg,4
879.jpg,4
880.jpg,4
881.jpg,1
882.jpg,6
883.jpg,7
884.jpg,4
885.jpg,4
886.jpg,4
887.jpg,4
888.jpg,4
889.jpg,1
890.jpg,1
891.jpg,4
892.jpg,5
893.jpg,7
894.jpg,4
895.jpg,4
896.jpg,4
897.jpg,4
898.jpg,6
899.jpg,4
900.jpg,4
901.jpg,6
902.jpg,6
903.jpg,1
904.jpg,3
905.jpg,1
906.jpg,7
907.jpg,1
908.jpg,1
909.jpg,4
910.jpg,6
911.jpg,6
912.jpg,6
913.jpg,4
914.jpg,1
915.jpg,6
916.jpg,6
917.jpg,4
918.jpg,4
919.jpg,4
920.jpg,6
921.jpg,4
922.jpg,4
923.jpg,4
924.jpg,4
925.jpg,6
926.jpg,6
927.jpg,3
928.jpg,4
929.jpg,1
930.jpg,1
931.jpg,1
932.jpg,1
933.jpg,4
934.jpg,4
935.jpg,6
936.jpg,1
937.jpg,4
938.jpg,4
939.jpg,4
940.jpg,4
941.jpg,0
942.jpg,4
943.jpg,4
944.jpg,3
945.jpg,4
946.jpg,2
947.jpg,4
948.jpg,4
949.jpg,7
950.jpg,4
951.jpg,4
952.jpg,7
953.jpg,3
954.jpg,4
955.jpg,4
956.jpg,3
957.jpg,3
958.jpg,4
959.jpg,4
960.jpg,2
961.jpg,6
962.jpg,3
963.jpg,3
964.jpg,2
965.jpg,3
966.jpg,3
967.jpg,3
968.jpg,3
969.jpg,4
970.jpg,3
971.jpg,1
972.jpg,8
973.jpg,3
974.jpg,3
975.jpg,6
976.jpg,8
977.jpg,3
978.jpg,3
979.jpg,4
980.jpg,4
981.jpg,2
982.jpg,3
983.jpg,4
984.jpg,4
985.jpg,3
986.jpg,3
987.jpg,4
988.jpg,3
989.jpg,4
990.jpg,3
991.jpg,3
992.jpg,4
993.jpg,3
994.jpg,3
995.jpg,3
996.jpg,8
997.jpg,4
998.jpg,4
999.jpg,2
1000.jpg,0
1001.jpg,7
1002.jpg,3
1003.jpg,4
1004.jpg,3
1005.jpg,2
1006.jpg,0
1007.jpg,0
1008.jpg,6
1009.jpg,0
1010.jpg,2
1011.jpg,3
1012.jpg,0
1013.jpg,3
1014.jpg,3
1015.jpg,0
1016.jpg,0
1017.jpg,3
1018.jpg,2
1019.jpg,3
1020.jpg,3
1021.jpg,3
1022.jpg,3
1023.jpg,3
1024.jpg,3
1025.jpg,0
1026.jpg,3
1027.jpg,2
1028.jpg,2
1029.jpg,6
1030.jpg,2
1031.jpg,0
1032.jpg,2
1033.jpg,3
1034.jpg,3
1035.jpg,3
1036.jpg,1
1037.jpg,3
1038.jpg,2
1039.jpg,3
1040.jpg,2
1041.jpg,3
1042.jpg,0
1043.jpg,3
1044.jpg,2
1045.jpg,3
1046.jpg,3
1047.jpg,6
1048.jpg,3
1049.jpg,2
1050.jpg,2
1051.jpg,7
1052.jpg,6
1053.jpg,2
1054.jpg,2
1055.jpg,3
1056.jpg,6
1057.jpg,2
1058.jpg,5
1059.jpg,3
1060.jpg,4
1061.jpg,1
1062.jpg,1
1063.jpg,1
1064.jpg,1
1065.jpg,1
1066.jpg,2
1067.jpg,1
1068.jpg,1
1069.jpg,5
1070.jpg,1
1071.jpg,3
1072.jpg,1
1073.jpg,4
1074.jpg,1
1075.jpg,1
1076.jpg,5
1077.jpg,1
1078.jpg,1
1079.jpg,1
1080.jpg,1
1081.jpg,5
1082.jpg,1
1083.jpg,1
1084.jpg,5
1085.jpg,1
1086.jpg,1
1087.jpg,6
1088.jpg,4
1089.jpg,1
1090.jpg,1
1091.jpg,4
1092.jpg,1
1093.jpg,1
1094.jpg,3
1095.jpg,6
1096.jpg,4
1097.jpg,1
1098.jpg,5
1099.jpg,3
1100.jpg,2
1101.jpg,1
1102.jpg,4
1103.jpg,1
1104.jpg,1
1105.jpg,4
1106.jpg,5
1107.jpg,4
1108.jpg,5
1109.jpg,3
1110.jpg,1
1111.jpg,1
1112.jpg,1
1113.jpg,4
1114.jpg,1
1115.jpg,1
1116.jpg,1
1117.jpg,0
1118.jpg,0
1119.jpg,0
1120.jpg,0
1121.jpg,0
1122.jpg,0
1123.jpg,0
1124.jpg,2
1125.jpg,0
1126.jpg,0
1127.jpg,2
1128.jpg,0
1129.jpg,0
1130.jpg,0
1131.jpg,0
1132.jpg,2
1133.jpg,2
1134.jpg,2
1135.jpg,0
1136.jpg,0
1137.jpg,0
1138.jpg,2
1139.jpg,0
1140.jpg,3
1141.jpg,0
1142.jpg,0
1143.jpg,0
1144.jpg,2
1145.jpg,0
1146.jpg,0
1147.jpg,0
1148.jpg,0
1149.jpg,0
1150.jpg,0
1151.jpg,0
1152.jpg,2
1153.jpg,0
1154.jpg,2
1155.jpg,2
1156.jpg,0
1157.jpg,2
1158.jpg,2
1159.jpg,0
1160.jpg,4
1161.jpg,3
1162.jpg,2
1163.jpg,2
1164.jpg,0
1165.jpg,0
1166.jpg,0
1167.jpg,0
1168.jpg,6
1169.jpg,4
1170.jpg,2
1171.jpg,0
1172.jpg,0
1173.jpg,0
1174.jpg,2
1175.jpg,3
1176.jpg,0
1177.jpg,6
1178.jpg,1
1179.jpg,4
1180.jpg,4
1181.jpg,1
1182.jpg,1
1183.jpg,5
1184.jpg,1
1185.jpg,1
1186.jpg,1
1187.jpg,1
1188.jpg,1
1189.jpg,4
1190.jpg,1
1191.jpg,1
1192.jpg,1
1193.jpg,1
1194.jpg,1
1195.jpg,1
1196.jpg,1
1197.jpg,1
1198.jpg,1
1199.jpg,1
1200.jpg,1
1201.jpg,1
1202.jpg,1
1203.jpg,1
1204.jpg,1
1205.jpg,1
1206.jpg,4
1207.jpg,1
1208.jpg,6
1209.jpg,1
1210.jpg,1
1211.jpg,1
1212.jpg,1
1213.jpg,1
1214.jpg,1
1215.jpg,1
1216.jpg,1
1217.jpg,1
1218.jpg,6
1219.jpg,1
1220.jpg,1
1221.jpg,5
1222.jpg,6
1223.jpg,1
1224.jpg,1
1225.jpg,1
1226.jpg,1
1227.jpg,1
1228.jpg,1
1229.jpg,1
1230.jpg,1
1231.jpg,1
1232.jpg,1
1233.jpg,1
1234.jpg,1
1235.jpg,1
1236.jpg,5
1237.jpg,1
1238.jpg,1
1239.jpg,1
1240.jpg,1
1241.jpg,1
1242.jpg,1
1243.jpg,1
1244.jpg,4
1245.jpg,1
1246.jpg,1
1247.jpg,1
1248.jpg,1
1249.jpg,1
1250.jpg,1
1251.jpg,1
1252.jpg,1
1253.jpg,1
1254.jpg,1
1255.jpg,1
1256.jpg,1
1257.jpg,1
1258.jpg,1
1259.jpg,1
1260.jpg,1
1261.jpg,1
1262.jpg,1
1263.jpg,1
1264.jpg,1
1265.jpg,5
1266.jpg,1
1267.jpg,1
1268.jpg,1
1269.jpg,1
1270.jpg,1
1271.jpg,1
1272.jpg,1
1273.jpg,1
1274.jpg,1
1275.jpg,1
1276.jpg,1
1277.jpg,1
1278.jpg,1
1279.jpg,8
1280.jpg,1
1281.jpg,1
1282.jpg,1
1283.jpg,1
1284.jpg,1
1285.jpg,1
1286.jpg,1
1287.jpg,1
1288.jpg,1
1289.jpg,1
1290.jpg,1
1291.jpg,7
1292.jpg,1
1293.jpg,1
1294.jpg,1
1295.jpg,4
1296.jpg,3
1297.jpg,0
1298.jpg,0
1299.jpg,3
1300.jpg,2
1301.jpg,2
1302.jpg,3
1303.jpg,0
1304.jpg,0
1305.jpg,0
1306.jpg,3
1307.jpg,0
1308.jpg,7
1309.jpg,0
1310.jpg,2
1311.jpg,6
1312.jpg,2
1313.jpg,6
1314.jpg,0
1315.jpg,3
1316.jpg,1
1317.jpg,3
1318.jpg,0
1319.jpg,6
1320.jpg,2
1321.jpg,0
1322.jpg,0
1323.jpg,4
1324.jpg,2
1325.jpg,2
1326.jpg,1
1327.jpg,3
1328.jpg,6
1329.jpg,6
1330.jpg,0
1331.jpg,2
1332.jpg,0
1333.jpg,6
1334.jpg,3
1335.jpg,2
1336.jpg,2
1337.jpg,3
1338.jpg,3
1339.jpg,0
1340.jpg,3
1341.jpg,3
1342.jpg,6
1343.jpg,2
1344.jpg,2
1345.jpg,0
1346.jpg,2
1347.jpg,0
1348.jpg,3
1349.jpg,2
1350.jpg,2
1351.jpg,3
1352.jpg,7
1353.jpg,0
1354.jpg,0
1355.jpg,4
1356.jpg,4
1357.jpg,6
1358.jpg,1
1359.jpg,3
1360.jpg,6
1361.jpg,4
1362.jpg,3
1363.jpg,3
1364.jpg,1
1365.jpg,1
1366.jpg,3
1367.jpg,6
1368.jpg,3
1369.jpg,8
1370.jpg,3
1371.jpg,8
1372.jpg,3
1373.jpg,1
1374.jpg,1
1375.jpg,1
1376.jpg,3
1377.jpg,4
1378.jpg,3
1379.jpg,6
1380.jpg,7
1381.jpg,6
1382.jpg,3
1383.jpg,7
1384.jpg,1
1385.jpg,3
1386.jpg,3
1387.jpg,6
1388.jpg,6
1389.jpg,6
1390.jpg,7
1391.jpg,4
1392.jpg,6
1393.jpg,1
1394.jpg,1
1395.jpg,4
1396.jpg,3
1397.jpg,6
1398.jpg,6
1399.jpg,3
1400.jpg,7
1401.jpg,6
1402.jpg,4
1403.jpg,1
1404.jpg,8
1405.jpg,1
1406.jpg,6
1407.jpg,6
1408.jpg,7
1409.jpg,8
1410.jpg,4
1411.jpg,1
1412.jpg,7
1413.jpg,3
1414.jpg,3
1415.jpg,1
1416.jpg,4
1417.jpg,4
1418.jpg,4
1419.jpg,4
1420.jpg,4
1421.jpg,1
1422.jpg,1
1423.jpg,4
1424.jpg,4
1425.jpg,1
1426.jpg,4
1427.jpg,4
1428.jpg,4
1429.jpg,4
1430.jpg,4
1431.jpg,4
1432.jpg,1
1433.jpg,4
1434.jpg,7
1435.jpg,4
1436.jpg,4
1437.jpg,4
1438.jpg,4
1439.jpg,4
1440.jpg,4
1441.jpg,1
1442.jpg,3
1443.jpg,4
1444.jpg,7
1445.jpg,4
1446.jpg,4
1447.jpg,3
1448.jpg,1
1449.jpg,5
1450.jpg,1
1451.jpg,4
1452.jpg,1
1453.jpg,1
1454.jpg,4
1455.jpg,3
1456.jpg,3
1457.jpg,4
1458.jpg,4
1459.jpg,1
1460.jpg,4
1461.jpg,1
1462.jpg,4
1463.jpg,1
1464.jpg,1
1465.jpg,1
1466.jpg,3
1467.jpg,4
1468.jpg,3
1469.jpg,1
1470.jpg,4
1471.jpg,4
1472.jpg,4
1473.jpg,4
1474.jpg,4
1475.jpg,1
1476.jpg,1
1477.jpg,1
1478.jpg,1
1479.jpg,1
1480.jpg,5
1481.jpg,5
1482.jpg,5
1483.jpg,1
1484.jpg,1
1485.jpg,1
1486.jpg,1
1487.jpg,1
1488.jpg,1
1489.jpg,1
1490.jpg,1
1491.jpg,1
1492.jpg,1
1493.jpg,1
1494.jpg,1
1495.jpg,1
1496.jpg,3
1497.jpg,1
1498.jpg,1
1499.jpg,1
1500.jpg,4
1501.jpg,1
1502.jpg,1
1503.jpg,4
1504.jpg,1
1505.jpg,1
1506.jpg,6
1507.jpg,1
1508.jpg,1
1509.jpg,1
1510.jpg,1
1511.jpg,1
1512.jpg,1
1513.jpg,1
1514.jpg,1
1515.jpg,1
1516.jpg,1
1517.jpg,6
1518.jpg,1
1519.jpg,1
1520.jpg,6
1521.jpg,1
1522.jpg,1
1523.jpg,5
1524.jpg,6
1525.jpg,1
1526.jpg,4
1527.jpg,1
1528.jpg,1
1529.jpg,1
1530.jpg,5
1531.jpg,1
1532.jpg,4
1533.jpg,5
1534.jpg,1
1535.jpg,3
1536.jpg,1
1537.jpg,1
1538.jpg,1
1539.jpg,1
1540.jpg,5
1541.jpg,1
1542.jpg,1
1543.jpg,1
1544.jpg,1
1545.jpg,1
1546.jpg,6
1547.jpg,1
1548.jpg,1
1549.jpg,7
1550.jpg,1
1551.jpg,1
1552.jpg,1
1553.jpg,1
1554.jpg,1
1555.jpg,1
1556.jpg,1
1557.jpg,1
1558.jpg,1
1559.jpg,1
1560.jpg,1
1561.jpg,1
1562.jpg,1
1563.jpg,1
1564.jpg,1
1565.jpg,1
1566.jpg,5
1567.jpg,1
1568.jpg,1
1569.jpg,1
1570.jpg,1
1571.jpg,1
1572.jpg,1
1573.jpg,1
1574.jpg,7
1575.jpg,1
1576.jpg,1
1577.jpg,1
1578.jpg,1
1579.jpg,1
1580.jpg,6
1581.jpg,1
1582.jpg,3
1583.jpg,1
1584.jpg,1
1585.jpg,1
1586.jpg,1
1587.jpg,1
1588.jpg,1
1589.jpg,1
1590.jpg,1
1591.jpg,4
1592.jpg,4
1593.jpg,5
1594.jpg,2
1595.jpg,6
1596.jpg,3
1597.jpg,3
1598.jpg,3
1599.jpg,3
1600.jpg,0
1601.jpg,3
1602.jpg,3
1603.jpg,3
1604.jpg,0
1605.jpg,0
1606.jpg,0
1607.jpg,3
1608.jpg,0
1609.jpg,3
1610.jpg,2
1611.jpg,0
1612.jpg,3
1613.jpg,0
1614.jpg,3
1615.jpg,3
1616.jpg,0
1617.jpg,5
1618.jpg,3
1619.jpg,3
1620.jpg,3
1621.jpg,0
1622.jpg,3
1623.jpg,6
1624.jpg,3
1625.jpg,3
1626.jpg,0
1627.jpg,3
1628.jpg,3
1629.jpg,3
1630.jpg,2
1631.jpg,3
1632.jpg,3
1633.jpg,3
1634.jpg,3
1635.jpg,3
1636.jpg,2
1637.jpg,3
1638.jpg,6
1639.jpg,3
1640.jpg,2
1641.jpg,3
1642.jpg,0
1643.jpg,3
1644.jpg,3
1645.jpg,3
1646.jpg,3
1647.jpg,2
1648.jpg,2
1649.jpg,2
1650.jpg,2
1651.jpg,2
1652.jpg,2
1653.jpg,2
1654.jpg,2
1655.jpg,2
1656.jpg,2
1657.jpg,2
1658.jpg,2
1659.jpg,2
1660.jpg,2
1661.jpg,2
1662.jpg,2
1663.jpg,2
1664.jpg,2
1665.jpg,2
1666.jpg,2
1667.jpg,2
1668.jpg,2
1669.jpg,2
1670.jpg,2
1671.jpg,2
1672.jpg,2
1673.jpg,2
1674.jpg,2
1675.jpg,2
1676.jpg,2
1677.jpg,2
1678.jpg,2
1679.jpg,2
1680.jpg,2
1681.jpg,2
1682.jpg,2
1683.jpg,2
1684.jpg,2
1685.jpg,2
1686.jpg,2
1687.jpg,2
1688.jpg,2
1689.jpg,2
1690.jpg,2
1691.jpg,2
1692.jpg,2
1693.jpg,3
1694.jpg,2
1695.jpg,2
1696.jpg,2
1697.jpg,2
1698.jpg,2
1699.jpg,2
1700.jpg,2
1701.jpg,2
1702.jpg,2
1703.jpg,2
1704.jpg,2
1705.jpg,2
1706.jpg,2
1707.jpg,6
1708.jpg,4
1709.jpg,3
1710.jpg,1
1711.jpg,4
1712.jpg,1
1713.jpg,6
1714.jpg,6
1715.jpg,1
1716.jpg,1
1717.jpg,4
1718.jpg,1
1719.jpg,6
1720.jpg,4
1721.jpg,6
1722.jpg,6
1723.jpg,4
1724.jpg,1
1725.jpg,1
1726.jpg,1
1727.jpg,8
1728.jpg,4
1729.jpg,8
1730.jpg,1
1731.jpg,4
1732.jpg,3
1733.jpg,1
1734.jpg,1
1735.jpg,1
1736.jpg,6
1737.jpg,4
1738.jpg,1
1739.jpg,3
1740.jpg,1
1741.jpg,3
1742.jpg,6
1743.jpg,1
1744.jpg,3
1745.jpg,1
1746.jpg,4
1747.jpg,1
1748.jpg,6
1749.jpg,1
1750.jpg,1
1751.jpg,6
1752.jpg,3
1753.jpg,1
1754.jpg,4
1755.jpg,6
1756.jpg,6
1757.jpg,6
1758.jpg,1
1759.jpg,1
1760.jpg,6
1761.jpg,3
1762.jpg,4
1763.jpg,3
1764.jpg,4
1765.jpg,1
1766.jpg,1
1767.jpg,3
1768.jpg,6
1769.jpg,3
1770.jpg,1
1771.jpg,8
1772.jpg,3
1773.jpg,7
1774.jpg,6
1775.jpg,1
1776.jpg,6
1777.jpg,6
1778.jpg,3
1779.jpg,0
1780.jpg,3
1781.jpg,3
1782.jpg,1
1783.jpg,3
1784.jpg,3
1785.jpg,6
1786.jpg,3
1787.jpg,3
1788.jpg,7
1789.jpg,7
1790.jpg,1
1791.jpg,3
1792.jpg,3
1793.jpg,6
1794.jpg,4
1795.jpg,6
1796.jpg,6
1797.jpg,6
1798.jpg,3
1799.jpg,4
1800.jpg,4
1801.jpg,4
1802.jpg,7
1803.jpg,3
1804.jpg,4
1805.jpg,4
1806.jpg,4
1807.jpg,3
1808.jpg,3
1809.jpg,3
1810.jpg,4
1811.jpg,4
1812.jpg,3
1813.jpg,7
1814.jpg,7
1815.jpg,1
1816.jpg,1
1817.jpg,4
1818.jpg,4
1819.jpg,4
1820.jpg,4
1821.jpg,6
1822.jpg,6
1823.jpg,4
1824.jpg,4
1825.jpg,3
1826.jpg,1
1827.jpg,1
1828.jpg,1
1829.jpg,3
1830.jpg,1
1831.jpg,1
1832.jpg,1
1833.jpg,1
1834.jpg,1
1835.jpg,1
1836.jpg,6
1837.jpg,6
1838.jpg,1
1839.jpg,1
1840.jpg,1
1841.jpg,6
1842.jpg,1
1843.jpg,1
1844.jpg,1
1845.jpg,6
1846.jpg,6
1847.jpg,1
1848.jpg,6
1849.jpg,1
1850.jpg,1
1851.jpg,6
1852.jpg,6
1853.jpg,1
1854.jpg,6
1855.jpg,6
1856.jpg,6
1857.jpg,6
1858.jpg,1
1859.jpg,6
1860.jpg,6
1861.jpg,6
1862.jpg,1
1863.jpg,8
1864.jpg,6
1865.jpg,4
1866.jpg,1
1867.jpg,6
1868.jpg,6
1869.jpg,6
1870.jpg,1
1871.jpg,1
1872.jpg,6
1873.jpg,6
1874.jpg,1
1875.jpg,6
1876.jpg,1
1877.jpg,1
1878.jpg,3
1879.jpg,1
1880.jpg,6
1881.jpg,6
1882.jpg,1
1883.jpg,6
1884.jpg,6
1885.jpg,3
1886.jpg,3
1887.jpg,3
1888.jpg,1
1889.jpg,1
1890.jpg,3
1891.jpg,3
1892.jpg,3
1893.jpg,1
1894.jpg,3
1895.jpg,4
1896.jpg,1
1897.jpg,3
1898.jpg,4
1899.jpg,3
1900.jpg,1
1901.jpg,4
1902.jpg,1
1903.jpg,1
1904.jpg,4
1905.jpg,3
1906.jpg,6
1907.jpg,3
1908.jpg,1
1909.jpg,4
1910.jpg,4
1911.jpg,1
1912.jpg,4
1913.jpg,6
1914.jpg,1
1915.jpg,3
1916.jpg,6
1917.jpg,1
1918.jpg,6
1919.jpg,4
1920.jpg,3
1921.jpg,1
1922.jpg,7
1923.jpg,1
1924.jpg,1
1925.jpg,4
1926.jpg,4
1927.jpg,1
1928.jpg,1
1929.jpg,1
1930.jpg,6
1931.jpg,3
1932.jpg,3
1933.jpg,4
1934.jpg,1
1935.jpg,3
1936.jpg,4
1937.jpg,4
1938.jpg,1
1939.jpg,3
1940.jpg,6
1941.jpg,4
1942.jpg,6
1943.jpg,1
1944.jpg,1
1945.jpg,1
1946.jpg,4
1947.jpg,3
1948.jpg,3
1949.jpg,1
1950.jpg,3
1951.jpg,1
1952.jpg,1
1953.jpg,1
1954.jpg,4
1955.jpg,1
1956.jpg,5
1957.jpg,3
1958.jpg,4
1959.jpg,6
1960.jpg,1
1961.jpg,3
1962.jpg,1
1963.jpg,1
1964.jpg,4
1965.jpg,4
1966.jpg,3
1967.jpg,3
1968.jpg,3
1969.jpg,3
1970.jpg,1
1971.jpg,1
1972.jpg,3
1973.jpg,1
1974.jpg,1
1975.jpg,3
1976.jpg,4
1977.jpg,3
1978.jpg,1
1979.jpg,1
1980.jpg,3
1981.jpg,1
1982.jpg,1
1983.jpg,3
1984.jpg,1
1985.jpg,1
1986.jpg,3
1987.jpg,3
1988.jpg,4
1989.jpg,3
1990.jpg,4
1991.jpg,1
1992.jpg,5
1993.jpg,4
1994.jpg,3
1995.jpg,3
1996.jpg,1
1997.jpg,1
1998.jpg,1
1999.jpg,1
2000.jpg,1
2001.jpg,1
2002.jpg,1
2003.jpg,1
2004.jpg,1
2005.jpg,1
2006.jpg,1
2007.jpg,1
2008.jpg,1
2009.jpg,6
2010.jpg,1
2011.jpg,1
2012.jpg,6
2013.jpg,1
2014.jpg,1
2015.jpg,1
2016.jpg,1
2017.jpg,1
2018.jpg,1
2019.jpg,1
2020.jpg,1
2021.jpg,1
2022.jpg,1
2023.jpg,1
2024.jpg,1
2025.jpg,1
2026.jpg,1
2027.jpg,6
2028.jpg,1
2029.jpg,6
2030.jpg,1
2031.jpg,1
2032.jpg,1
2033.jpg,3
2034.jpg,6
2035.jpg,1
2036.jpg,1
2037.jpg,1
2038.jpg,1
2039.jpg,1
2040.jpg,6
2041.jpg,1
2042.jpg,1
2043.jpg,6
2044.jpg,6
2045.jpg,1
2046.jpg,1
2047.jpg,1
2048.jpg,1
2049.jpg,1
2050.jpg,1
2051.jpg,1
2052.jpg,1
2053.jpg,1
2054.jpg,1
2055.jpg,4
2056.jpg,1
2057.jpg,1
2058.jpg,1
2059.jpg,7
2060.jpg,1
2061.jpg,1
2062.jpg,1
2063.jpg,1
2064.jpg,4
2065.jpg,1
2066.jpg,1
2067.jpg,3
2068.jpg,3
2069.jpg,3
2070.jpg,3
2071.jpg,4
2072.jpg,4
2073.jpg,3
2074.jpg,4
2075.jpg,6
2076.jpg,4
2077.jpg,0
2078.jpg,3
2079.jpg,6
2080.jpg,3
2081.jpg,1
2082.jpg,3
2083.jpg,3
2084.jpg,6
2085.jpg,4
2086.jpg,3
2087.jpg,3
2088.jpg,3
2089.jpg,3
2090.jpg,6
2091.jpg,3
2092.jpg,3
2093.jpg,6
2094.jpg,4
2095.jpg,4
2096.jpg,4
2097.jpg,3
2098.jpg,6
2099.jpg,3
2100.jpg,6
2101.jpg,6
2102.jpg,3
2103.jpg,0
2104.jpg,7
2105.jpg,3
2106.jpg,6
2107.jpg,6
2108.jpg,7
2109.jpg,4
2110.jpg,3
2111.jpg,3
2112.jpg,6
2113.jpg,3
2114.jpg,4
2115.jpg,3
2116.jpg,3
2117.jpg,4
2118.jpg,0
2119.jpg,1
2120.jpg,3
2121.jpg,0
2122.jpg,4
2123.jpg,0
2124.jpg,3
2125.jpg,5
2126.jpg,1
2127.jpg,1
2128.jpg,1
2129.jpg,1
2130.jpg,1
2131.jpg,1
2132.jpg,1
2133.jpg,1
2134.jpg,3
2135.jpg,5
2136.jpg,2
2137.jpg,1
2138.jpg,1
2139.jpg,1
2140.jpg,1
2141.jpg,1
2142.jpg,1
2143.jpg,1
2144.jpg,1
2145.jpg,1
2146.jpg,1
2147.jpg,1
2148.jpg,1
2149.jpg,1
2150.jpg,1
2151.jpg,1
2152.jpg,1
2153.jpg,1
2154.jpg,1
2155.jpg,1
2156.jpg,1
2157.jpg,1
2158.jpg,1
2159.jpg,1
2160.jpg,1
2161.jpg,1
2162.jpg,1
2163.jpg,1
2164.jpg,1
2165.jpg,1
2166.jpg,1
2167.jpg,1
2168.jpg,1
2169.jpg,1
2170.jpg,1
2171.jpg,4
2172.jpg,1
2173.jpg,1
2174.jpg,1
2175.jpg,1
2176.jpg,1
2177.jpg,1
2178.jpg,1
2179.jpg,1
2180.jpg,1
2181.jpg,1
2182.jpg,1
2183.jpg,1
2184.jpg,1
2185.jpg,1
2186.jpg,1
2187.jpg,1
2188.jpg,1
2189.jpg,1
2190.jpg,1
2191.jpg,1
2192.jpg,1
2193.jpg,1
2194.jpg,1
2195.jpg,1
2196.jpg,1
2197.jpg,1
2198.jpg,1
2199.jpg,1
2200.jpg,1
2201.jpg,1
2202.jpg,1
2203.jpg,1
2204.jpg,1
2205.jpg,1
2206.jpg,1
2207.jpg,1
2208.jpg,1
2209.jpg,1
2210.jpg,1
2211.jpg,1
2212.jpg,1
2213.jpg,6
2214.jpg,1
2215.jpg,1
2216.jpg,1
2217.jpg,1
2218.jpg,1
2219.jpg,1
2220.jpg,1
2221.jpg,1
2222.jpg,1
2223.jpg,1
2224.jpg,1
2225.jpg,1
2226.jpg,1
2227.jpg,1
2228.jpg,1
2229.jpg,1
2230.jpg,1
2231.jpg,1
2232.jpg,1
2233.jpg,1
2234.jpg,1
2235.jpg,1
2236.jpg,1
2237.jpg,1
2238.jpg,1
2239.jpg,1
2240.jpg,1
2241.jpg,1
2242.jpg,1
2243.jpg,1
2244.jpg,1
2245.jpg,1
2246.jpg,1
2247.jpg,1
2248.jpg,3
2249.jpg,1
2250.jpg,1
2251.jpg,1
2252.jpg,1
2253.jpg,1
2254.jpg,1
2255.jpg,1
2256.jpg,3
2257.jpg,6
2258.jpg,4
2259.jpg,1
2260.jpg,6
2261.jpg,1
2262.jpg,6
2263.jpg,1
2264.jpg,1
2265.jpg,1
2266.jpg,1
2267.jpg,6
2268.jpg,6
2269.jpg,1
2270.jpg,1
2271.jpg,1
2272.jpg,4
2273.jpg,1
2274.jpg,4
2275.jpg,6
2276.jpg,1
2277.jpg,1
2278.jpg,1
2279.jpg,1
2280.jpg,1
2281.jpg,1
2282.jpg,1
2283.jpg,6
2284.jpg,1
2285.jpg,6
2286.jpg,1
2287.jpg,1
2288.jpg,1
2289.jpg,6
2290.jpg,1
2291.jpg,1
2292.jpg,6
2293.jpg,1
2294.jpg,6
2295.jpg,4
2296.jpg,6
2297.jpg,1
2298.jpg,1
2299.jpg,1
2300.jpg,6
2301.jpg,1
2302.jpg,1
2303.jpg,1
2304.jpg,4
2305.jpg,1
2306.jpg,1
2307.jpg,1
2308.jpg,1
2309.jpg,1
2310.jpg,1
2311.jpg,1
2312.jpg,5
2313.jpg,5
2314.jpg,1
2315.jpg,1
2316.jpg,1
2317.jpg,1
2318.jpg,5
2319.jpg,1
2320.jpg,3
2321.jpg,1
2322.jpg,1
2323.jpg,1
2324.jpg,4
2325.jpg,5
2326.jpg,1
2327.jpg,1
2328.jpg,1
2329.jpg,1
2330.jpg,1
2331.jpg,1
2332.jpg,1
2333.jpg,1
2334.jpg,5
2335.jpg,5
2336.jpg,1
2337.jpg,5
2338.jpg,5
2339.jpg,1
2340.jpg,1
2341.jpg,5
2342.jpg,1
2343.jpg,1
2344.jpg,1
2345.jpg,1
2346.jpg,1
2347.jpg,1
2348.jpg,1
2349.jpg,1
2350.jpg,1
2351.jpg,1
2352.jpg,1
2353.jpg,1
2354.jpg,1
2355.jpg,1
2356.jpg,1
2357.jpg,1
2358.jpg,1
2359.jpg,1
2360.jpg,5
2361.jpg,1
2362.jpg,1
2363.jpg,1
2364.jpg,0
2365.jpg,0
2366.jpg,5
2367.jpg,7
2368.jpg,1
2369.jpg,7
2370.jpg,6
2371.jpg,7
2372.jpg,1
2373.jpg,1
2374.jpg,1
2375.jpg,1
2376.jpg,1
2377.jpg,5
2378.jpg,7
2379.jpg,6
2380.jpg,1
2381.jpg,1
2382.jpg,1
2383.jpg,1
2384.jpg,1
2385.jpg,1
2386.jpg,1
2387.jpg,4
2388.jpg,1
2389.jpg,4
2390.jpg,1
2391.jpg,1
2392.jpg,3
2393.jpg,1
2394.jpg,1
2395.jpg,3
2396.jpg,3
2397.jpg,6
2398.jpg,1
2399.jpg,1
2400.jpg,6
2401.jpg,1
2402.jpg,1
2403.jpg,1
2404.jpg,1
2405.jpg,1
2406.jpg,1
2407.jpg,1
2408.jpg,1
2409.jpg,1
2410.jpg,1
2411.jpg,1
2412.jpg,3
2413.jpg,1
2414.jpg,1
2415.jpg,1
2416.jpg,1
2417.jpg,1
2418.jpg,1
2419.jpg,1
2420.jpg,1
2421.jpg,6
2422.jpg,1
2423.jpg,3
2424.jpg,7
2425.jpg,1
2426.jpg,1
2427.jpg,1
2428.jpg,1
2429.jpg,7
2430.jpg,4
2431.jpg,1
2432.jpg,1
2433.jpg,1
2434.jpg,6
2435.jpg,1
2436.jpg,1
2437.jpg,1
2438.jpg,1
2439.jpg,6
2440.jpg,4
2441.jpg,1
2442.jpg,1
2443.jpg,1
2444.jpg,1
2445.jpg,1
2446.jpg,1
2447.jpg,1
2448.jpg,1
2449.jpg,1
2450.jpg,1
2451.jpg,6
2452.jpg,6
2453.jpg,1
2454.jpg,4
2455.jpg,1
2456.jpg,6
2457.jpg,1
2458.jpg,1
2459.jpg,6
2460.jpg,6
2461.jpg,1
2462.jpg,6
2463.jpg,1
2464.jpg,1
2465.jpg,6
2466.jpg,6
2467.jpg,6
2468.jpg,6
2469.jpg,1
2470.jpg,1
2471.jpg,1
2472.jpg,1
2473.jpg,1
2474.jpg,1
2475.jpg,1
2476.jpg,1
2477.jpg,1
2478.jpg,1
2479.jpg,1
2480.jpg,1
2481.jpg,4
2482.jpg,1
2483.jpg,1
2484.jpg,6
2485.jpg,6
2486.jpg,6
2487.jpg,1
2488.jpg,6
2489.jpg,1
2490.jpg,6
2491.jpg,1
2492.jpg,1
2493.jpg,1
2494.jpg,6
2495.jpg,1
2496.jpg,1
2497.jpg,1
2498.jpg,6
2499.jpg,1
2500.jpg,6
2501.jpg,1
2502.jpg,4
2503.jpg,6
2504.jpg,6
2505.jpg,6
2506.jpg,6
2507.jpg,6
2508.jpg,1
2509.jpg,1
2510.jpg,1
2511.jpg,6
2512.jpg,1
2513.jpg,6
2514.jpg,6
2515.jpg,1
2516.jpg,1
2517.jpg,6
2518.jpg,1
2519.jpg,6
2520.jpg,6
2521.jpg,1
2522.jpg,1
2523.jpg,6
2524.jpg,1
2525.jpg,1
2526.jpg,1
2527.jpg,3
2528.jpg,1
2529.jpg,6
2530.jpg,1
2531.jpg,1
2532.jpg,0
2533.jpg,1
2534.jpg,8
2535.jpg,1
2536.jpg,6
2537.jpg,3
2538.jpg,1
2539.jpg,6
2540.jpg,6
2541.jpg,1
2542.jpg,1
2543.jpg,6
2544.jpg,1
2545.jpg,6
2546.jpg,1
2547.jpg,1
2548.jpg,1
2549.jpg,1
2550.jpg,1
2551.jpg,1
2552.jpg,1
2553.jpg,1
2554.jpg,1
2555.jpg,1
2556.jpg,4
2557.jpg,1
2558.jpg,5
2559.jpg,1
2560.jpg,1
2561.jpg,1
2562.jpg,3
2563.jpg,3
2564.jpg,1
2565.jpg,1
2566.jpg,3
2567.jpg,1
2568.jpg,1
2569.jpg,1
2570.jpg,1
2571.jpg,1
2572.jpg,3
2573.jpg,1
2574.jpg,1
2575.jpg,1
2576.jpg,4
2577.jpg,4
2578.jpg,1
2579.jpg,4
2580.jpg,1
2581.jpg,6
2582.jpg,1
2583.jpg,1
2584.jpg,1
2585.jpg,1
2586.jpg,3
2587.jpg,1
2588.jpg,1
2589.jpg,1
2590.jpg,1
2591.jpg,1
2592.jpg,1
2593.jpg,1
2594.jpg,1
2595.jpg,4
2596.jpg,1
2597.jpg,1
2598.jpg,4
2599.jpg,1
2600.jpg,1
2601.jpg,1
2602.jpg,1
2603.jpg,1
2604.jpg,1
2605.jpg,1
2606.jpg,1
2607.jpg,6
2608.jpg,1
2609.jpg,6
2610.jpg,6
2611.jpg,6
2612.jpg,1
2613.jpg,1
2614.jpg,3
2615.jpg,1
2616.jpg,1
2617.jpg,1
2618.jpg,1
2619.jpg,1
2620.jpg,3
2621.jpg,3
2622.jpg,7
2623.jpg,3
2624.jpg,1
2625.jpg,6
2626.jpg,6
2627.jpg,1
2628.jpg,3
2629.jpg,6
2630.jpg,4
2631.jpg,7
2632.jpg,6
2633.jpg,6
2634.jpg,6
2635.jpg,6
2636.jpg,1
2637.jpg,8
2638.jpg,3
2639.jpg,1
2640.jpg,1
2641.jpg,1
2642.jpg,1
2643.jpg,1
2644.jpg,7
2645.jpg,6
2646.jpg,1
2647.jpg,8
2648.jpg,1
2649.jpg,1
2650.jpg,6
2651.jpg,1
2652.jpg,6
2653.jpg,1
2654.jpg,3
2655.jpg,4
2656.jpg,3
2657.jpg,1
2658.jpg,1
2659.jpg,3
2660.jpg,6
2661.jpg,6
2662.jpg,1
2663.jpg,6
2664.jpg,1
2665.jpg,1
2666.jpg,3
2667.jpg,0
2668.jpg,4
2669.jpg,4
2670.jpg,1
2671.jpg,4
2672.jpg,1
2673.jpg,1
2674.jpg,6
2675.jpg,1
2676.jpg,6
2677.jpg,4
2678.jpg,7
2679.jpg,1
2680.jpg,8
2681.jpg,1
2682.jpg,1
2683.jpg,4
2684.jpg,6
2685.jpg,4
2686.jpg,6
2687.jpg,4
2688.jpg,4
2689.jpg,6
2690.jpg,2
2691.jpg,2
2692.jpg,3
2693.jpg,1
2694.jpg,1
2695.jpg,4
2696.jpg,1
2697.jpg,2
2698.jpg,4
2699.jpg,1
2700.jpg,1
2701.jpg,1
2702.jpg,7
2703.jpg,4
2704.jpg,4
2705.jpg,6
2706.jpg,4
2707.jpg,1
2708.jpg,1
2709.jpg,6
2710.jpg,1
2711.jpg,1
2712.jpg,3
2713.jpg,4
2714.jpg,4
2715.jpg,4
2716.jpg,4
2717.jpg,4
2718.jpg,6
2719.jpg,4
2720.jpg,4
2721.jpg,7
2722.jpg,1
2723.jpg,6
2724.jpg,1
2725.jpg,6
2726.jpg,6
2727.jpg,1
2728.jpg,6
2729.jpg,1
2730.jpg,6
2731.jpg,1
2732.jpg,3
2733.jpg,1
2734.jpg,3
2735.jpg,1
2736.jpg,1
2737.jpg,4
2738.jpg,1
2739.jpg,1
2740.jpg,1
2741.jpg,1
2742.jpg,1
2743.jpg,8
2744.jpg,1
2745.jpg,1
2746.jpg,3
2747.jpg,3
2748.jpg,3
2749.jpg,1
2750.jpg,6
2751.jpg,4
2752.jpg,1
2753.jpg,6
2754.jpg,8
2755.jpg,1
2756.jpg,1
2757.jpg,4
2758.jpg,8
2759.jpg,6
2760.jpg,6
2761.jpg,1
2762.jpg,1
2763.jpg,6
2764.jpg,1
2765.jpg,6
2766.jpg,6
2767.jpg,4
2768.jpg,1
2769.jpg,6
2770.jpg,7
2771.jpg,1
2772.jpg,6
2773.jpg,1
2774.jpg,6
2775.jpg,4
2776.jpg,1
2777.jpg,6
2778.jpg,6
2779.jpg,6
2780.jpg,1
2781.jpg,6
2782.jpg,8
2783.jpg,6
2784.jpg,3
2785.jpg,3
2786.jpg,3
2787.jpg,6
2788.jpg,2
2789.jpg,2
2790.jpg,2
2791.jpg,6
2792.jpg,6
2793.jpg,2
2794.jpg,6
2795.jpg,3
2796.jpg,6
2797.jpg,4
2798.jpg,3
2799.jpg,3
2800.jpg,6
2801.jpg,6
2802.jpg,4
2803.jpg,3
2804.jpg,4
2805.jpg,0
2806.jpg,3
2807.jpg,0
2808.jpg,3
2809.jpg,3
2810.jpg,3
2811.jpg,3
2812.jpg,0
2813.jpg,3
2814.jpg,2
2815.jpg,0
2816.jpg,4
2817.jpg,3
2818.jpg,4
2819.jpg,2
2820.jpg,3
2821.jpg,0
2822.jpg,6
2823.jpg,6
2824.jpg,3
2825.jpg,3
2826.jpg,6
2827.jpg,7
2828.jpg,3
2829.jpg,7
2830.jpg,3
2831.jpg,3
2832.jpg,3
2833.jpg,3
2834.jpg,3
2835.jpg,0
2836.jpg,3
2837.jpg,3
2838.jpg,2
2839.jpg,3
2840.jpg,2
2841.jpg,3
2842.jpg,3
2843.jpg,3
2844.jpg,1
2845.jpg,1
2846.jpg,1
2847.jpg,1
2848.jpg,0
2849.jpg,1
2850.jpg,1
2851.jpg,5
2852.jpg,1
2853.jpg,1
2854.jpg,1
2855.jpg,1
2856.jpg,5
2857.jpg,1
2858.jpg,0
2859.jpg,1
2860.jpg,1
2861.jpg,1
2862.jpg,1
2863.jpg,5
2864.jpg,1
2865.jpg,1
2866.jpg,1
2867.jpg,1
2868.jpg,1
2869.jpg,1
2870.jpg,5
2871.jpg,1
2872.jpg,1
2873.jpg,1
2874.jpg,1
2875.jpg,1
2876.jpg,1
2877.jpg,1
2878.jpg,1
2879.jpg,1
2880.jpg,1
2881.jpg,1
2882.jpg,1
2883.jpg,1
2884.jpg,1
2885.jpg,5
2886.jpg,1
2887.jpg,1
2888.jpg,1
2889.jpg,1
2890.jpg,5
2891.jpg,1
2892.jpg,5
2893.jpg,1
2894.jpg,6
2895.jpg,1
2896.jpg,1
2897.jpg,5
2898.jpg,1
2899.jpg,1
2900.jpg,1
2901.jpg,3
2902.jpg,1
2903.jpg,1
2904.jpg,1
2905.jpg,1
2906.jpg,4
2907.jpg,1
2908.jpg,4
2909.jpg,1
2910.jpg,4
2911.jpg,4
2912.jpg,1
2913.jpg,1
2914.jpg,1
2915.jpg,1
2916.jpg,7
2917.jpg,1
2918.jpg,1
2919.jpg,3
2920.jpg,7
2921.jpg,1
2922.jpg,6
2923.jpg,1
2924.jpg,1
2925.jpg,6
2926.jpg,1
2927.jpg,4
2928.jpg,7
2929.jpg,7
2930.jpg,7
2931.jpg,1
2932.jpg,1
2933.jpg,1
2934.jpg,1
2935.jpg,1
2936.jpg,3
2937.jpg,1
2938.jpg,1
2939.jpg,5
2940.jpg,1
2941.jpg,1
2942.jpg,1
2943.jpg,1
2944.jpg,6
2945.jpg,4
2946.jpg,1
2947.jpg,1
2948.jpg,7
2949.jpg,7
2950.jpg,4
2951.jpg,1
2952.jpg,7
2953.jpg,3
2954.jpg,1
2955.jpg,1
2956.jpg,1
2957.jpg,4
2958.jpg,1
2959.jpg,3
2960.jpg,7
2961.jpg,1
2962.jpg,4
2963.jpg,1
2964.jpg,1
2965.jpg,1
2966.jpg,1
2967.jpg,1
2968.jpg,1
2969.jpg,1
2970.jpg,1
2971.jpg,1
2972.jpg,1
2973.jpg,1
2974.jpg,1
2975.jpg,1
2976.jpg,1
2977.jpg,1
2978.jpg,1
2979.jpg,1
2980.jpg,1
2981.jpg,1
2982.jpg,1
2983.jpg,1
2984.jpg,1
2985.jpg,1
2986.jpg,1
2987.jpg,1
2988.jpg,1
2989.jpg,1
2990.jpg,1
2991.jpg,1
2992.jpg,1
2993.jpg,1
2994.jpg,1
2995.jpg,1
2996.jpg,1
2997.jpg,1
2998.jpg,1
2999.jpg,1
3000.jpg,1
3001.jpg,1
3002.jpg,1
3003.jpg,1
3004.jpg,1
3005.jpg,1
3006.jpg,1
3007.jpg,1
3008.jpg,1
3009.jpg,1
3010.jpg,1
3011.jpg,1
3012.jpg,1
3013.jpg,0
3014.jpg,1
3015.jpg,1
3016.jpg,1
3017.jpg,1
3018.jpg,1
3019.jpg,1
3020.jpg,1
3021.jpg,1
3022.jpg,6
3023.jpg,3
3024.jpg,3
3025.jpg,1
3026.jpg,6
3027.jpg,7
3028.jpg,3
3029.jpg,6
3030.jpg,1
3031.jpg,1
3032.jpg,3
3033.jpg,4
3034.jpg,4
3035.jpg,6
3036.jpg,6
3037.jpg,7
3038.jpg,5
3039.jpg,4
3040.jpg,1
3041.jpg,6
3042.jpg,1
3043.jpg,1
3044.jpg,6
3045.jpg,1
3046.jpg,1
3047.jpg,6
3048.jpg,7
3049.jpg,7
3050.jpg,6
3051.jpg,6
3052.jpg,1
3053.jpg,1
3054.jpg,6
3055.jpg,3
3056.jpg,4
3057.jpg,1
3058.jpg,1
3059.jpg,4
3060.jpg,4
3061.jpg,7
3062.jpg,0
3063.jpg,7
3064.jpg,6
3065.jpg,4
3066.jpg,1
3067.jpg,1
3068.jpg,1
3069.jpg,4
3070.jpg,1
3071.jpg,6
3072.jpg,1
3073.jpg,1
3074.jpg,3
3075.jpg,3
3076.jpg,3
3077.jpg,7
3078.jpg,3
3079.jpg,6
3080.jpg,4
3081.jpg,7
3082.jpg,1
3083.jpg,1
3084.jpg,1
3085.jpg,3
3086.jpg,6
3087.jpg,1
3088.jpg,1
3089.jpg,1
3090.jpg,1
3091.jpg,1
3092.jpg,1
3093.jpg,1
3094.jpg,1
3095.jpg,1
3096.jpg,1
3097.jpg,1
3098.jpg,1
3099.jpg,1
3100.jpg,7
3101.jpg,1
3102.jpg,6
3103.jpg,6
3104.jpg,1
3105.jpg,1
3106.jpg,3
3107.jpg,1
3108.jpg,0
3109.jpg,1
3110.jpg,1
3111.jpg,1
3112.jpg,1
3113.jpg,1
3114.jpg,1
3115.jpg,1
3116.jpg,1
3117.jpg,1
3118.jpg,1
3119.jpg,1
3120.jpg,6
3121.jpg,1
3122.jpg,1
3123.jpg,1
3124.jpg,1
3125.jpg,1
3126.jpg,1
3127.jpg,1
3128.jpg,1
3129.jpg,1
3130.jpg,1
3131.jpg,1
3132.jpg,1
3133.jpg,1
3134.jpg,1
3135.jpg,1
3136.jpg,1
3137.jpg,1
3138.jpg,1
3139.jpg,6
3140.jpg,1
3141.jpg,1
3142.jpg,4
3143.jpg,1
3144.jpg,1
3145.jpg,1
3146.jpg,1
3147.jpg,6
3148.jpg,4
3149.jpg,1
3150.jpg,4
3151.jpg,4
3152.jpg,1
3153.jpg,1
3154.jpg,1
3155.jpg,3
3156.jpg,1
3157.jpg,1
3158.jpg,3
3159.jpg,4
3160.jpg,7
3161.jpg,4
3162.jpg,1
3163.jpg,3
3164.jpg,4
3165.jpg,1
3166.jpg,3
3167.jpg,3
3168.jpg,7
3169.jpg,3
3170.jpg,3
3171.jpg,4
3172.jpg,4
3173.jpg,3
3174.jpg,3
3175.jpg,4
3176.jpg,4
3177.jpg,3
3178.jpg,6
3179.jpg,4
3180.jpg,3
3181.jpg,3
3182.jpg,1
3183.jpg,1
3184.jpg,4
3185.jpg,1
3186.jpg,7
3187.jpg,1
3188.jpg,6
3189.jpg,1
3190.jpg,1
3191.jpg,1
3192.jpg,7
3193.jpg,1
3194.jpg,1
3195.jpg,1
3196.jpg,7
3197.jpg,1
3198.jpg,1
3199.jpg,6
3200.jpg,3
3201.jpg,7
3202.jpg,3
3203.jpg,1
3204.jpg,1
3205.jpg,1
3206.jpg,1
3207.jpg,1
3208.jpg,1
3209.jpg,1
3210.jpg,3
3211.jpg,1
3212.jpg,1
3213.jpg,1
3214.jpg,1
3215.jpg,1
3216.jpg,1
3217.jpg,3
3218.jpg,1
3219.jpg,4
3220.jpg,4
3221.jpg,1
3222.jpg,1
3223.jpg,1
3224.jpg,1
3225.jpg,1
3226.jpg,1
3227.jpg,4
3228.jpg,1
3229.jpg,1
3230.jpg,1
3231.jpg,1
3232.jpg,1
3233.jpg,1
3234.jpg,3
3235.jpg,1
3236.jpg,1
3237.jpg,1
3238.jpg,1
3239.jpg,1
3240.jpg,1
3241.jpg,1
3242.jpg,1
3243.jpg,5
3244.jpg,1
3245.jpg,6
3246.jpg,3
3247.jpg,1
3248.jpg,6
3249.jpg,1
3250.jpg,1
3251.jpg,1
3252.jpg,1
3253.jpg,4
3254.jpg,1
3255.jpg,1
3256.jpg,3
3257.jpg,1
3258.jpg,1
3259.jpg,1
3260.jpg,4
3261.jpg,1
3262.jpg,1
3263.jpg,3
3264.jpg,1
3265.jpg,1
3266.jpg,1
3267.jpg,1
3268.jpg,3
3269.jpg,1
3270.jpg,1
3271.jpg,1
3272.jpg,6
3273.jpg,3
3274.jpg,1
3275.jpg,6
3276.jpg,1
3277.jpg,1
3278.jpg,1
3279.jpg,1
3280.jpg,6
3281.jpg,6
3282.jpg,1
3283.jpg,1
3284.jpg,6
3285.jpg,3
3286.jpg,6
3287.jpg,1
3288.jpg,1
3289.jpg,3
3290.jpg,4
3291.jpg,1
3292.jpg,4
3293.jpg,1
3294.jpg,1
3295.jpg,1
3296.jpg,4
3297.jpg,1
3298.jpg,1
3299.jpg,1
3300.jpg,4
3301.jpg,1
3302.jpg,3
3303.jpg,1
3304.jpg,1
3305.jpg,3
3306.jpg,6
3307.jpg,1
3308.jpg,3
3309.jpg,3
3310.jpg,1
3311.jpg,4
3312.jpg,1
3313.jpg,5
3314.jpg,1
3315.jpg,1
3316.jpg,4
3317.jpg,1
3318.jpg,1
3319.jpg,1
3320.jpg,1
3321.jpg,3
3322.jpg,4
3323.jpg,3
3324.jpg,7
3325.jpg,3
3326.jpg,4
3327.jpg,3
3328.jpg,3
3329.jpg,6
3330.jpg,4
3331.jpg,3
3332.jpg,6
3333.jpg,4
3334.jpg,3
3335.jpg,3
3336.jpg,3
3337.jpg,3
3338.jpg,3
3339.jpg,3
3340.jpg,3
3341.jpg,4
3342.jpg,4
3343.jpg,3
3344.jpg,3
3345.jpg,3
3346.jpg,3
3347.jpg,3
3348.jpg,3
3349.jpg,3
3350.jpg,3
3351.jpg,4
3352.jpg,1
3353.jpg,3
3354.jpg,3
3355.jpg,3
3356.jpg,4
3357.jpg,3
3358.jpg,3
3359.jpg,3
3360.jpg,4
3361.jpg,3
3362.jpg,3
3363.jpg,3
3364.jpg,6
3365.jpg,3
3366.jpg,3
3367.jpg,4
3368.jpg,3
3369.jpg,1
3370.jpg,3
3371.jpg,4
3372.jpg,3
3373.jpg,3
3374.jpg,3
3375.jpg,3
3376.jpg,4
3377.jpg,1
3378.jpg,3
3379.jpg,3
3380.jpg,4
3381.jpg,4
3382.jpg,1
3383.jpg,1
3384.jpg,1
3385.jpg,1
3386.jpg,1
3387.jpg,3
3388.jpg,1
3389.jpg,1
3390.jpg,1
3391.jpg,3
3392.jpg,1
3393.jpg,1
3394.jpg,1
3395.jpg,4
3396.jpg,1
3397.jpg,1
3398.jpg,1
3399.jpg,4
3400.jpg,3
3401.jpg,3
3402.jpg,1
3403.jpg,1
3404.jpg,4
3405.jpg,1
3406.jpg,4
3407.jpg,6
3408.jpg,1
3409.jpg,3
3410.jpg,1
3411.jpg,3
3412.jpg,4
3413.jpg,3
3414.jpg,1
3415.jpg,3
3416.jpg,3
3417.jpg,3
3418.jpg,3
3419.jpg,1
3420.jpg,1
3421.jpg,3
3422.jpg,1
3423.jpg,6
3424.jpg,1
3425.jpg,8
3426.jpg,5
3427.jpg,1
3428.jpg,1
3429.jpg,4
3430.jpg,6
3431.jpg,6
3432.jpg,1
3433.jpg,1
3434.jpg,8
3435.jpg,1
3436.jpg,1
3437.jpg,1
3438.jpg,1
3439.jpg,1
3440.jpg,4
3441.jpg,1
3442.jpg,6
3443.jpg,1
3444.jpg,1
3445.jpg,1
3446.jpg,3
3447.jpg,1
3448.jpg,1
3449.jpg,6
3450.jpg,6
3451.jpg,7
3452.jpg,7
3453.jpg,1
3454.jpg,7
3455.jpg,7
3456.jpg,1
3457.jpg,6
3458.jpg,6
3459.jpg,1
3460.jpg,3
3461.jpg,0
3462.jpg,1
3463.jpg,7
3464.jpg,1
3465.jpg,1
3466.jpg,1
3467.jpg,1
3468.jpg,1
3469.jpg,1
3470.jpg,1
3471.jpg,1
3472.jpg,7
3473.jpg,1
3474.jpg,1
3475.jpg,7
3476.jpg,1
3477.jpg,6
3478.jpg,7
3479.jpg,4
3480.jpg,6
3481.jpg,4
3482.jpg,3
3483.jpg,3
3484.jpg,1
3485.jpg,6
3486.jpg,6
3487.jpg,7
3488.jpg,3
3489.jpg,1
3490.jpg,6
3491.jpg,1
3492.jpg,3
3493.jpg,6
3494.jpg,3
3495.jpg,1
3496.jpg,1
3497.jpg,6
3498.jpg,6
3499.jpg,4
3500.jpg,1
3501.jpg,6
3502.jpg,1
3503.jpg,1
3504.jpg,6
3505.jpg,6
3506.jpg,6
3507.jpg,6
3508.jpg,7
3509.jpg,7
3510.jpg,7
3511.jpg,1
3512.jpg,6
3513.jpg,3
3514.jpg,1
3515.jpg,6
3516.jpg,1
3517.jpg,1
3518.jpg,1
3519.jpg,4
3520.jpg,1
3521.jpg,1
3522.jpg,1
3523.jpg,1
3524.jpg,3
3525.jpg,1
3526.jpg,1
3527.jpg,6
3528.jpg,6
3529.jpg,1
3530.jpg,6
3531.jpg,1
3532.jpg,6
3533.jpg,6
3534.jpg,1
3535.jpg,7
3536.jpg,1
3537.jpg,1
3538.jpg,1
3539.jpg,1
3540.jpg,1
3541.jpg,5
3542.jpg,6
3543.jpg,1
3544.jpg,1
3545.jpg,1
3546.jpg,1
3547.jpg,1
3548.jpg,1
3549.jpg,1
3550.jpg,6
3551.jpg,6
3552.jpg,6
3553.jpg,7
3554.jpg,6
3555.jpg,6
3556.jpg,6
3557.jpg,1
3558.jpg,1
3559.jpg,1
3560.jpg,1
3561.jpg,1
3562.jpg,1
3563.jpg,4
3564.jpg,6
3565.jpg,6
3566.jpg,4
3567.jpg,6
3568.jpg,6
3569.jpg,4
3570.jpg,4
3571.jpg,3
3572.jpg,1
3573.jpg,6
3574.jpg,1
3575.jpg,1
3576.jpg,1
3577.jpg,1
3578.jpg,1
3579.jpg,1
3580.jpg,1
3581.jpg,1
3582.jpg,1
3583.jpg,1
3584.jpg,4
3585.jpg,4
3586.jpg,4
3587.jpg,4
3588.jpg,4
3589.jpg,1
3590.jpg,3
3591.jpg,1
3592.jpg,1
3593.jpg,4
3594.jpg,4
3595.jpg,1
3596.jpg,1
3597.jpg,1
3598.jpg,4
3599.jpg,4
3600.jpg,1
3601.jpg,1
3602.jpg,1
3603.jpg,3
3604.jpg,1
3605.jpg,1
3606.jpg,6
3607.jpg,4
3608.jpg,1
3609.jpg,1
3610.jpg,4
3611.jpg,4
3612.jpg,1
3613.jpg,1
3614.jpg,4
3615.jpg,4
3616.jpg,4
3617.jpg,1
3618.jpg,4
3619.jpg,1
3620.jpg,4
3621.jpg,1
3622.jpg,1
3623.jpg,1
3624.jpg,1
3625.jpg,1
3626.jpg,1
3627.jpg,1
3628.jpg,3
3629.jpg,6
3630.jpg,1
3631.jpg,1
3632.jpg,1
3633.jpg,1
3634.jpg,1
3635.jpg,6
3636.jpg,1
3637.jpg,1
3638.jpg,6
3639.jpg,1
3640.jpg,1
3641.jpg,4
3642.jpg,1
3643.jpg,1
3644.jpg,1
3645.jpg,6
3646.jpg,1
3647.jpg,1
3648.jpg,1
3649.jpg,1
3650.jpg,3
3651.jpg,1
3652.jpg,6
3653.jpg,6
3654.jpg,1
3655.jpg,1
3656.jpg,6
3657.jpg,1
3658.jpg,1
3659.jpg,1
3660.jpg,1
3661.jpg,1
3662.jpg,1
3663.jpg,1
3664.jpg,1
3665.jpg,1
3666.jpg,1
3667.jpg,7
3668.jpg,1
3669.jpg,1
3670.jpg,1
3671.jpg,1
3672.jpg,1
3673.jpg,1
3674.jpg,1
3675.jpg,1
3676.jpg,1
3677.jpg,1
3678.jpg,1
3679.jpg,1
3680.jpg,1
3681.jpg,3
3682.jpg,3
3683.jpg,3
3684.jpg,3
3685.jpg,3
3686.jpg,3
3687.jpg,3
3688.jpg,3
3689.jpg,3
3690.jpg,3
3691.jpg,3
3692.jpg,3
3693.jpg,3
3694.jpg,3
3695.jpg,3
3696.jpg,3
3697.jpg,3
3698.jpg,3
3699.jpg,3
3700.jpg,3
3701.jpg,3
3702.jpg,0
3703.jpg,2
3704.jpg,3
3705.jpg,3
3706.jpg,3
3707.jpg,0
3708.jpg,3
3709.jpg,3
3710.jpg,3
3711.jpg,0
3712.jpg,3
3713.jpg,0
3714.jpg,3
3715.jpg,3
3716.jpg,3
3717.jpg,3
3718.jpg,3
3719.jpg,3
3720.jpg,3
3721.jpg,3
3722.jpg,1
3723.jpg,1
3724.jpg,1
3725.jpg,1
3726.jpg,1
3727.jpg,1
3728.jpg,1
3729.jpg,1
3730.jpg,4
3731.jpg,1
3732.jpg,1
3733.jpg,1
3734.jpg,1
3735.jpg,1
3736.jpg,1
3737.jpg,3
3738.jpg,1
3739.jpg,1
3740.jpg,1
3741.jpg,1
3742.jpg,3
3743.jpg,1
3744.jpg,5
3745.jpg,1
3746.jpg,1
3747.jpg,1
3748.jpg,1
3749.jpg,1
3750.jpg,1
3751.jpg,1
3752.jpg,1
3753.jpg,4
3754.jpg,1
3755.jpg,1
3756.jpg,1
3757.jpg,1
3758.jpg,1
3759.jpg,1
3760.jpg,1
3761.jpg,1
3762.jpg,1
3763.jpg,1
3764.jpg,1
3765.jpg,1
3766.jpg,1
3767.jpg,1
3768.jpg,1
3769.jpg,1
3770.jpg,3
3771.jpg,1
3772.jpg,1
3773.jpg,6
3774.jpg,1
3775.jpg,1
3776.jpg,1
3777.jpg,1
3778.jpg,1
3779.jpg,1
3780.jpg,1
3781.jpg,1
3782.jpg,2
3783.jpg,3
3784.jpg,2
3785.jpg,7
3786.jpg,2
3787.jpg,0
3788.jpg,2
3789.jpg,2
3790.jpg,0
3791.jpg,2
3792.jpg,0
3793.jpg,7
3794.jpg,2
3795.jpg,3
3796.jpg,2
3797.jpg,2
3798.jpg,6
3799.jpg,0
3800.jpg,6
3801.jpg,7
3802.jpg,3
3803.jpg,0
3804.jpg,2
3805.jpg,3
3806.jpg,6
3807.jpg,0
3808.jpg,2
3809.jpg,3
3810.jpg,2
3811.jpg,0
3812.jpg,3
3813.jpg,0
3814.jpg,7
3815.jpg,6
3816.jpg,6
3817.jpg,6
3818.jpg,5
3819.jpg,7
3820.jpg,0
3821.jpg,3
3822.jpg,0
3823.jpg,0
3824.jpg,7
3825.jpg,3
3826.jpg,0
3827.jpg,2
3828.jpg,7
3829.jpg,3
3830.jpg,7
3831.jpg,0
3832.jpg,0
3833.jpg,0
3834.jpg,0
3835.jpg,7
3836.jpg,0
3837.jpg,6
3838.jpg,6
3839.jpg,0
3840.jpg,2
3841.jpg,6
3842.jpg,1
3843.jpg,1
3844.jpg,5
3845.jpg,3
3846.jpg,1
3847.jpg,1
3848.jpg,1
3849.jpg,1
3850.jpg,1
3851.jpg,1
3852.jpg,1
3853.jpg,1
3854.jpg,1
3855.jpg,1
3856.jpg,4
3857.jpg,1
3858.jpg,1
3859.jpg,1
3860.jpg,1
3861.jpg,1
3862.jpg,1
3863.jpg,1
3864.jpg,1
3865.jpg,5
3866.jpg,1
3867.jpg,1
3868.jpg,5
3869.jpg,1
3870.jpg,1
3871.jpg,5
3872.jpg,1
3873.jpg,1
3874.jpg,1
3875.jpg,1
3876.jpg,1
3877.jpg,1
3878.jpg,5
3879.jpg,1
3880.jpg,1
3881.jpg,1
3882.jpg,5
3883.jpg,1
3884.jpg,1
3885.jpg,1
3886.jpg,1
3887.jpg,1
3888.jpg,6
3889.jpg,1
3890.jpg,1
3891.jpg,1
3892.jpg,1
3893.jpg,1
3894.jpg,1
3895.jpg,1
3896.jpg,1
3897.jpg,5
3898.jpg,1
3899.jpg,1
3900.jpg,1
3901.jpg,4
3902.jpg,0
3903.jpg,0
3904.jpg,2
3905.jpg,2
3906.jpg,0
3907.jpg,2
3908.jpg,0
3909.jpg,0
3910.jpg,2
3911.jpg,2
3912.jpg,2
3913.jpg,3
3914.jpg,0
3915.jpg,3
3916.jpg,2
3917.jpg,0
3918.jpg,2
3919.jpg,3
3920.jpg,3
3921.jpg,2
3922.jpg,3
3923.jpg,2
3924.jpg,3
3925.jpg,2
3926.jpg,4
3927.jpg,0
3928.jpg,2
3929.jpg,2
3930.jpg,2
3931.jpg,2
3932.jpg,2
3933.jpg,0
3934.jpg,3
3935.jpg,2
3936.jpg,0
3937.jpg,3
3938.jpg,0
3939.jpg,2
3940.jpg,2
3941.jpg,0
3942.jpg,0
3943.jpg,3
3944.jpg,2
3945.jpg,3
3946.jpg,0
3947.jpg,2
3948.jpg,3
3949.jpg,2
3950.jpg,0
3951.jpg,3
3952.jpg,0
3953.jpg,0
3954.jpg,0
3955.jpg,0
3956.jpg,2
3957.jpg,0
3958.jpg,2
3959.jpg,2
3960.jpg,3
3961.jpg,0
3962.jpg,1
3963.jpg,3
3964.jpg,3
3965.jpg,3
3966.jpg,3
3967.jpg,3
3968.jpg,3
3969.jpg,3
3970.jpg,1
3971.jpg,6
3972.jpg,3
3973.jpg,3
3974.jpg,3
3975.jpg,3
3976.jpg,4
3977.jpg,4
3978.jpg,3
3979.jpg,3
3980.jpg,6
3981.jpg,4
3982.jpg,1
3983.jpg,3
3984.jpg,3
3985.jpg,3
3986.jpg,3
3987.jpg,3
3988.jpg,8
3989.jpg,4
3990.jpg,1
3991.jpg,6
3992.jpg,4
3993.jpg,4
3994.jpg,6
3995.jpg,3
3996.jpg,3
3997.jpg,7
3998.jpg,3
3999.jpg,6
4000.jpg,6
4001.jpg,6
4002.jpg,7
4003.jpg,3
4004.jpg,3
4005.jpg,3
4006.jpg,0
4007.jpg,1
4008.jpg,3
4009.jpg,3
4010.jpg,8
4011.jpg,1
4012.jpg,3
4013.jpg,3
4014.jpg,3
4015.jpg,3
4016.jpg,4
4017.jpg,3
4018.jpg,4
4019.jpg,1
4020.jpg,7
4021.jpg,1
4022.jpg,8
4023.jpg,1
4024.jpg,2
4025.jpg,1
4026.jpg,1
4027.jpg,1
4028.jpg,1
4029.jpg,1
4030.jpg,7
4031.jpg,1
4032.jpg,5
4033.jpg,1
4034.jpg,5
4035.jpg,1
4036.jpg,1
4037.jpg,1
4038.jpg,1
4039.jpg,1
4040.jpg,1
4041.jpg,1
4042.jpg,1
4043.jpg,1
4044.jpg,1
4045.jpg,1
4046.jpg,8
4047.jpg,1
4048.jpg,1
4049.jpg,1
4050.jpg,1
4051.jpg,1
4052.jpg,6
4053.jpg,1
4054.jpg,1
4055.jpg,1
4056.jpg,1
4057.jpg,8
4058.jpg,3
4059.jpg,1
4060.jpg,6
4061.jpg,1
4062.jpg,1
4063.jpg,1
4064.jpg,1
4065.jpg,1
4066.jpg,1
4067.jpg,1
4068.jpg,8
4069.jpg,2
4070.jpg,6
4071.jpg,1
4072.jpg,1
4073.jpg,1
4074.jpg,6
4075.jpg,1
4076.jpg,1
4077.jpg,1
4078.jpg,1
4079.jpg,1
4080.jpg,1
4081.jpg,1
4082.jpg,1
4083.jpg,4
4084.jpg,1
4085.jpg,6
4086.jpg,1
4087.jpg,6
4088.jpg,6
4089.jpg,3
4090.jpg,1
4091.jpg,1
4092.jpg,3
4093.jpg,4
4094.jpg,1
4095.jpg,1
4096.jpg,3
4097.jpg,1
4098.jpg,1
4099.jpg,6
4100.jpg,1
4101.jpg,1
4102.jpg,1
4103.jpg,1
4104.jpg,1
4105.jpg,3
4106.jpg,3
4107.jpg,1
4108.jpg,1
4109.jpg,1
4110.jpg,1
4111.jpg,6
4112.jpg,7
4113.jpg,1
4114.jpg,6
4115.jpg,1
4116.jpg,6
4117.jpg,1
4118.jpg,4
4119.jpg,1
4120.jpg,1
4121.jpg,6
4122.jpg,1
4123.jpg,4
4124.jpg,1
4125.jpg,1
4126.jpg,1
4127.jpg,3
4128.jpg,6
4129.jpg,3
4130.jpg,1
4131.jpg,1
4132.jpg,1
4133.jpg,7
4134.jpg,1
4135.jpg,1
4136.jpg,6
4137.jpg,6
4138.jpg,1
4139.jpg,1
4140.jpg,1
4141.jpg,1
4142.jpg,1
4143.jpg,6
4144.jpg,7
4145.jpg,1
4146.jpg,7
4147.jpg,1
4148.jpg,1
4149.jpg,7
4150.jpg,1
4151.jpg,1
4152.jpg,1
4153.jpg,7
4154.jpg,1
4155.jpg,1
4156.jpg,1
4157.jpg,1
4158.jpg,6
4159.jpg,1
4160.jpg,7
4161.jpg,1
4162.jpg,1
4163.jpg,3
4164.jpg,1
4165.jpg,6
4166.jpg,1
4167.jpg,1
4168.jpg,1
4169.jpg,1
4170.jpg,6
4171.jpg,1
4172.jpg,3
4173.jpg,1
4174.jpg,3
4175.jpg,6
4176.jpg,6
4177.jpg,1
4178.jpg,1
4179.jpg,1
4180.jpg,3
4181.jpg,1
4182.jpg,1
4183.jpg,6
4184.jpg,3
4185.jpg,1
4186.jpg,1
4187.jpg,6
4188.jpg,1
4189.jpg,1
4190.jpg,6
4191.jpg,7
4192.jpg,7
4193.jpg,1
4194.jpg,1
4195.jpg,1
4196.jpg,1
4197.jpg,1
4198.jpg,1
4199.jpg,3
4200.jpg,1
4201.jpg,3
4202.jpg,0
4203.jpg,1
4204.jpg,1
4205.jpg,6
4206.jpg,1
4207.jpg,1
4208.jpg,1
4209.jpg,6
4210.jpg,1
4211.jpg,6
4212.jpg,4
4213.jpg,1
4214.jpg,1
4215.jpg,1
4216.jpg,6
4217.jpg,1
4218.jpg,0
4219.jpg,1
4220.jpg,1
4221.jpg,1
4222.jpg,0
4223.jpg,1
4224.jpg,1
4225.jpg,1
4226.jpg,1
4227.jpg,1
4228.jpg,6
4229.jpg,1
4230.jpg,6
4231.jpg,6
4232.jpg,4
4233.jpg,6
4234.jpg,6
4235.jpg,7
4236.jpg,1
4237.jpg,0
4238.jpg,1
4239.jpg,1
4240.jpg,1
4241.jpg,1
4242.jpg,6
4243.jpg,1
4244.jpg,6
4245.jpg,1
4246.jpg,1
4247.jpg,1
4248.jpg,1
4249.jpg,7
4250.jpg,0
4251.jpg,1
4252.jpg,0
4253.jpg,1
4254.jpg,1
4255.jpg,7
4256.jpg,1
4257.jpg,1
4258.jpg,3
4259.jpg,6
4260.jpg,2
4261.jpg,2
4262.jpg,3
4263.jpg,2
4264.jpg,2
4265.jpg,2
4266.jpg,2
4267.jpg,2
4268.jpg,2
4269.jpg,2
4270.jpg,2
4271.jpg,2
4272.jpg,2
4273.jpg,2
4274.jpg,2
4275.jpg,2
4276.jpg,2
4277.jpg,2
4278.jpg,2
4279.jpg,2
4280.jpg,2
4281.jpg,2
4282.jpg,2
4283.jpg,2
4284.jpg,2
4285.jpg,2
4286.jpg,2
4287.jpg,2
4288.jpg,2
4289.jpg,2
4290.jpg,2
4291.jpg,2
4292.jpg,2
4293.jpg,2
4294.jpg,2
4295.jpg,2
4296.jpg,2
4297.jpg,2
4298.jpg,2
4299.jpg,2
4300.jpg,2
4301.jpg,2
4302.jpg,2
4303.jpg,2
4304.jpg,2
4305.jpg,2
4306.jpg,2
4307.jpg,2
4308.jpg,2
4309.jpg,2
4310.jpg,2
4311.jpg,2
4312.jpg,2
4313.jpg,2
4314.jpg,2
4315.jpg,2
4316.jpg,2
4317.jpg,2
4318.jpg,2
4319.jpg,2
4320.jpg,2
4321.jpg,1
4322.jpg,3
4323.jpg,3
4324.jpg,3
4325.jpg,4
4326.jpg,6
4327.jpg,4
4328.jpg,2
4329.jpg,1
4330.jpg,2
4331.jpg,7
4332.jpg,6
4333.jpg,7
4334.jpg,2
4335.jpg,4
4336.jpg,3
4337.jpg,6
4338.jpg,4
4339.jpg,6
4340.jpg,6
4341.jpg,4
4342.jpg,6
4343.jpg,3
4344.jpg,3
4345.jpg,6
4346.jpg,1
4347.jpg,2
4348.jpg,6
4349.jpg,3
4350.jpg,4
4351.jpg,1
4352.jpg,6
4353.jpg,4
4354.jpg,6
4355.jpg,6
4356.jpg,4
4357.jpg,3
4358.jpg,6
4359.jpg,3
4360.jpg,3
4361.jpg,6
4362.jpg,1
4363.jpg,7
4364.jpg,6
4365.jpg,6
4366.jpg,2
4367.jpg,3
4368.jpg,1
4369.jpg,1
4370.jpg,2
4371.jpg,3
4372.jpg,6
4373.jpg,3
4374.jpg,3
4375.jpg,6
4376.jpg,3
4377.jpg,6
4378.jpg,1
4379.jpg,4
4380.jpg,6
4381.jpg,2
4382.jpg,3
4383.jpg,6
4384.jpg,6
4385.jpg,2
4386.jpg,2
4387.jpg,2
4388.jpg,2
4389.jpg,3
4390.jpg,3
4391.jpg,2
4392.jpg,3
4393.jpg,0
4394.jpg,2
4395.jpg,6
4396.jpg,3
4397.jpg,2
4398.jpg,6
4399.jpg,0
4400.jpg,3
4401.jpg,8
4402.jpg,6
4403.jpg,6
4404.jpg,2
4405.jpg,6
4406.jpg,3
4407.jpg,2
4408.jpg,3
4409.jpg,6
4410.jpg,6
4411.jpg,3
4412.jpg,2
4413.jpg,0
4414.jpg,0
4415.jpg,3
4416.jpg,0
4417.jpg,2
4418.jpg,2
4419.jpg,0
4420.jpg,3
4421.jpg,2
4422.jpg,0
4423.jpg,0
4424.jpg,3
4425.jpg,3
4426.jpg,2
4427.jpg,6
4428.jpg,0
4429.jpg,6
4430.jpg,1
4431.jpg,1
4432.jpg,1
4433.jpg,6
4434.jpg,1
4435.jpg,1
4436.jpg,6
4437.jpg,1
4438.jpg,1
4439.jpg,1
4440.jpg,6
4441.jpg,1
4442.jpg,1
4443.jpg,6
4444.jpg,1
4445.jpg,1
4446.jpg,1
4447.jpg,1
4448.jpg,1
4449.jpg,1
4450.jpg,1
4451.jpg,1
4452.jpg,1
4453.jpg,1
4454.jpg,1
4455.jpg,1
4456.jpg,3
4457.jpg,1
4458.jpg,1
4459.jpg,2
4460.jpg,1
4461.jpg,1
4462.jpg,1
4463.jpg,6
4464.jpg,1
4465.jpg,1
4466.jpg,1
4467.jpg,1
4468.jpg,1
4469.jpg,3
4470.jpg,1
4471.jpg,1
4472.jpg,1
4473.jpg,1
4474.jpg,1
4475.jpg,1
4476.jpg,1
4477.jpg,1
4478.jpg,1
4479.jpg,6
4480.jpg,2
4481.jpg,1
4482.jpg,1
4483.jpg,1
4484.jpg,1
4485.jpg,1
4486.jpg,1
4487.jpg,1
4488.jpg,3
4489.jpg,1
4490.jpg,3
4491.jpg,3
4492.jpg,1
4493.jpg,1
4494.jpg,8
4495.jpg,8
4496.jpg,1
4497.jpg,1
4498.jpg,3
4499.jpg,1
4500.jpg,1
4501.jpg,1
4502.jpg,1
4503.jpg,1
4504.jpg,1
4505.jpg,4
4506.jpg,3
4507.jpg,6
4508.jpg,1
4509.jpg,8
4510.jpg,1
4511.jpg,3
4512.jpg,1
4513.jpg,3
4514.jpg,1
4515.jpg,4
4516.jpg,1
4517.jpg,3
4518.jpg,1
4519.jpg,6
4520.jpg,3
4521.jpg,1
4522.jpg,6
4523.jpg,1
4524.jpg,1
4525.jpg,3
4526.jpg,1
4527.jpg,6
4528.jpg,1
4529.jpg,1
4530.jpg,1
4531.jpg,1
4532.jpg,1
4533.jpg,1
4534.jpg,1
4535.jpg,1
4536.jpg,1
4537.jpg,1
4538.jpg,1
4539.jpg,3
4540.jpg,1
4541.jpg,8
4542.jpg,1
4543.jpg,1
4544.jpg,6
4545.jpg,6
4546.jpg,1
4547.jpg,6
4548.jpg,1
4549.jpg,3
4550.jpg,2
4551.jpg,2
4552.jpg,2
4553.jpg,2
4554.jpg,2
4555.jpg,2
4556.jpg,2
4557.jpg,2
4558.jpg,2
4559.jpg,2
4560.jpg,2
4561.jpg,2
4562.jpg,2
4563.jpg,2
4564.jpg,2
4565.jpg,2
4566.jpg,2
4567.jpg,2
4568.jpg,2
4569.jpg,2
4570.jpg,2
4571.jpg,2
4572.jpg,2
4573.jpg,2
4574.jpg,2
4575.jpg,2
4576.jpg,2
4577.jpg,2
4578.jpg,2
4579.jpg,2
4580.jpg,2
4581.jpg,2
4582.jpg,2
4583.jpg,2
4584.jpg,2
4585.jpg,2
4586.jpg,2
4587.jpg,2
4588.jpg,2
4589.jpg,2
4590.jpg,2
4591.jpg,2
4592.jpg,2
4593.jpg,2
4594.jpg,2
4595.jpg,2
4596.jpg,2
4597.jpg,2
4598.jpg,2
4599.jpg,2
4600.jpg,2
4601.jpg,2
4602.jpg,2
4603.jpg,2
4604.jpg,2
4605.jpg,2
4606.jpg,2
4607.jpg,2
4608.jpg,2
4609.jpg,2
4610.jpg,0
4611.jpg,3
4612.jpg,0
4613.jpg,0
4614.jpg,0
4615.jpg,0
4616.jpg,0
4617.jpg,0
4618.jpg,2
4619.jpg,2
4620.jpg,0
4621.jpg,2
4622.jpg,0
4623.jpg,3
4624.jpg,2
4625.jpg,2
4626.jpg,6
4627.jpg,0
4628.jpg,0
4629.jpg,3
4630.jpg,0
4631.jpg,0
4632.jpg,0
4633.jpg,4
4634.jpg,0
4635.jpg,0
4636.jpg,5
4637.jpg,3
4638.jpg,2
4639.jpg,0
4640.jpg,3
4641.jpg,0
4642.jpg,0
4643.jpg,0
4644.jpg,0
4645.jpg,2
4646.jpg,3
4647.jpg,0
4648.jpg,0
4649.jpg,0
4650.jpg,4
4651.jpg,0
4652.jpg,0
4653.jpg,4
4654.jpg,0
4655.jpg,0
4656.jpg,0
4657.jpg,0
4658.jpg,4
4659.jpg,2
4660.jpg,0
4661.jpg,0
4662.jpg,3
4663.jpg,4
4664.jpg,0
4665.jpg,3
4666.jpg,4
4667.jpg,4
4668.jpg,3
4669.jpg,0
4670.jpg,1
4671.jpg,1
4672.jpg,1
4673.jpg,7
4674.jpg,3
4675.jpg,6
4676.jpg,6
4677.jpg,3
4678.jpg,4
4679.jpg,1
4680.jpg,1
4681.jpg,7
4682.jpg,3
4683.jpg,7
4684.jpg,4
4685.jpg,6
4686.jpg,6
4687.jpg,6
4688.jpg,3
4689.jpg,7
4690.jpg,7
4691.jpg,4
4692.jpg,4
4693.jpg,1
4694.jpg,1
4695.jpg,1
4696.jpg,4
4697.jpg,6
4698.jpg,7
4699.jpg,7
4700.jpg,1
4701.jpg,4
4702.jpg,3
4703.jpg,7
4704.jpg,7
4705.jpg,1
4706.jpg,7
4707.jpg,7
4708.jpg,3
4709.jpg,1
4710.jpg,0
4711.jpg,1
4712.jpg,7
4713.jpg,1
4714.jpg,4
4715.jpg,1
4716.jpg,6
4717.jpg,1
4718.jpg,7
4719.jpg,1
4720.jpg,4
4721.jpg,7
4722.jpg,7
4723.jpg,1
4724.jpg,1
4725.jpg,6
4726.jpg,7
4727.jpg,0
4728.jpg,0
4729.jpg,7
4730.jpg,3
4731.jpg,1
4732.jpg,4
4733.jpg,1
4734.jpg,1
4735.jpg,4
4736.jpg,1
4737.jpg,1
4738.jpg,4
4739.jpg,4
4740.jpg,1
4741.jpg,1
4742.jpg,1
4743.jpg,1
4744.jpg,4
4745.jpg,1
4746.jpg,3
4747.jpg,3
4748.jpg,1
4749.jpg,3
4750.jpg,1
4751.jpg,1
4752.jpg,1
4753.jpg,6
4754.jpg,1
4755.jpg,4
4756.jpg,1
4757.jpg,4
4758.jpg,1
4759.jpg,1
4760.jpg,1
4761.jpg,1
4762.jpg,1
4763.jpg,1
4764.jpg,6
4765.jpg,3
4766.jpg,7
4767.jpg,7
4768.jpg,3
4769.jpg,8
4770.jpg,4
4771.jpg,4
4772.jpg,4
4773.jpg,1
4774.jpg,1
4775.jpg,1
4776.jpg,1
4777.jpg,1
4778.jpg,3
4779.jpg,4
4780.jpg,3
4781.jpg,1
4782.jpg,1
4783.jpg,5
4784.jpg,6
4785.jpg,1
4786.jpg,3
4787.jpg,3
4788.jpg,3
4789.jpg,1
4790.jpg,4
4791.jpg,4
4792.jpg,1
4793.jpg,1
4794.jpg,4
4795.jpg,4
4796.jpg,7
4797.jpg,4
4798.jpg,1
4799.jpg,4
4800.jpg,4
4801.jpg,1
4802.jpg,4
4803.jpg,1
4804.jpg,4
4805.jpg,4
4806.jpg,4
4807.jpg,1
4808.jpg,1
4809.jpg,3
4810.jpg,1
4811.jpg,4
4812.jpg,4
4813.jpg,1
4814.jpg,3
4815.jpg,1
4816.jpg,1
4817.jpg,6
4818.jpg,1
4819.jpg,3
4820.jpg,3
4821.jpg,4
4822.jpg,2
4823.jpg,5
4824.jpg,3
4825.jpg,4
4826.jpg,4
4827.jpg,3
4828.jpg,4
4829.jpg,1
4830.jpg,1
4831.jpg,4
4832.jpg,4
4833.jpg,4
4834.jpg,5
4835.jpg,4
4836.jpg,4
4837.jpg,1
4838.jpg,6
4839.jpg,4
4840.jpg,1
4841.jpg,4
4842.jpg,1
4843.jpg,3
4844.jpg,4
4845.jpg,4
4846.jpg,1
4847.jpg,4
4848.jpg,4
4849.jpg,4
4850.jpg,3
4851.jpg,0
4852.jpg,3
4853.jpg,2
4854.jpg,7
4855.jpg,2
4856.jpg,7
4857.jpg,7
4858.jpg,0
4859.jpg,3
4860.jpg,3
4861.jpg,3
4862.jpg,0
4863.jpg,2
4864.jpg,6
4865.jpg,0
4866.jpg,2
4867.jpg,2
4868.jpg,3
4869.jpg,6
4870.jpg,8
4871.jpg,2
4872.jpg,6
4873.jpg,6
4874.jpg,0
4875.jpg,7
4876.jpg,0
4877.jpg,7
4878.jpg,7
4879.jpg,0
4880.jpg,4
4881.jpg,3
4882.jpg,7
4883.jpg,7
4884.jpg,0
4885.jpg,7
4886.jpg,2
4887.jpg,2
4888.jpg,2
4889.jpg,3
4890.jpg,2
4891.jpg,3
4892.jpg,2
4893.jpg,3
4894.jpg,8
4895.jpg,3
4896.jpg,3
4897.jpg,3
4898.jpg,0
4899.jpg,3
4900.jpg,8
4901.jpg,8
4902.jpg,7
4903.jpg,3
4904.jpg,0
4905.jpg,3
4906.jpg,3
4907.jpg,3
4908.jpg,2
4909.jpg,3
4910.jpg,1
4911.jpg,6
4912.jpg,1
4913.jpg,1
4914.jpg,1
4915.jpg,1
4916.jpg,1
4917.jpg,1
4918.jpg,5
4919.jpg,1
4920.jpg,6
4921.jpg,1
4922.jpg,1
4923.jpg,1
4924.jpg,1
4925.jpg,1
4926.jpg,1
4927.jpg,1
4928.jpg,6
4929.jpg,1
4930.jpg,1
4931.jpg,1
4932.jpg,1
4933.jpg,3
4934.jpg,1
4935.jpg,1
4936.jpg,1
4937.jpg,1
4938.jpg,1
4939.jpg,6
4940.jpg,1
4941.jpg,1
4942.jpg,1
4943.jpg,1
4944.jpg,1
4945.jpg,1
4946.jpg,1
4947.jpg,1
4948.jpg,1
4949.jpg,1
4950.jpg,1
4951.jpg,1
4952.jpg,5
4953.jpg,1
4954.jpg,1
4955.jpg,1
4956.jpg,1
4957.jpg,1
4958.jpg,6
4959.jpg,1
4960.jpg,1
4961.jpg,1
4962.jpg,1
4963.jpg,4
4964.jpg,1
4965.jpg,1
4966.jpg,1
4967.jpg,1
4968.jpg,7
4969.jpg,1
4970.jpg,6
4971.jpg,4
4972.jpg,1
4973.jpg,4
4974.jpg,3
4975.jpg,1
4976.jpg,1
4977.jpg,1
4978.jpg,4
4979.jpg,1
4980.jpg,4
4981.jpg,6
4982.jpg,6
4983.jpg,4
4984.jpg,6
4985.jpg,4
4986.jpg,6
4987.jpg,6
4988.jpg,1
4989.jpg,3
4990.jpg,1
4991.jpg,1
4992.jpg,1
4993.jpg,1
4994.jpg,8
4995.jpg,1
4996.jpg,7
4997.jpg,1
4998.jpg,4
4999.jpg,4
5000.jpg,6
5001.jpg,1
5002.jpg,1
5003.jpg,1
5004.jpg,1
5005.jpg,4
5006.jpg,1
5007.jpg,1
5008.jpg,1
5009.jpg,6
5010.jpg,1
5011.jpg,4
5012.jpg,1
5013.jpg,1
5014.jpg,1
5015.jpg,6
5016.jpg,6
5017.jpg,4
5018.jpg,1
5019.jpg,1
5020.jpg,6
5021.jpg,1
5022.jpg,4
5023.jpg,1
5024.jpg,0
5025.jpg,3
5026.jpg,1
5027.jpg,1
5028.jpg,4
5029.jpg,1
5030.jpg,1
5031.jpg,1
5032.jpg,1
5033.jpg,1
5034.jpg,1
5035.jpg,1
5036.jpg,1
5037.jpg,1
5038.jpg,1
5039.jpg,1
5040.jpg,1
5041.jpg,1
5042.jpg,1
5043.jpg,1
5044.jpg,1
5045.jpg,1
5046.jpg,1
5047.jpg,1
5048.jpg,1
5049.jpg,1
5050.jpg,1
5051.jpg,1
5052.jpg,1
5053.jpg,1
5054.jpg,1
5055.jpg,1
5056.jpg,1
5057.jpg,1
5058.jpg,1
5059.jpg,1
5060.jpg,1
5061.jpg,1
5062.jpg,1
5063.jpg,1
5064.jpg,1
5065.jpg,3
5066.jpg,1
5067.jpg,1
5068.jpg,1
5069.jpg,1
5070.jpg,1
5071.jpg,1
5072.jpg,1
5073.jpg,5
5074.jpg,1
5075.jpg,1
5076.jpg,1
5077.jpg,1
5078.jpg,1
5079.jpg,1
5080.jpg,1
5081.jpg,1
5082.jpg,1
5083.jpg,1
5084.jpg,1
5085.jpg,1
5086.jpg,5
5087.jpg,1
5088.jpg,1
5089.jpg,1
5090.jpg,1
5091.jpg,1
5092.jpg,1
5093.jpg,1
5094.jpg,1
5095.jpg,1
5096.jpg,1
5097.jpg,1
5098.jpg,1
5099.jpg,1
5100.jpg,1
5101.jpg,1
5102.jpg,1
5103.jpg,1
5104.jpg,1
5105.jpg,1
5106.jpg,1
5107.jpg,1
5108.jpg,1
5109.jpg,1
5110.jpg,1
5111.jpg,7
5112.jpg,1
5113.jpg,1
5114.jpg,1
5115.jpg,1
5116.jpg,1
5117.jpg,1
5118.jpg,1
5119.jpg,1
5120.jpg,7
5121.jpg,1
5122.jpg,1
5123.jpg,1
5124.jpg,1
5125.jpg,1
5126.jpg,1
5127.jpg,1
5128.jpg,1
5129.jpg,1
5130.jpg,1
5131.jpg,1
5132.jpg,1
5133.jpg,1
5134.jpg,1
5135.jpg,1
5136.jpg,1
5137.jpg,1
5138.jpg,1
5139.jpg,1
5140.jpg,1
5141.jpg,3
5142.jpg,1
5143.jpg,1
5144.jpg,1
5145.jpg,1
5146.jpg,1
5147.jpg,1
5148.jpg,1
5149.jpg,1
5150.jpg,5
5151.jpg,1
5152.jpg,6
5153.jpg,1
5154.jpg,6
5155.jpg,1
5156.jpg,6
5157.jpg,6
5158.jpg,1
5159.jpg,1
5160.jpg,1
5161.jpg,1
5162.jpg,1
5163.jpg,6
5164.jpg,1
5165.jpg,6
5166.jpg,1
5167.jpg,1
5168.jpg,1
5169.jpg,6
5170.jpg,1
5171.jpg,6
5172.jpg,1
5173.jpg,1
5174.jpg,6
5175.jpg,1
5176.jpg,1
5177.jpg,6
5178.jpg,1
5179.jpg,1
5180.jpg,1
5181.jpg,1
5182.jpg,1
5183.jpg,1
5184.jpg,6
5185.jpg,1
5186.jpg,1
5187.jpg,1
5188.jpg,6
5189.jpg,1
5190.jpg,1
5191.jpg,6
5192.jpg,1
5193.jpg,3
5194.jpg,1
5195.jpg,1
5196.jpg,1
5197.jpg,6
5198.jpg,1
5199.jpg,1
5200.jpg,1
5201.jpg,3
5202.jpg,1
5203.jpg,6
5204.jpg,1
5205.jpg,6
5206.jpg,6
5207.jpg,6
5208.jpg,6
5209.jpg,1
5210.jpg,1
5211.jpg,5
5212.jpg,1
5213.jpg,1
5214.jpg,1
5215.jpg,3
5216.jpg,1
5217.jpg,1
5218.jpg,1
5219.jpg,1
5220.jpg,1
5221.jpg,1
5222.jpg,1
5223.jpg,1
5224.jpg,1
5225.jpg,1
5226.jpg,1
5227.jpg,1
5228.jpg,1
5229.jpg,1
5230.jpg,1
5231.jpg,1
5232.jpg,1
5233.jpg,1
5234.jpg,1
5235.jpg,1
5236.jpg,1
5237.jpg,1
5238.jpg,1
5239.jpg,1
5240.jpg,1
5241.jpg,4
5242.jpg,1
5243.jpg,1
5244.jpg,1
5245.jpg,1
5246.jpg,1
5247.jpg,1
5248.jpg,1
5249.jpg,1
5250.jpg,1
5251.jpg,1
5252.jpg,1
5253.jpg,1
5254.jpg,1
5255.jpg,1
5256.jpg,1
5257.jpg,3
5258.jpg,5
5259.jpg,1
5260.jpg,5
5261.jpg,1
5262.jpg,1
5263.jpg,1
5264.jpg,5
5265.jpg,1
5266.jpg,1
5267.jpg,1
5268.jpg,1
5269.jpg,1
5270.jpg,6
5271.jpg,1
5272.jpg,6
5273.jpg,4
5274.jpg,1
5275.jpg,6
5276.jpg,1
5277.jpg,1
5278.jpg,7
5279.jpg,4
5280.jpg,6
5281.jpg,4
5282.jpg,6
5283.jpg,1
5284.jpg,1
5285.jpg,6
5286.jpg,6
5287.jpg,6
5288.jpg,1
5289.jpg,1
5290.jpg,1
5291.jpg,1
5292.jpg,1
5293.jpg,1
5294.jpg,1
5295.jpg,6
5296.jpg,3
5297.jpg,7
5298.jpg,1
5299.jpg,7
5300.jpg,6
5301.jpg,6
5302.jpg,7
5303.jpg,1
5304.jpg,6
5305.jpg,1
5306.jpg,3
5307.jpg,1
5308.jpg,7
5309.jpg,7
5310.jpg,1
5311.jpg,3
5312.jpg,3
5313.jpg,1
5314.jpg,3
5315.jpg,6
5316.jpg,6
5317.jpg,1
5318.jpg,3
5319.jpg,1
5320.jpg,1
5321.jpg,3
5322.jpg,3
5323.jpg,4
5324.jpg,3
5325.jpg,1
5326.jpg,1
5327.jpg,6
5328.jpg,6
5329.jpg,1
5330.jpg,6
5331.jpg,1
5332.jpg,1
5333.jpg,5
5334.jpg,1
5335.jpg,1
5336.jpg,1
5337.jpg,1
5338.jpg,1
5339.jpg,1
5340.jpg,1
5341.jpg,1
5342.jpg,1
5343.jpg,1
5344.jpg,1
5345.jpg,1
5346.jpg,1
5347.jpg,1
5348.jpg,1
5349.jpg,1
5350.jpg,1
5351.jpg,6
5352.jpg,1
5353.jpg,1
5354.jpg,1
5355.jpg,1
5356.jpg,1
5357.jpg,1
5358.jpg,1
5359.jpg,1
5360.jpg,4
5361.jpg,1
5362.jpg,6
5363.jpg,1
5364.jpg,1
5365.jpg,1
5366.jpg,6
5367.jpg,6
5368.jpg,1
5369.jpg,1
5370.jpg,1
5371.jpg,1
5372.jpg,4
5373.jpg,1
5374.jpg,1
5375.jpg,1
5376.jpg,1
5377.jpg,1
5378.jpg,4
5379.jpg,1
5380.jpg,1
5381.jpg,1
5382.jpg,4
5383.jpg,1
5384.jpg,1
5385.jpg,1
5386.jpg,1
5387.jpg,1
5388.jpg,1
5389.jpg,1
5390.jpg,1
5391.jpg,1
5392.jpg,1
5393.jpg,1
5394.jpg,1
5395.jpg,1
5396.jpg,1
5397.jpg,1
5398.jpg,1
5399.jpg,1
5400.jpg,6
5401.jpg,1
5402.jpg,1
5403.jpg,1
5404.jpg,1
5405.jpg,1
5406.jpg,6
5407.jpg,1
5408.jpg,1
5409.jpg,3
5410.jpg,1
5411.jpg,1
5412.jpg,6
5413.jpg,1
5414.jpg,1
5415.jpg,6
5416.jpg,1
5417.jpg,1
5418.jpg,1
5419.jpg,1
5420.jpg,1
5421.jpg,1
5422.jpg,1
5423.jpg,1
5424.jpg,1
5425.jpg,1
5426.jpg,6
5427.jpg,6
5428.jpg,1
5429.jpg,1
5430.jpg,1
5431.jpg,3
5432.jpg,3
5433.jpg,1
5434.jpg,1
5435.jpg,1
5436.jpg,1
5437.jpg,1
5438.jpg,1
5439.jpg,6
5440.jpg,6
5441.jpg,1
5442.jpg,1
5443.jpg,1
5444.jpg,1
5445.jpg,1
5446.jpg,1
5447.jpg,7
5448.jpg,1
5449.jpg,1
5450.jpg,1
5451.jpg,1
5452.jpg,1
5453.jpg,1
5454.jpg,1
5455.jpg,1
5456.jpg,1
5457.jpg,1
5458.jpg,1
5459.jpg,1
5460.jpg,1
5461.jpg,1
5462.jpg,3
5463.jpg,1
5464.jpg,1
5465.jpg,1
5466.jpg,1
5467.jpg,1
5468.jpg,1
5469.jpg,1
5470.jpg,1
5471.jpg,1
5472.jpg,1
5473.jpg,6
5474.jpg,1
5475.jpg,1
5476.jpg,1
5477.jpg,1
5478.jpg,1
5479.jpg,1
5480.jpg,6
5481.jpg,1
5482.jpg,1
5483.jpg,1
5484.jpg,1
5485.jpg,1
5486.jpg,3
5487.jpg,1
5488.jpg,1
5489.jpg,1
5490.jpg,1
5491.jpg,1
5492.jpg,1
5493.jpg,1
5494.jpg,1
5495.jpg,1
5496.jpg,1
5497.jpg,1
5498.jpg,1
5499.jpg,1
5500.jpg,1
5501.jpg,1
5502.jpg,1
5503.jpg,1
5504.jpg,6
5505.jpg,4
5506.jpg,1
5507.jpg,1
5508.jpg,1
5509.jpg,1
5510.jpg,1
5511.jpg,1
5512.jpg,1
5513.jpg,1
5514.jpg,1
5515.jpg,1
5516.jpg,1
5517.jpg,1
5518.jpg,1
5519.jpg,1
5520.jpg,1
5521.jpg,1
5522.jpg,1
5523.jpg,1
5524.jpg,1
5525.jpg,1
5526.jpg,1
5527.jpg,1
5528.jpg,1
5529.jpg,1
5530.jpg,1
5531.jpg,1
5532.jpg,1
5533.jpg,1
5534.jpg,1
5535.jpg,1
5536.jpg,1
5537.jpg,1
5538.jpg,1
5539.jpg,1
5540.jpg,1
5541.jpg,1
5542.jpg,1
5543.jpg,1
5544.jpg,1
5545.jpg,1
5546.jpg,1
5547.jpg,1
5548.jpg,1
5549.jpg,1
5550.jpg,1
5551.jpg,1
5552.jpg,1
5553.jpg,1
5554.jpg,1
5555.jpg,1
5556.jpg,1
5557.jpg,1
5558.jpg,1
5559.jpg,4
5560.jpg,1
5561.jpg,1
5562.jpg,1
5563.jpg,6
5564.jpg,1
5565.jpg,1
5566.jpg,1
5567.jpg,1
5568.jpg,1
5569.jpg,1
5570.jpg,4
5571.jpg,1
5572.jpg,4
5573.jpg,3
5574.jpg,4
5575.jpg,8
5576.jpg,3
5577.jpg,6
5578.jpg,4
5579.jpg,6
5580.jpg,8
5581.jpg,4
5582.jpg,3
5583.jpg,6
5584.jpg,1
5585.jpg,1
5586.jpg,1
5587.jpg,1
5588.jpg,6
5589.jpg,1
5590.jpg,1
5591.jpg,1
5592.jpg,1
5593.jpg,1
5594.jpg,1
5595.jpg,4
5596.jpg,1
5597.jpg,1
5598.jpg,3
5599.jpg,4
5600.jpg,3
5601.jpg,1
5602.jpg,1
5603.jpg,6
5604.jpg,4
5605.jpg,3
5606.jpg,1
5607.jpg,3
5608.jpg,6
5609.jpg,3
5610.jpg,1
5611.jpg,4
5612.jpg,3
5613.jpg,1
5614.jpg,1
5615.jpg,1
5616.jpg,1
5617.jpg,3
5618.jpg,1
5619.jpg,1
5620.jpg,1
5621.jpg,1
5622.jpg,7
5623.jpg,1
5624.jpg,7
5625.jpg,1
5626.jpg,1
5627.jpg,1
5628.jpg,7
5629.jpg,1
5630.jpg,1
5631.jpg,1
5632.jpg,1
5633.jpg,7
5634.jpg,1
5635.jpg,1
5636.jpg,1
5637.jpg,1
5638.jpg,7
5639.jpg,1
5640.jpg,6
5641.jpg,3
5642.jpg,1
5643.jpg,1
5644.jpg,1
5645.jpg,6
5646.jpg,3
5647.jpg,1
5648.jpg,1
5649.jpg,1
5650.jpg,1
5651.jpg,1
5652.jpg,1
5653.jpg,6
5654.jpg,1
5655.jpg,1
5656.jpg,1
5657.jpg,1
5658.jpg,1
5659.jpg,1
5660.jpg,7
5661.jpg,1
5662.jpg,1
5663.jpg,1
5664.jpg,3
5665.jpg,1
5666.jpg,1
5667.jpg,7
5668.jpg,1
5669.jpg,7
5670.jpg,1
5671.jpg,6
5672.jpg,6
5673.jpg,1
5674.jpg,1
5675.jpg,6
5676.jpg,1
5677.jpg,1
5678.jpg,1
5679.jpg,2
5680.jpg,0
5681.jpg,4
5682.jpg,2
5683.jpg,2
5684.jpg,2
5685.jpg,2
5686.jpg,2
5687.jpg,4
5688.jpg,2
5689.jpg,2
5690.jpg,3
5691.jpg,2
5692.jpg,2
5693.jpg,4
5694.jpg,2
5695.jpg,2
5696.jpg,2
5697.jpg,0
5698.jpg,2
5699.jpg,2
5700.jpg,2
5701.jpg,2
5702.jpg,2
5703.jpg,2
5704.jpg,2
5705.jpg,2
5706.jpg,0
5707.jpg,3
5708.jpg,2
5709.jpg,2
5710.jpg,2
5711.jpg,2
5712.jpg,2
5713.jpg,2
5714.jpg,2
5715.jpg,2
5716.jpg,2
5717.jpg,0
5718.jpg,2
5719.jpg,2
5720.jpg,4
5721.jpg,2
5722.jpg,2
5723.jpg,3
5724.jpg,0
5725.jpg,2
5726.jpg,2
5727.jpg,4
5728.jpg,2
5729.jpg,0
5730.jpg,0
5731.jpg,6
5732.jpg,1
5733.jpg,1
5734.jpg,0
5735.jpg,1
5736.jpg,1
5737.jpg,1
5738.jpg,3
5739.jpg,7
5740.jpg,1
5741.jpg,1
5742.jpg,1
5743.jpg,1
5744.jpg,3
5745.jpg,1
5746.jpg,1
5747.jpg,1
5748.jpg,1
5749.jpg,1
5750.jpg,1
5751.jpg,6
5752.jpg,1
5753.jpg,1
5754.jpg,1
5755.jpg,3
5756.jpg,1
5757.jpg,6
5758.jpg,3
5759.jpg,1
5760.jpg,1
5761.jpg,3
5762.jpg,1
5763.jpg,1
5764.jpg,6
5765.jpg,1
5766.jpg,3
5767.jpg,1
5768.jpg,1
5769.jpg,3
5770.jpg,1
5771.jpg,1
5772.jpg,1
5773.jpg,1
5774.jpg,1
5775.jpg,1
5776.jpg,1
5777.jpg,1
5778.jpg,3
5779.jpg,6
5780.jpg,1
5781.jpg,6
5782.jpg,1
5783.jpg,6
5784.jpg,1
5785.jpg,1
5786.jpg,1
5787.jpg,1
5788.jpg,1
5789.jpg,1
5790.jpg,3
5791.jpg,1
5792.jpg,6
5793.jpg,4
5794.jpg,3
5795.jpg,4
5796.jpg,4
5797.jpg,3
5798.jpg,3
5799.jpg,7
5800.jpg,1
5801.jpg,4
5802.jpg,3
5803.jpg,3
5804.jpg,3
5805.jpg,3
5806.jpg,3
5807.jpg,3
5808.jpg,4
5809.jpg,6
5810.jpg,1
5811.jpg,4
5812.jpg,2
5813.jpg,3
5814.jpg,3
5815.jpg,7
5816.jpg,3
5817.jpg,1
5818.jpg,4
5819.jpg,3
5820.jpg,0
5821.jpg,3
5822.jpg,3
5823.jpg,0
5824.jpg,6
5825.jpg,3
5826.jpg,3
5827.jpg,0
5828.jpg,3
5829.jpg,1
5830.jpg,3
5831.jpg,3
5832.jpg,7
5833.jpg,4
5834.jpg,1
5835.jpg,1
5836.jpg,3
5837.jpg,3
5838.jpg,2
5839.jpg,7
5840.jpg,7
5841.jpg,2
5842.jpg,1
5843.jpg,2
5844.jpg,3
5845.jpg,3
5846.jpg,0
5847.jpg,1
5848.jpg,1
5849.jpg,1
5850.jpg,7
5851.jpg,1
5852.jpg,1
5853.jpg,3
5854.jpg,2
5855.jpg,3
5856.jpg,2
5857.jpg,1
5858.jpg,3
5859.jpg,1
5860.jpg,2
5861.jpg,1
5862.jpg,4
5863.jpg,1
5864.jpg,3
5865.jpg,1
5866.jpg,2
5867.jpg,1
5868.jpg,4
5869.jpg,8
5870.jpg,1
5871.jpg,1
5872.jpg,1
5873.jpg,3
5874.jpg,4
5875.jpg,6
5876.jpg,1
5877.jpg,4
5878.jpg,4
5879.jpg,1
5880.jpg,1
5881.jpg,5
5882.jpg,1
5883.jpg,4
5884.jpg,1
5885.jpg,4
5886.jpg,1
5887.jpg,4
5888.jpg,4
5889.jpg,5
5890.jpg,1
5891.jpg,4
5892.jpg,4
5893.jpg,2
5894.jpg,4
5895.jpg,1
5896.jpg,7
5897.jpg,1
5898.jpg,4
5899.jpg,1
5900.jpg,1
5901.jpg,0
5902.jpg,1
5903.jpg,8
5904.jpg,1
5905.jpg,4
5906.jpg,3
5907.jpg,3
5908.jpg,3
5909.jpg,3
5910.jpg,0
5911.jpg,3
5912.jpg,3
5913.jpg,0
5914.jpg,3
5915.jpg,6
5916.jpg,6
5917.jpg,6
5918.jpg,3
5919.jpg,4
5920.jpg,1
5921.jpg,0
5922.jpg,6
5923.jpg,6
5924.jpg,6
5925.jpg,6
5926.jpg,0
5927.jpg,6
5928.jpg,3
5929.jpg,3
5930.jpg,0
5931.jpg,6
5932.jpg,0
5933.jpg,0
5934.jpg,6
5935.jpg,0
5936.jpg,6
5937.jpg,6
5938.jpg,6
5939.jpg,5
5940.jpg,0
5941.jpg,0
5942.jpg,3
5943.jpg,6
5944.jpg,3
5945.jpg,3
5946.jpg,3
5947.jpg,3
5948.jpg,1
5949.jpg,8
5950.jpg,6
5951.jpg,0
5952.jpg,6
5953.jpg,6
5954.jpg,0
5955.jpg,6
5956.jpg,6
5957.jpg,6
5958.jpg,5
5959.jpg,1
5960.jpg,1
5961.jpg,6
5962.jpg,3
5963.jpg,6
5964.jpg,0
5965.jpg,6
5966.jpg,6
5967.jpg,6
5968.jpg,1
5969.jpg,1
5970.jpg,1
5971.jpg,1
5972.jpg,1
5973.jpg,1
5974.jpg,6
5975.jpg,1
5976.jpg,1
5977.jpg,1
5978.jpg,1
5979.jpg,1
5980.jpg,1
5981.jpg,1
5982.jpg,1
5983.jpg,1
5984.jpg,6
5985.jpg,1
5986.jpg,6
5987.jpg,1
5988.jpg,6
5989.jpg,1
5990.jpg,3
5991.jpg,1
5992.jpg,3
5993.jpg,1
5994.jpg,1
5995.jpg,1
5996.jpg,1
5997.jpg,3
5998.jpg,7
5999.jpg,6
6000.jpg,1
6001.jpg,1
6002.jpg,6
6003.jpg,6
6004.jpg,6
6005.jpg,6
6006.jpg,6
6007.jpg,1
6008.jpg,1
6009.jpg,1
6010.jpg,1
6011.jpg,1
6012.jpg,1
6013.jpg,1
6014.jpg,6
6015.jpg,1
6016.jpg,1
6017.jpg,1
6018.jpg,1
6019.jpg,1
6020.jpg,7
6021.jpg,1
6022.jpg,1
6023.jpg,1
6024.jpg,1
6025.jpg,6
6026.jpg,1
6027.jpg,1
6028.jpg,1
6029.jpg,1
6030.jpg,1
6031.jpg,1
6032.jpg,1
6033.jpg,1
6034.jpg,1
6035.jpg,1
6036.jpg,1
6037.jpg,1
6038.jpg,1
6039.jpg,1
6040.jpg,1
6041.jpg,1
6042.jpg,1
6043.jpg,3
6044.jpg,1
6045.jpg,1
6046.jpg,1
6047.jpg,1
6048.jpg,1
6049.jpg,1
6050.jpg,1
6051.jpg,1
6052.jpg,1
6053.jpg,1
6054.jpg,1
6055.jpg,1
6056.jpg,1
6057.jpg,1
6058.jpg,1
6059.jpg,1
6060.jpg,1
6061.jpg,1
6062.jpg,1
6063.jpg,1
6064.jpg,1
6065.jpg,1
6066.jpg,1
6067.jpg,1
6068.jpg,1
6069.jpg,1
6070.jpg,5
6071.jpg,1
6072.jpg,1
6073.jpg,1
6074.jpg,1
6075.jpg,1
6076.jpg,1
6077.jpg,1
6078.jpg,1
6079.jpg,1
6080.jpg,5
6081.jpg,1
6082.jpg,1
6083.jpg,1
6084.jpg,1
6085.jpg,1
6086.jpg,4
6087.jpg,1
6088.jpg,1
6089.jpg,4
6090.jpg,1
6091.jpg,1
6092.jpg,1
6093.jpg,1
6094.jpg,3
6095.jpg,3
6096.jpg,1
6097.jpg,1
6098.jpg,6
6099.jpg,1
6100.jpg,1
6101.jpg,1
6102.jpg,3
6103.jpg,1
6104.jpg,1
6105.jpg,4
6106.jpg,1
6107.jpg,1
6108.jpg,1
6109.jpg,3
6110.jpg,1
6111.jpg,6
6112.jpg,1
6113.jpg,4
6114.jpg,1
6115.jpg,1
6116.jpg,1
6117.jpg,4
6118.jpg,1
6119.jpg,1
6120.jpg,1
6121.jpg,1
6122.jpg,3
6123.jpg,7
6124.jpg,7
6125.jpg,1
6126.jpg,1
6127.jpg,3
6128.jpg,1
6129.jpg,1
6130.jpg,6
6131.jpg,3
6132.jpg,4
6133.jpg,1
6134.jpg,1
6135.jpg,1
6136.jpg,1
6137.jpg,1
6138.jpg,1
6139.jpg,1
6140.jpg,1
6141.jpg,3
6142.jpg,1
6143.jpg,1
6144.jpg,1
6145.jpg,3
6146.jpg,4
6147.jpg,7
6148.jpg,1
6149.jpg,3
6150.jpg,3
6151.jpg,4
6152.jpg,6
6153.jpg,4
6154.jpg,1
6155.jpg,4
6156.jpg,4
6157.jpg,3
6158.jpg,1
6159.jpg,4
6160.jpg,4
6161.jpg,4
6162.jpg,0
6163.jpg,1
6164.jpg,6
6165.jpg,1
6166.jpg,4
6167.jpg,4
6168.jpg,4
6169.jpg,1
6170.jpg,6
6171.jpg,4
6172.jpg,1
6173.jpg,1
6174.jpg,1
6175.jpg,1
6176.jpg,6
6177.jpg,3
6178.jpg,1
6179.jpg,1
6180.jpg,6
6181.jpg,4
6182.jpg,4
6183.jpg,4
6184.jpg,4
6185.jpg,3
6186.jpg,1
6187.jpg,8
6188.jpg,6
6189.jpg,6
6190.jpg,4
6191.jpg,1
6192.jpg,3
6193.jpg,1
6194.jpg,3
6195.jpg,4
6196.jpg,3
6197.jpg,1
6198.jpg,3
6199.jpg,4
6200.jpg,4
6201.jpg,1
6202.jpg,1
6203.jpg,3
6204.jpg,3
6205.jpg,3
6206.jpg,2
6207.jpg,3
6208.jpg,2
6209.jpg,3
6210.jpg,3
6211.jpg,3
6212.jpg,3
6213.jpg,0
6214.jpg,6
6215.jpg,6
6216.jpg,0
6217.jpg,6
6218.jpg,0
6219.jpg,7
6220.jpg,0
6221.jpg,3
6222.jpg,6
6223.jpg,0
6224.jpg,6
6225.jpg,0
6226.jpg,2
6227.jpg,2
6228.jpg,3
6229.jpg,3
6230.jpg,2
6231.jpg,0
6232.jpg,7
6233.jpg,0
6234.jpg,7
6235.jpg,3
6236.jpg,6
6237.jpg,7
6238.jpg,3
6239.jpg,3
6240.jpg,3
6241.jpg,7
6242.jpg,7
6243.jpg,3
6244.jpg,7
6245.jpg,3
6246.jpg,3
6247.jpg,3
6248.jpg,6
6249.jpg,6
6250.jpg,3
6251.jpg,4
6252.jpg,0
6253.jpg,2
6254.jpg,7
6255.jpg,2
6256.jpg,2
6257.jpg,2
6258.jpg,6
6259.jpg,3
6260.jpg,3
6261.jpg,3
6262.jpg,2
6263.jpg,3
6264.jpg,3
6265.jpg,3
6266.jpg,6
6267.jpg,4
6268.jpg,1
6269.jpg,1
6270.jpg,1
6271.jpg,7
6272.jpg,1
6273.jpg,1
6274.jpg,1
6275.jpg,6
6276.jpg,3
6277.jpg,3
6278.jpg,6
6279.jpg,3
6280.jpg,4
6281.jpg,3
6282.jpg,6
6283.jpg,3
6284.jpg,3
6285.jpg,3
6286.jpg,8
6287.jpg,3
6288.jpg,3
6289.jpg,6
6290.jpg,1
6291.jpg,7
6292.jpg,6
6293.jpg,3
6294.jpg,7
6295.jpg,4
6296.jpg,6
6297.jpg,1
6298.jpg,1
6299.jpg,6
6300.jpg,3
6301.jpg,1
6302.jpg,3
6303.jpg,4
6304.jpg,0
6305.jpg,1
6306.jpg,3
6307.jpg,3
6308.jpg,1
6309.jpg,3
6310.jpg,3
6311.jpg,3
6312.jpg,1
6313.jpg,3
6314.jpg,3
6315.jpg,1
6316.jpg,6
6317.jpg,1
6318.jpg,3
6319.jpg,6
6320.jpg,7
6321.jpg,3
6322.jpg,7
6323.jpg,1
6324.jpg,1
6325.jpg,1
6326.jpg,1
6327.jpg,7
6328.jpg,5
6329.jpg,1
6330.jpg,4
6331.jpg,3
6332.jpg,1
6333.jpg,4
6334.jpg,1
6335.jpg,1
6336.jpg,4
6337.jpg,4
6338.jpg,4
6339.jpg,4
6340.jpg,3
6341.jpg,6
6342.jpg,1
6343.jpg,4
6344.jpg,2
6345.jpg,1
6346.jpg,1
6347.jpg,1
6348.jpg,1
6349.jpg,4
6350.jpg,1
6351.jpg,1
6352.jpg,4
6353.jpg,1
6354.jpg,6
6355.jpg,1
6356.jpg,4
6357.jpg,1
6358.jpg,6
6359.jpg,1
6360.jpg,4
6361.jpg,1
6362.jpg,1
6363.jpg,1
6364.jpg,3
6365.jpg,1
6366.jpg,1
6367.jpg,1
6368.jpg,3
6369.jpg,4
6370.jpg,1
6371.jpg,4
6372.jpg,1
6373.jpg,1
6374.jpg,1
6375.jpg,1
6376.jpg,6
6377.jpg,1
6378.jpg,1
6379.jpg,1
6380.jpg,3
6381.jpg,1
6382.jpg,1
6383.jpg,3
6384.jpg,1
6385.jpg,7
6386.jpg,0
6387.jpg,3
6388.jpg,2
6389.jpg,2
6390.jpg,3
6391.jpg,3
6392.jpg,7
6393.jpg,2
6394.jpg,3
6395.jpg,3
6396.jpg,3
6397.jpg,3
6398.jpg,3
6399.jpg,2
6400.jpg,2
6401.jpg,3
6402.jpg,2
6403.jpg,3
6404.jpg,3
6405.jpg,3
6406.jpg,2
6407.jpg,7
6408.jpg,3
6409.jpg,6
6410.jpg,3
6411.jpg,3
6412.jpg,1
6413.jpg,2
6414.jpg,3
6415.jpg,0
6416.jpg,0
6417.jpg,3
6418.jpg,3
6419.jpg,2
6420.jpg,0
6421.jpg,2
6422.jpg,3
6423.jpg,3
6424.jpg,3
6425.jpg,3
6426.jpg,3
6427.jpg,3
6428.jpg,2
6429.jpg,0
6430.jpg,3
6431.jpg,3
6432.jpg,2
6433.jpg,3
6434.jpg,3
6435.jpg,2
6436.jpg,0
6437.jpg,3
6438.jpg,2
6439.jpg,6
6440.jpg,6
6441.jpg,3
6442.jpg,0
6443.jpg,0
6444.jpg,3
6445.jpg,2
6446.jpg,2
6447.jpg,2
6448.jpg,2
6449.jpg,4
6450.jpg,2
6451.jpg,2
6452.jpg,2
6453.jpg,2
6454.jpg,2
6455.jpg,2
6456.jpg,2
6457.jpg,2
6458.jpg,2
6459.jpg,2
6460.jpg,2
6461.jpg,2
6462.jpg,2
6463.jpg,2
6464.jpg,2
6465.jpg,2
6466.jpg,2
6467.jpg,2
6468.jpg,2
6469.jpg,2
6470.jpg,2
6471.jpg,2
6472.jpg,2
6473.jpg,2
6474.jpg,2
6475.jpg,2
6476.jpg,2
6477.jpg,2
6478.jpg,2
6479.jpg,2
6480.jpg,2
6481.jpg,2
6482.jpg,6
6483.jpg,2
6484.jpg,2
6485.jpg,2
6486.jpg,2
6487.jpg,2
6488.jpg,2
6489.jpg,2
6490.jpg,2
6491.jpg,2
6492.jpg,2
6493.jpg,2
6494.jpg,2
6495.jpg,2
6496.jpg,2
6497.jpg,2
6498.jpg,2
6499.jpg,2
6500.jpg,2
6501.jpg,2
6502.jpg,2
6503.jpg,2
6504.jpg,2
6505.jpg,2
6506.jpg,2
6507.jpg,6
6508.jpg,0
6509.jpg,6
6510.jpg,4
6511.jpg,0
6512.jpg,4
6513.jpg,6
6514.jpg,0
6515.jpg,0
6516.jpg,4
6517.jpg,4
6518.jpg,4
6519.jpg,0
6520.jpg,4
6521.jpg,0
6522.jpg,4
6523.jpg,4
6524.jpg,3
6525.jpg,0
6526.jpg,0
6527.jpg,4
6528.jpg,0
6529.jpg,4
6530.jpg,0
6531.jpg,0
6532.jpg,0
6533.jpg,0
6534.jpg,4
6535.jpg,4
6536.jpg,0
6537.jpg,0
6538.jpg,0
6539.jpg,4
6540.jpg,4
6541.jpg,6
6542.jpg,2
6543.jpg,0
6544.jpg,4
6545.jpg,2
6546.jpg,0
6547.jpg,0
6548.jpg,3
6549.jpg,0
6550.jpg,0
6551.jpg,2
6552.jpg,0
6553.jpg,4
6554.jpg,6
6555.jpg,2
6556.jpg,0
6557.jpg,4
6558.jpg,0
6559.jpg,0
6560.jpg,0
6561.jpg,4
6562.jpg,2
6563.jpg,0
6564.jpg,0
6565.jpg,0
6566.jpg,0
6567.jpg,2
6568.jpg,3
6569.jpg,0
6570.jpg,4
6571.jpg,0
6572.jpg,0
6573.jpg,0
6574.jpg,0
6575.jpg,0
6576.jpg,0
6577.jpg,0
6578.jpg,3
6579.jpg,0
6580.jpg,0
6581.jpg,0
6582.jpg,0
6583.jpg,0
6584.jpg,0
6585.jpg,0
6586.jpg,2
6587.jpg,0
6588.jpg,0
6589.jpg,0
6590.jpg,0
6591.jpg,0
6592.jpg,0
6593.jpg,0
6594.jpg,0
6595.jpg,2
6596.jpg,0
6597.jpg,2
6598.jpg,3
6599.jpg,0
6600.jpg,0
6601.jpg,0
6602.jpg,0
6603.jpg,3
6604.jpg,3
6605.jpg,0
6606.jpg,3
6607.jpg,4
6608.jpg,0
6609.jpg,0
6610.jpg,2
6611.jpg,3
6612.jpg,3
6613.jpg,0
6614.jpg,0
6615.jpg,0
6616.jpg,0
6617.jpg,0
6618.jpg,0
6619.jpg,4
6620.jpg,2
6621.jpg,3
6622.jpg,3
6623.jpg,0
6624.jpg,0
6625.jpg,1
6626.jpg,1
6627.jpg,1
6628.jpg,1
6629.jpg,1
6630.jpg,1
6631.jpg,1
6632.jpg,1
6633.jpg,1
6634.jpg,1
6635.jpg,1
6636.jpg,1
6637.jpg,1
6638.jpg,1
6639.jpg,1
6640.jpg,1
6641.jpg,1
6642.jpg,1
6643.jpg,5
6644.jpg,1
6645.jpg,1
6646.jpg,1
6647.jpg,1
6648.jpg,1
6649.jpg,1
6650.jpg,1
6651.jpg,1
6652.jpg,1
6653.jpg,4
6654.jpg,1
6655.jpg,5
6656.jpg,1
6657.jpg,1
6658.jpg,1
6659.jpg,1
6660.jpg,1
6661.jpg,1
6662.jpg,1
6663.jpg,1
6664.jpg,1
6665.jpg,1
6666.jpg,1
6667.jpg,1
6668.jpg,1
6669.jpg,1
6670.jpg,1
6671.jpg,1
6672.jpg,1
6673.jpg,1
6674.jpg,1
6675.jpg,5
6676.jpg,1
6677.jpg,1
6678.jpg,1
6679.jpg,1
6680.jpg,1
6681.jpg,1
6682.jpg,1
6683.jpg,1
6684.jpg,1
6685.jpg,6
6686.jpg,1
6687.jpg,6
6688.jpg,6
6689.jpg,1
6690.jpg,6
6691.jpg,1
6692.jpg,1
6693.jpg,1
6694.jpg,6
6695.jpg,1
6696.jpg,1
6697.jpg,5
6698.jpg,1
6699.jpg,4
6700.jpg,1
6701.jpg,1
6702.jpg,6
6703.jpg,4
6704.jpg,6
6705.jpg,3
6706.jpg,1
6707.jpg,1
6708.jpg,1
6709.jpg,1
6710.jpg,1
6711.jpg,1
6712.jpg,6
6713.jpg,6
6714.jpg,1
6715.jpg,1
6716.jpg,1
6717.jpg,1
6718.jpg,1
6719.jpg,6
6720.jpg,4
6721.jpg,6
6722.jpg,1
6723.jpg,1
6724.jpg,1
6725.jpg,6
6726.jpg,4
6727.jpg,1
6728.jpg,4
6729.jpg,1
6730.jpg,6
6731.jpg,4
6732.jpg,4
6733.jpg,6
6734.jpg,6
6735.jpg,1
6736.jpg,1
6737.jpg,6
6738.jpg,1
6739.jpg,1
6740.jpg,1
6741.jpg,1
6742.jpg,6
6743.jpg,6
6744.jpg,5
6745.jpg,3
6746.jpg,3
6747.jpg,1
6748.jpg,4
6749.jpg,1
6750.jpg,4
6751.jpg,1
6752.jpg,1
6753.jpg,4
6754.jpg,5
6755.jpg,5
6756.jpg,1
6757.jpg,1
6758.jpg,4
6759.jpg,1
6760.jpg,1
6761.jpg,1
6762.jpg,1
6763.jpg,1
6764.jpg,4
6765.jpg,1
6766.jpg,5
6767.jpg,1
6768.jpg,1
6769.jpg,1
6770.jpg,4
6771.jpg,6
6772.jpg,1
6773.jpg,1
6774.jpg,1
6775.jpg,1
6776.jpg,1
6777.jpg,6
6778.jpg,1
6779.jpg,1
6780.jpg,5
6781.jpg,4
6782.jpg,1
6783.jpg,5
6784.jpg,1
6785.jpg,1
6786.jpg,1
6787.jpg,5
6788.jpg,5
6789.jpg,4
6790.jpg,1
6791.jpg,4
6792.jpg,1
6793.jpg,1
6794.jpg,4
6795.jpg,1
6796.jpg,1
6797.jpg,1
6798.jpg,3
6799.jpg,3
6800.jpg,1
6801.jpg,1
6802.jpg,1
6803.jpg,1
6804.jpg,6
6805.jpg,1
6806.jpg,1
6807.jpg,1
6808.jpg,1
6809.jpg,7
6810.jpg,1
6811.jpg,1
6812.jpg,1
6813.jpg,3
6814.jpg,1
6815.jpg,1
6816.jpg,1
6817.jpg,1
6818.jpg,1
6819.jpg,1
6820.jpg,3
6821.jpg,1
6822.jpg,1
6823.jpg,1
6824.jpg,1
6825.jpg,1
6826.jpg,1
6827.jpg,1
6828.jpg,1
6829.jpg,1
6830.jpg,1
6831.jpg,1
6832.jpg,1
6833.jpg,1
6834.jpg,1
6835.jpg,1
6836.jpg,1
6837.jpg,1
6838.jpg,1
6839.jpg,1
6840.jpg,1
6841.jpg,1
6842.jpg,1
6843.jpg,1
6844.jpg,1
6845.jpg,1
6846.jpg,1
6847.jpg,1
6848.jpg,1
6849.jpg,1
6850.jpg,1
6851.jpg,1
6852.jpg,1
6853.jpg,1
6854.jpg,1
6855.jpg,1
6856.jpg,1
6857.jpg,1
6858.jpg,1
6859.jpg,7
6860.jpg,0
6861.jpg,0
6862.jpg,3
6863.jpg,1
6864.jpg,7
6865.jpg,1
6866.jpg,1
6867.jpg,7
6868.jpg,1
6869.jpg,7
6870.jpg,7
6871.jpg,0
6872.jpg,3
6873.jpg,0
6874.jpg,1
6875.jpg,7
6876.jpg,1
6877.jpg,6
6878.jpg,4
6879.jpg,3
6880.jpg,7
6881.jpg,3
6882.jpg,1
6883.jpg,3
6884.jpg,1
6885.jpg,6
6886.jpg,0
6887.jpg,4
6888.jpg,1
6889.jpg,6
6890.jpg,0
6891.jpg,0
6892.jpg,7
6893.jpg,1
6894.jpg,7
6895.jpg,1
6896.jpg,1
6897.jpg,0
6898.jpg,1
6899.jpg,0
6900.jpg,6
6901.jpg,0
6902.jpg,7
6903.jpg,0
6904.jpg,0
6905.jpg,1
6906.jpg,7
6907.jpg,3
6908.jpg,3
6909.jpg,7
6910.jpg,6
6911.jpg,7
6912.jpg,1
6913.jpg,3
6914.jpg,4
6915.jpg,3
6916.jpg,0
6917.jpg,1
6918.jpg,6
6919.jpg,1
6920.jpg,1
6921.jpg,8
6922.jpg,1
6923.jpg,1
6924.jpg,1
6925.jpg,1
6926.jpg,3
6927.jpg,1
6928.jpg,1
6929.jpg,1
6930.jpg,1
6931.jpg,1
6932.jpg,3
6933.jpg,1
6934.jpg,0
6935.jpg,1
6936.jpg,1
6937.jpg,1
6938.jpg,1
6939.jpg,6
6940.jpg,1
6941.jpg,1
6942.jpg,4
6943.jpg,1
6944.jpg,1
6945.jpg,1
6946.jpg,1
6947.jpg,1
6948.jpg,5
6949.jpg,1
6950.jpg,1
6951.jpg,1
6952.jpg,1
6953.jpg,1
6954.jpg,1
6955.jpg,1
6956.jpg,1
6957.jpg,1
6958.jpg,1
6959.jpg,1
6960.jpg,1
6961.jpg,1
6962.jpg,1
6963.jpg,1
6964.jpg,1
6965.jpg,1
6966.jpg,1
6967.jpg,1
6968.jpg,1
6969.jpg,1
6970.jpg,1
6971.jpg,1
6972.jpg,1
6973.jpg,1
6974.jpg,1
6975.jpg,4
6976.jpg,1
6977.jpg,1
6978.jpg,1
6979.jpg,6
6980.jpg,4
6981.jpg,1
6982.jpg,4
6983.jpg,4
6984.jpg,1
6985.jpg,1
6986.jpg,6
6987.jpg,1
6988.jpg,1
6989.jpg,1
6990.jpg,1
6991.jpg,6
6992.jpg,1
6993.jpg,3
6994.jpg,1
6995.jpg,6
6996.jpg,4
6997.jpg,1
6998.jpg,6
6999.jpg,1
7000.jpg,6
7001.jpg,3
7002.jpg,1
7003.jpg,6
7004.jpg,1
7005.jpg,6
7006.jpg,1
7007.jpg,1
7008.jpg,1
7009.jpg,6
7010.jpg,1
7011.jpg,1
7012.jpg,6
7013.jpg,3
7014.jpg,1
7015.jpg,1
7016.jpg,6
7017.jpg,1
7018.jpg,1
7019.jpg,3
7020.jpg,1
7021.jpg,1
7022.jpg,1
7023.jpg,1
7024.jpg,1
7025.jpg,6
7026.jpg,3
7027.jpg,1
7028.jpg,6
7029.jpg,1
7030.jpg,1
7031.jpg,1
7032.jpg,6
7033.jpg,1
7034.jpg,1
7035.jpg,1
7036.jpg,1
7037.jpg,1
7038.jpg,1
7039.jpg,1
7040.jpg,1
7041.jpg,1
7042.jpg,1
7043.jpg,4
7044.jpg,1
7045.jpg,1
7046.jpg,1
7047.jpg,1
7048.jpg,1
7049.jpg,1
7050.jpg,1
7051.jpg,1
7052.jpg,1
7053.jpg,1
7054.jpg,1
7055.jpg,1
7056.jpg,1
7057.jpg,1
7058.jpg,1
7059.jpg,1
7060.jpg,1
7061.jpg,1
7062.jpg,1
7063.jpg,5
7064.jpg,6
7065.jpg,1
7066.jpg,1
7067.jpg,1
7068.jpg,1
7069.jpg,1
7070.jpg,1
7071.jpg,1
7072.jpg,1
7073.jpg,1
7074.jpg,1
7075.jpg,1
7076.jpg,1
7077.jpg,1
7078.jpg,1
7079.jpg,1
7080.jpg,1
7081.jpg,1
7082.jpg,1
7083.jpg,1
7084.jpg,1
7085.jpg,1
7086.jpg,3
7087.jpg,1
7088.jpg,3
7089.jpg,1
7090.jpg,1
7091.jpg,3
7092.jpg,7
7093.jpg,1
7094.jpg,1
7095.jpg,1
7096.jpg,5
7097.jpg,0
7098.jpg,1
7099.jpg,6
7100.jpg,1
7101.jpg,1
7102.jpg,1
7103.jpg,1
7104.jpg,1
7105.jpg,1
7106.jpg,1
7107.jpg,1
7108.jpg,1
7109.jpg,1
7110.jpg,1
7111.jpg,1
7112.jpg,1
7113.jpg,1
7114.jpg,1
7115.jpg,1
7116.jpg,1
7117.jpg,1
7118.jpg,1
7119.jpg,1
7120.jpg,3
7121.jpg,1
7122.jpg,3
7123.jpg,1
7124.jpg,6
7125.jpg,1
7126.jpg,1
7127.jpg,1
7128.jpg,1
7129.jpg,1
7130.jpg,3
7131.jpg,1
7132.jpg,1
7133.jpg,1
7134.jpg,1
7135.jpg,1
7136.jpg,1
7137.jpg,1
7138.jpg,1
7139.jpg,1
7140.jpg,1
7141.jpg,1
7142.jpg,1
7143.jpg,1
7144.jpg,1
7145.jpg,3
7146.jpg,1
7147.jpg,1
7148.jpg,5
7149.jpg,5
7150.jpg,1
7151.jpg,1
7152.jpg,1
7153.jpg,1
7154.jpg,1
7155.jpg,1
7156.jpg,1
7157.jpg,0
7158.jpg,1
7159.jpg,4
7160.jpg,3
7161.jpg,4
7162.jpg,3
7163.jpg,1
7164.jpg,3
7165.jpg,1
7166.jpg,4
7167.jpg,1
7168.jpg,7
7169.jpg,3
7170.jpg,7
7171.jpg,3
7172.jpg,3
7173.jpg,4
7174.jpg,1
7175.jpg,3
7176.jpg,4
7177.jpg,1
7178.jpg,3
7179.jpg,1
7180.jpg,1
7181.jpg,1
7182.jpg,3
7183.jpg,4
7184.jpg,3
7185.jpg,1
7186.jpg,1
7187.jpg,3
7188.jpg,1
7189.jpg,1
7190.jpg,1
7191.jpg,4
7192.jpg,3
7193.jpg,1
7194.jpg,4
7195.jpg,4
7196.jpg,3
7197.jpg,7
7198.jpg,1
7199.jpg,3
7200.jpg,3
7201.jpg,3
7202.jpg,3
7203.jpg,3
7204.jpg,1
7205.jpg,3
7206.jpg,3
7207.jpg,1
7208.jpg,4
7209.jpg,3
7210.jpg,1
7211.jpg,4
7212.jpg,4
7213.jpg,6
7214.jpg,1
7215.jpg,1
7216.jpg,3
7217.jpg,1
7218.jpg,3
7219.jpg,2
7220.jpg,3
7221.jpg,3
7222.jpg,3
7223.jpg,3
7224.jpg,0
7225.jpg,3
7226.jpg,0
7227.jpg,3
7228.jpg,3
7229.jpg,2
7230.jpg,3
7231.jpg,0
7232.jpg,3
7233.jpg,0
7234.jpg,2
7235.jpg,3
7236.jpg,2
7237.jpg,3
7238.jpg,3
7239.jpg,3
7240.jpg,0
7241.jpg,2
7242.jpg,2
7243.jpg,3
7244.jpg,2
7245.jpg,0
7246.jpg,3
7247.jpg,3
7248.jpg,2
7249.jpg,3
7250.jpg,3
7251.jpg,3
7252.jpg,2
7253.jpg,0
7254.jpg,3
7255.jpg,2
7256.jpg,0
7257.jpg,3
7258.jpg,2
7259.jpg,2
7260.jpg,2
7261.jpg,3
7262.jpg,3
7263.jpg,2
7264.jpg,2
7265.jpg,0
7266.jpg,2
7267.jpg,3
7268.jpg,2
7269.jpg,2
7270.jpg,3
7271.jpg,2
7272.jpg,0
7273.jpg,2
7274.jpg,2
7275.jpg,3
7276.jpg,3
7277.jpg,1
7278.jpg,1
7279.jpg,1
7280.jpg,4
7281.jpg,1
7282.jpg,1
7283.jpg,1
7284.jpg,1
7285.jpg,1
7286.jpg,1
7287.jpg,1
7288.jpg,1
7289.jpg,1
7290.jpg,1
7291.jpg,1
7292.jpg,1
7293.jpg,1
7294.jpg,1
7295.jpg,1
7296.jpg,1
7297.jpg,1
7298.jpg,1
7299.jpg,1
7300.jpg,1
7301.jpg,1
7302.jpg,1
7303.jpg,1
7304.jpg,1
7305.jpg,1
7306.jpg,1
7307.jpg,1
7308.jpg,1
7309.jpg,1
7310.jpg,1
7311.jpg,1
7312.jpg,1
7313.jpg,1
7314.jpg,1
7315.jpg,1
7316.jpg,1
7317.jpg,1
7318.jpg,1
7319.jpg,1
7320.jpg,1
7321.jpg,1
7322.jpg,1
7323.jpg,1
7324.jpg,1
7325.jpg,1
7326.jpg,1
7327.jpg,1
7328.jpg,1
7329.jpg,1
7330.jpg,1
7331.jpg,1
7332.jpg,1
7333.jpg,1
7334.jpg,1
7335.jpg,1
7336.jpg,1
7337.jpg,3
7338.jpg,3
7339.jpg,3
7340.jpg,2
7341.jpg,3
7342.jpg,3
7343.jpg,3
7344.jpg,3
7345.jpg,3
7346.jpg,6
7347.jpg,6
7348.jpg,2
7349.jpg,0
7350.jpg,3
7351.jpg,3
7352.jpg,3
7353.jpg,3
7354.jpg,3
7355.jpg,3
7356.jpg,3
7357.jpg,2
7358.jpg,3
7359.jpg,2
7360.jpg,3
7361.jpg,3
7362.jpg,3
7363.jpg,6
7364.jpg,3
7365.jpg,6
7366.jpg,3
7367.jpg,3
7368.jpg,3
7369.jpg,2
7370.jpg,2
7371.jpg,3
7372.jpg,3
7373.jpg,3
7374.jpg,2
7375.jpg,2
7376.jpg,6
7377.jpg,2
7378.jpg,3
7379.jpg,2
7380.jpg,3
7381.jpg,4
7382.jpg,7
7383.jpg,4
7384.jpg,6
7385.jpg,0
7386.jpg,3
7387.jpg,3
7388.jpg,3
7389.jpg,3
7390.jpg,3
7391.jpg,3
7392.jpg,6
7393.jpg,3
7394.jpg,2
7395.jpg,6
7396.jpg,0
7397.jpg,3
7398.jpg,3
7399.jpg,0
7400.jpg,0
7401.jpg,0
7402.jpg,0
7403.jpg,0
7404.jpg,0
7405.jpg,0
7406.jpg,0
7407.jpg,0
7408.jpg,0
7409.jpg,3
7410.jpg,6
7411.jpg,0
7412.jpg,0
7413.jpg,0
7414.jpg,2
7415.jpg,0
7416.jpg,7
7417.jpg,0
7418.jpg,0
7419.jpg,0
7420.jpg,0
7421.jpg,0
7422.jpg,0
7423.jpg,3
7424.jpg,6
7425.jpg,3
7426.jpg,0
7427.jpg,0
7428.jpg,0
7429.jpg,3
7430.jpg,3
7431.jpg,0
7432.jpg,6
7433.jpg,0
7434.jpg,3
7435.jpg,0
7436.jpg,0
7437.jpg,0
7438.jpg,0
7439.jpg,3
7440.jpg,0
7441.jpg,0
7442.jpg,0
7443.jpg,0
7444.jpg,7
7445.jpg,3
7446.jpg,0
7447.jpg,3
7448.jpg,0
7449.jpg,3
7450.jpg,0
7451.jpg,0
7452.jpg,0
7453.jpg,3
7454.jpg,3
7455.jpg,2
7456.jpg,7
7457.jpg,3
7458.jpg,3
7459.jpg,7
7460.jpg,3
7461.jpg,4
7462.jpg,3
7463.jpg,7
7464.jpg,6
7465.jpg,6
7466.jpg,3
7467.jpg,6
7468.jpg,3
7469.jpg,3
7470.jpg,2
7471.jpg,3
7472.jpg,3
7473.jpg,2
7474.jpg,3
7475.jpg,6
7476.jpg,2
7477.jpg,3
7478.jpg,6
7479.jpg,6
7480.jpg,3
7481.jpg,3
7482.jpg,3
7483.jpg,6
7484.jpg,6
7485.jpg,2
7486.jpg,6
7487.jpg,3
7488.jpg,6
7489.jpg,3
7490.jpg,3
7491.jpg,3
7492.jpg,6
7493.jpg,6
7494.jpg,6
7495.jpg,3
7496.jpg,1
7497.jpg,1
7498.jpg,0
7499.jpg,6
7500.jpg,3
7501.jpg,3
7502.jpg,6
7503.jpg,3
7504.jpg,3
7505.jpg,3
7506.jpg,3
7507.jpg,3
7508.jpg,3
7509.jpg,3
7510.jpg,3
7511.jpg,6
7512.jpg,2
7513.jpg,0
7514.jpg,0
7515.jpg,3
7516.jpg,6
7517.jpg,6
7518.jpg,1
7519.jpg,6
7520.jpg,6
7521.jpg,1
7522.jpg,6
7523.jpg,6
7524.jpg,6
7525.jpg,1
7526.jpg,6
7527.jpg,6
7528.jpg,6
7529.jpg,1
7530.jpg,1
7531.jpg,6
7532.jpg,1
7533.jpg,1
7534.jpg,6
7535.jpg,7
7536.jpg,6
7537.jpg,1
7538.jpg,1
7539.jpg,1
7540.jpg,6
7541.jpg,7
7542.jpg,6
7543.jpg,1
7544.jpg,7
7545.jpg,6
7546.jpg,1
7547.jpg,1
7548.jpg,1
7549.jpg,7
7550.jpg,1
7551.jpg,1
7552.jpg,1
7553.jpg,6
7554.jpg,6
7555.jpg,1
7556.jpg,6
7557.jpg,6
7558.jpg,1
7559.jpg,7
7560.jpg,6
7561.jpg,6
7562.jpg,1
7563.jpg,6
7564.jpg,1
7565.jpg,1
7566.jpg,1
7567.jpg,1
7568.jpg,1
7569.jpg,1
7570.jpg,6
7571.jpg,3
7572.jpg,1
7573.jpg,0
7574.jpg,6
7575.jpg,1
7576.jpg,3
7577.jpg,1
7578.jpg,7
7579.jpg,1
7580.jpg,1
7581.jpg,3
7582.jpg,1
7583.jpg,6
7584.jpg,1
7585.jpg,1
7586.jpg,1
7587.jpg,1
7588.jpg,0
7589.jpg,6
7590.jpg,1
7591.jpg,1
7592.jpg,1
7593.jpg,6
7594.jpg,1
7595.jpg,1
7596.jpg,1
7597.jpg,1
7598.jpg,7
7599.jpg,1
7600.jpg,1
7601.jpg,1
7602.jpg,1
7603.jpg,1
7604.jpg,3
7605.jpg,1
7606.jpg,3
7607.jpg,1
7608.jpg,1
7609.jpg,2
7610.jpg,6
7611.jpg,1
7612.jpg,1
7613.jpg,1
7614.jpg,1
7615.jpg,1
7616.jpg,1
7617.jpg,1
7618.jpg,1
7619.jpg,1
7620.jpg,1
7621.jpg,3
7622.jpg,1
7623.jpg,7
7624.jpg,1
7625.jpg,3
7626.jpg,3
7627.jpg,4
7628.jpg,1
7629.jpg,0
7630.jpg,1
7631.jpg,1
7632.jpg,1
7633.jpg,1
7634.jpg,1
7635.jpg,1
7636.jpg,1
7637.jpg,1
7638.jpg,1
7639.jpg,1
7640.jpg,1
7641.jpg,5
7642.jpg,1
7643.jpg,1
7644.jpg,1
7645.jpg,1
7646.jpg,4
7647.jpg,1
7648.jpg,1
7649.jpg,1
7650.jpg,1
7651.jpg,1
7652.jpg,1
7653.jpg,5
7654.jpg,1
7655.jpg,1
7656.jpg,1
7657.jpg,1
7658.jpg,7
7659.jpg,1
7660.jpg,1
7661.jpg,1
7662.jpg,5
7663.jpg,1
7664.jpg,1
7665.jpg,1
7666.jpg,5
7667.jpg,1
7668.jpg,1
7669.jpg,1
7670.jpg,1
7671.jpg,1
7672.jpg,1
7673.jpg,1
7674.jpg,1
7675.jpg,1
7676.jpg,1
7677.jpg,1
7678.jpg,2
7679.jpg,1
7680.jpg,5
7681.jpg,1
7682.jpg,1
7683.jpg,1
7684.jpg,1
7685.jpg,1
7686.jpg,2
7687.jpg,4
7688.jpg,7
7689.jpg,5
7690.jpg,1
7691.jpg,1
7692.jpg,1
7693.jpg,1
7694.jpg,3
7695.jpg,3
7696.jpg,3
7697.jpg,3
7698.jpg,4
7699.jpg,3
7700.jpg,2
7701.jpg,4
7702.jpg,4
7703.jpg,4
7704.jpg,6
7705.jpg,1
7706.jpg,3
7707.jpg,1
7708.jpg,3
7709.jpg,3
7710.jpg,6
7711.jpg,3
7712.jpg,6
7713.jpg,6
7714.jpg,1
7715.jpg,6
7716.jpg,6
7717.jpg,3
7718.jpg,3
7719.jpg,1
7720.jpg,6
7721.jpg,3
7722.jpg,3
7723.jpg,1
7724.jpg,6
7725.jpg,3
7726.jpg,1
7727.jpg,3
7728.jpg,1
7729.jpg,1
7730.jpg,3
7731.jpg,4
7732.jpg,3
7733.jpg,3
7734.jpg,3
7735.jpg,3
7736.jpg,6
7737.jpg,1
7738.jpg,3
7739.jpg,3
7740.jpg,6
7741.jpg,3
7742.jpg,7
7743.jpg,4
7744.jpg,7
7745.jpg,3
7746.jpg,3
7747.jpg,7
7748.jpg,1
7749.jpg,3
7750.jpg,6
7751.jpg,1
7752.jpg,7
7753.jpg,1
7754.jpg,1
7755.jpg,1
7756.jpg,6
7757.jpg,6
7758.jpg,6
7759.jpg,1
7760.jpg,6
7761.jpg,1
7762.jpg,6
7763.jpg,6
7764.jpg,5
7765.jpg,1
7766.jpg,1
7767.jpg,6
7768.jpg,6
7769.jpg,6
7770.jpg,1
7771.jpg,6
7772.jpg,1
7773.jpg,1
7774.jpg,1
7775.jpg,1
7776.jpg,6
7777.jpg,6
7778.jpg,6
7779.jpg,6
7780.jpg,6
7781.jpg,1
7782.jpg,1
7783.jpg,1
7784.jpg,6
7785.jpg,6
7786.jpg,1
7787.jpg,6
7788.jpg,6
7789.jpg,6
7790.jpg,6
7791.jpg,1
7792.jpg,6
7793.jpg,1
7794.jpg,6
7795.jpg,1
7796.jpg,1
7797.jpg,1
7798.jpg,6
7799.jpg,4
7800.jpg,1
7801.jpg,6
7802.jpg,1
7803.jpg,6
7804.jpg,1
7805.jpg,1
7806.jpg,1
7807.jpg,1
7808.jpg,6
7809.jpg,1
7810.jpg,1
7811.jpg,1
7812.jpg,1
7813.jpg,0
7814.jpg,6
7815.jpg,0
7816.jpg,1
7817.jpg,0
7818.jpg,0
7819.jpg,6
7820.jpg,1
7821.jpg,1
7822.jpg,0
7823.jpg,0
7824.jpg,0
7825.jpg,1
7826.jpg,1
7827.jpg,1
7828.jpg,1
7829.jpg,0
7830.jpg,0
7831.jpg,6
7832.jpg,6
7833.jpg,0
7834.jpg,0
7835.jpg,1
7836.jpg,1
7837.jpg,1
7838.jpg,1
7839.jpg,1
7840.jpg,0
7841.jpg,1
7842.jpg,1
7843.jpg,0
7844.jpg,6
7845.jpg,1
7846.jpg,0
7847.jpg,0
7848.jpg,1
7849.jpg,1
7850.jpg,1
7851.jpg,6
7852.jpg,1
7853.jpg,0
7854.jpg,6
7855.jpg,1
7856.jpg,0
7857.jpg,6
7858.jpg,1
7859.jpg,0
7860.jpg,0
7861.jpg,0
7862.jpg,0
7863.jpg,0
7864.jpg,6
7865.jpg,4
7866.jpg,1
7867.jpg,0
7868.jpg,0
7869.jpg,6
7870.jpg,0
7871.jpg,0
7872.jpg,6
7873.jpg,1
7874.jpg,1
7875.jpg,6
7876.jpg,4
7877.jpg,2
7878.jpg,4
7879.jpg,2
7880.jpg,1
7881.jpg,7
7882.jpg,3
7883.jpg,4
7884.jpg,4
7885.jpg,1
7886.jpg,1
7887.jpg,1
7888.jpg,0
7889.jpg,6
7890.jpg,4
7891.jpg,4
7892.jpg,4
7893.jpg,4
7894.jpg,1
7895.jpg,1
7896.jpg,1
7897.jpg,6
7898.jpg,1
7899.jpg,1
7900.jpg,1
7901.jpg,4
7902.jpg,4
7903.jpg,1
7904.jpg,4
7905.jpg,1
7906.jpg,4
7907.jpg,1
7908.jpg,1
7909.jpg,1
7910.jpg,1
7911.jpg,4
7912.jpg,3
7913.jpg,3
7914.jpg,3
7915.jpg,4
7916.jpg,4
7917.jpg,4
7918.jpg,4
7919.jpg,4
7920.jpg,4
7921.jpg,3
7922.jpg,1
7923.jpg,1
7924.jpg,1
7925.jpg,4
7926.jpg,4
7927.jpg,4
7928.jpg,4
7929.jpg,3
7930.jpg,0
7931.jpg,3
7932.jpg,3
7933.jpg,3
7934.jpg,6
7935.jpg,2
7936.jpg,3
7937.jpg,3
7938.jpg,6
7939.jpg,6
7940.jpg,0
7941.jpg,0
7942.jpg,0
7943.jpg,3
7944.jpg,6
7945.jpg,3
7946.jpg,0
7947.jpg,0
7948.jpg,3
7949.jpg,3
7950.jpg,3
7951.jpg,7
7952.jpg,3
7953.jpg,0
7954.jpg,6
7955.jpg,0
7956.jpg,0
7957.jpg,2
7958.jpg,7
7959.jpg,3
7960.jpg,3
7961.jpg,6
7962.jpg,4
7963.jpg,3
7964.jpg,3
7965.jpg,6
7966.jpg,6
7967.jpg,7
7968.jpg,3
7969.jpg,4
7970.jpg,6
7971.jpg,7
7972.jpg,3
7973.jpg,4
7974.jpg,3
7975.jpg,3
7976.jpg,3
7977.jpg,3
7978.jpg,0
7979.jpg,3
7980.jpg,0
7981.jpg,3
7982.jpg,6
7983.jpg,3
7984.jpg,3
7985.jpg,2
7986.jpg,0
7987.jpg,7
7988.jpg,0
7989.jpg,2
7990.jpg,1
7991.jpg,6
7992.jpg,3
7993.jpg,2
7994.jpg,5
7995.jpg,2
7996.jpg,1
7997.jpg,1
7998.jpg,3
7999.jpg,3
8000.jpg,3
8001.jpg,4
8002.jpg,1
8003.jpg,2
8004.jpg,1
8005.jpg,1
8006.jpg,3
8007.jpg,2
8008.jpg,1
8009.jpg,3
8010.jpg,2
8011.jpg,3
8012.jpg,1
8013.jpg,1
8014.jpg,3
8015.jpg,2
8016.jpg,4
8017.jpg,2
8018.jpg,1
8019.jpg,1
8020.jpg,4
8021.jpg,3
8022.jpg,3
8023.jpg,2
8024.jpg,1
8025.jpg,3
8026.jpg,4
8027.jpg,2
8028.jpg,1
8029.jpg,1
8030.jpg,2
8031.jpg,2
8032.jpg,7
8033.jpg,4
8034.jpg,7
8035.jpg,4
8036.jpg,3
8037.jpg,3
8038.jpg,2
8039.jpg,1
8040.jpg,1
8041.jpg,3
8042.jpg,7
8043.jpg,1
8044.jpg,1
8045.jpg,1
8046.jpg,4
8047.jpg,4
8048.jpg,4
8049.jpg,1
8050.jpg,3
8051.jpg,1
8052.jpg,1
8053.jpg,1
8054.jpg,6
8055.jpg,1
8056.jpg,6
8057.jpg,1
8058.jpg,6
8059.jpg,1
8060.jpg,1
8061.jpg,1
8062.jpg,3
8063.jpg,6
8064.jpg,1
8065.jpg,6
8066.jpg,6
8067.jpg,1
8068.jpg,1
8069.jpg,6
8070.jpg,1
8071.jpg,1
8072.jpg,6
8073.jpg,1
8074.jpg,1
8075.jpg,1
8076.jpg,1
8077.jpg,1
8078.jpg,1
8079.jpg,3
8080.jpg,1
8081.jpg,1
8082.jpg,3
8083.jpg,1
8084.jpg,6
8085.jpg,3
8086.jpg,6
8087.jpg,6
8088.jpg,1
8089.jpg,3
8090.jpg,6
8091.jpg,1
8092.jpg,3
8093.jpg,1
8094.jpg,6
8095.jpg,6
8096.jpg,4
8097.jpg,3
8098.jpg,1
8099.jpg,6
8100.jpg,4
8101.jpg,1
8102.jpg,1
8103.jpg,1
8104.jpg,3
8105.jpg,1
8106.jpg,4
8107.jpg,6
8108.jpg,1
8109.jpg,3
8110.jpg,3
8111.jpg,3
8112.jpg,1
8113.jpg,4
8114.jpg,1
8115.jpg,2
8116.jpg,1
8117.jpg,5
8118.jpg,4
8119.jpg,4
8120.jpg,3
8121.jpg,3
8122.jpg,3
8123.jpg,2
8124.jpg,4
8125.jpg,1
8126.jpg,1
8127.jpg,2
8128.jpg,1
8129.jpg,4
8130.jpg,4
8131.jpg,3
8132.jpg,3
8133.jpg,3
8134.jpg,1
8135.jpg,2
8136.jpg,2
8137.jpg,4
8138.jpg,3
8139.jpg,2
8140.jpg,3
8141.jpg,3
8142.jpg,1
8143.jpg,3
8144.jpg,3
8145.jpg,7
8146.jpg,4
8147.jpg,3
8148.jpg,1
8149.jpg,3
8150.jpg,2
8151.jpg,1
8152.jpg,3
8153.jpg,4
8154.jpg,3
8155.jpg,4
8156.jpg,1
8157.jpg,1
8158.jpg,6
8159.jpg,1
8160.jpg,3
8161.jpg,3
8162.jpg,3
8163.jpg,2
8164.jpg,4
8165.jpg,5
8166.jpg,1
8167.jpg,3
8168.jpg,4
8169.jpg,4
8170.jpg,1
8171.jpg,1
8172.jpg,6
8173.jpg,7
8174.jpg,1
8175.jpg,4
8176.jpg,3
8177.jpg,4
8178.jpg,1
8179.jpg,6
8180.jpg,6
8181.jpg,1
8182.jpg,5
8183.jpg,6
8184.jpg,7
8185.jpg,3
8186.jpg,6
8187.jpg,1
8188.jpg,6
8189.jpg,6
8190.jpg,3
8191.jpg,7
8192.jpg,4
8193.jpg,4
8194.jpg,6
8195.jpg,4
8196.jpg,1
8197.jpg,6
8198.jpg,3
8199.jpg,3
8200.jpg,4
8201.jpg,6
8202.jpg,6
8203.jpg,6
8204.jpg,4
8205.jpg,7
8206.jpg,3
8207.jpg,3
8208.jpg,4
8209.jpg,6
8210.jpg,1
8211.jpg,6
8212.jpg,1
8213.jpg,6
8214.jpg,1
8215.jpg,1
8216.jpg,1
8217.jpg,3
8218.jpg,8
8219.jpg,7
8220.jpg,7
8221.jpg,6
8222.jpg,1
8223.jpg,1
8224.jpg,7
8225.jpg,1
8226.jpg,6
8227.jpg,4
8228.jpg,4
8229.jpg,1
8230.jpg,4
8231.jpg,6
8232.jpg,3
8233.jpg,6
8234.jpg,5
8235.jpg,6
8236.jpg,6
8237.jpg,3
8238.jpg,6
8239.jpg,3
8240.jpg,6
8241.jpg,6
8242.jpg,6
8243.jpg,6
8244.jpg,4
8245.jpg,6
8246.jpg,6
8247.jpg,6
8248.jpg,6
8249.jpg,6
8250.jpg,4
8251.jpg,3
8252.jpg,1
8253.jpg,7
8254.jpg,6
8255.jpg,0
8256.jpg,7
8257.jpg,6
8258.jpg,6
8259.jpg,6
8260.jpg,6
8261.jpg,6
8262.jpg,6
8263.jpg,1
8264.jpg,6
8265.jpg,6
8266.jpg,4
8267.jpg,1
8268.jpg,1
8269.jpg,6
8270.jpg,6
8271.jpg,3
8272.jpg,7
8273.jpg,3
8274.jpg,6
8275.jpg,6
8276.jpg,6
8277.jpg,3
8278.jpg,6
8279.jpg,1
8280.jpg,6
8281.jpg,7
8282.jpg,6
8283.jpg,6
8284.jpg,3
8285.jpg,6
8286.jpg,6
8287.jpg,1
8288.jpg,3
8289.jpg,0
8290.jpg,2
8291.jpg,0
8292.jpg,3
8293.jpg,3
8294.jpg,3
8295.jpg,3
8296.jpg,3
8297.jpg,3
8298.jpg,2
8299.jpg,4
8300.jpg,3
8301.jpg,3
8302.jpg,3
8303.jpg,2
8304.jpg,3
8305.jpg,6
8306.jpg,0
8307.jpg,3
8308.jpg,0
8309.jpg,3
8310.jpg,3
8311.jpg,3
8312.jpg,3
8313.jpg,0
8314.jpg,0
8315.jpg,3
8316.jpg,6
8317.jpg,6
8318.jpg,2
8319.jpg,3
8320.jpg,3
8321.jpg,7
8322.jpg,7
8323.jpg,0
8324.jpg,0
8325.jpg,3
8326.jpg,6
8327.jpg,3
8328.jpg,3
8329.jpg,3
8330.jpg,7
8331.jpg,3
8332.jpg,3
8333.jpg,3
8334.jpg,0
8335.jpg,3
8336.jpg,3
8337.jpg,3
8338.jpg,0
8339.jpg,2
8340.jpg,3
8341.jpg,3
8342.jpg,8
8343.jpg,3
8344.jpg,2
8345.jpg,3
8346.jpg,6
8347.jpg,3
8348.jpg,4
8349.jpg,1
8350.jpg,6
8351.jpg,1
8352.jpg,1
8353.jpg,1
8354.jpg,1
8355.jpg,1
8356.jpg,1
8357.jpg,4
8358.jpg,6
8359.jpg,1
8360.jpg,7
8361.jpg,1
8362.jpg,1
8363.jpg,3
8364.jpg,3
8365.jpg,4
8366.jpg,3
8367.jpg,1
8368.jpg,5
8369.jpg,1
8370.jpg,1
8371.jpg,1
8372.jpg,1
8373.jpg,4
8374.jpg,1
8375.jpg,3
8376.jpg,1
8377.jpg,1
8378.jpg,1
8379.jpg,1
8380.jpg,1
8381.jpg,3
8382.jpg,1
8383.jpg,1
8384.jpg,1
8385.jpg,1
8386.jpg,3
8387.jpg,1
8388.jpg,1
8389.jpg,1
8390.jpg,1
8391.jpg,1
8392.jpg,1
8393.jpg,4
8394.jpg,1
8395.jpg,7
8396.jpg,1
8397.jpg,3
8398.jpg,1
8399.jpg,1
8400.jpg,1
8401.jpg,3
8402.jpg,7
8403.jpg,1
8404.jpg,1
8405.jpg,1
8406.jpg,1
8407.jpg,1
8408.jpg,1
8409.jpg,1
8410.jpg,1
8411.jpg,7
8412.jpg,1
8413.jpg,1
8414.jpg,1
8415.jpg,1
8416.jpg,4
8417.jpg,1
8418.jpg,1
8419.jpg,4
8420.jpg,4
8421.jpg,1
8422.jpg,1
8423.jpg,1
8424.jpg,1
8425.jpg,4
8426.jpg,1
8427.jpg,1
8428.jpg,4
8429.jpg,4
8430.jpg,1
8431.jpg,4
8432.jpg,1
8433.jpg,1
8434.jpg,4
8435.jpg,1
8436.jpg,1
8437.jpg,4
8438.jpg,3
8439.jpg,4
8440.jpg,4
8441.jpg,1
8442.jpg,1
8443.jpg,1
8444.jpg,1
8445.jpg,1
8446.jpg,4
8447.jpg,5
8448.jpg,1
8449.jpg,4
8450.jpg,4
8451.jpg,4
8452.jpg,4
8453.jpg,4
8454.jpg,7
8455.jpg,1
8456.jpg,3
8457.jpg,1
8458.jpg,1
8459.jpg,1
8460.jpg,1
8461.jpg,1
8462.jpg,4
8463.jpg,4
8464.jpg,1
8465.jpg,1
8466.jpg,1
8467.jpg,1
8468.jpg,1
8469.jpg,4
8470.jpg,1
8471.jpg,1
8472.jpg,1
8473.jpg,1
8474.jpg,1
8475.jpg,1
8476.jpg,3
8477.jpg,1
8478.jpg,3
8479.jpg,1
8480.jpg,1
8481.jpg,6
8482.jpg,1
8483.jpg,1
8484.jpg,1
8485.jpg,1
8486.jpg,1
8487.jpg,6
8488.jpg,1
8489.jpg,1
8490.jpg,3
8491.jpg,4
8492.jpg,1
8493.jpg,4
8494.jpg,6
8495.jpg,3
8496.jpg,3
8497.jpg,3
8498.jpg,1
8499.jpg,6
8500.jpg,1
8501.jpg,7
8502.jpg,6
8503.jpg,1
8504.jpg,1
8505.jpg,3
8506.jpg,6
8507.jpg,3
8508.jpg,1
8509.jpg,3
8510.jpg,2
8511.jpg,1
8512.jpg,1
8513.jpg,7
8514.jpg,3
8515.jpg,1
8516.jpg,6
8517.jpg,1
8518.jpg,1
8519.jpg,3
8520.jpg,6
8521.jpg,6
8522.jpg,1
8523.jpg,3
8524.jpg,1
8525.jpg,1
8526.jpg,1
8527.jpg,1
8528.jpg,1
8529.jpg,1
8530.jpg,1
8531.jpg,1
8532.jpg,1
8533.jpg,6
8534.jpg,6
8535.jpg,6
8536.jpg,1
8537.jpg,1
8538.jpg,1
8539.jpg,6
8540.jpg,6
8541.jpg,1
8542.jpg,6
8543.jpg,7
8544.jpg,7
8545.jpg,6
8546.jpg,1
8547.jpg,1
8548.jpg,6
8549.jpg,1
8550.jpg,1
8551.jpg,1
8552.jpg,7
8553.jpg,1
8554.jpg,1
8555.jpg,1
8556.jpg,6
8557.jpg,1
8558.jpg,1
8559.jpg,1
8560.jpg,6
8561.jpg,1
8562.jpg,1
8563.jpg,1
8564.jpg,1
8565.jpg,1
8566.jpg,1
8567.jpg,1
8568.jpg,6
8569.jpg,1
8570.jpg,6
8571.jpg,1
8572.jpg,6
8573.jpg,6
8574.jpg,1
8575.jpg,1
8576.jpg,1
8577.jpg,1
8578.jpg,1
8579.jpg,6
8580.jpg,1
8581.jpg,6
8582.jpg,1
8583.jpg,7
8584.jpg,6
8585.jpg,1
8586.jpg,6
8587.jpg,1
8588.jpg,2
8589.jpg,1
8590.jpg,1
8591.jpg,1
8592.jpg,6
8593.jpg,1
8594.jpg,4
8595.jpg,7
8596.jpg,3
8597.jpg,4
8598.jpg,1
8599.jpg,3
8600.jpg,4
8601.jpg,3
8602.jpg,6
8603.jpg,6
8604.jpg,4
8605.jpg,1
8606.jpg,3
8607.jpg,1
8608.jpg,1
8609.jpg,6
8610.jpg,1
8611.jpg,1
8612.jpg,6
8613.jpg,3
8614.jpg,1
8615.jpg,1
8616.jpg,6
8617.jpg,1
8618.jpg,7
8619.jpg,1
8620.jpg,1
8621.jpg,3
8622.jpg,6
8623.jpg,1
8624.jpg,1
8625.jpg,1
8626.jpg,6
8627.jpg,1
8628.jpg,1
8629.jpg,1
8630.jpg,6
8631.jpg,6
8632.jpg,5
8633.jpg,1
8634.jpg,4
8635.jpg,1
8636.jpg,1
8637.jpg,1
8638.jpg,1
8639.jpg,1
8640.jpg,6
8641.jpg,1
8642.jpg,3
8643.jpg,3
8644.jpg,3
8645.jpg,7
8646.jpg,3
8647.jpg,0
8648.jpg,2
8649.jpg,3
8650.jpg,3
8651.jpg,2
8652.jpg,3
8653.jpg,3
8654.jpg,0
8655.jpg,3
8656.jpg,3
8657.jpg,3
8658.jpg,3
8659.jpg,0
8660.jpg,3
8661.jpg,0
8662.jpg,7
8663.jpg,3
8664.jpg,3
8665.jpg,3
8666.jpg,3
8667.jpg,3
8668.jpg,7
8669.jpg,2
8670.jpg,0
8671.jpg,2
8672.jpg,2
8673.jpg,2
8674.jpg,3
8675.jpg,3
8676.jpg,3
8677.jpg,2
8678.jpg,0
8679.jpg,3
8680.jpg,3
8681.jpg,3
8682.jpg,2
8683.jpg,3
8684.jpg,3
8685.jpg,2
8686.jpg,3
8687.jpg,3
8688.jpg,3
8689.jpg,5
8690.jpg,3
8691.jpg,2
8692.jpg,3
8693.jpg,3
8694.jpg,3
8695.jpg,3
8696.jpg,0
8697.jpg,3
8698.jpg,3
8699.jpg,3
8700.jpg,2
8701.jpg,3
8702.jpg,2
8703.jpg,2
8704.jpg,2
8705.jpg,1
8706.jpg,1
8707.jpg,8
8708.jpg,8
8709.jpg,4
8710.jpg,1
8711.jpg,8
8712.jpg,4
8713.jpg,4
8714.jpg,8
8715.jpg,8
8716.jpg,1
8717.jpg,1
8718.jpg,8
8719.jpg,8
8720.jpg,4
8721.jpg,3
8722.jpg,3
8723.jpg,8
8724.jpg,1
8725.jpg,1
8726.jpg,8
8727.jpg,4
8728.jpg,5
8729.jpg,1
8730.jpg,8
8731.jpg,3
8732.jpg,1
8733.jpg,1
8734.jpg,4
8735.jpg,3
8736.jpg,1
8737.jpg,1
8738.jpg,1
8739.jpg,8
8740.jpg,8
8741.jpg,1
8742.jpg,1
8743.jpg,1
8744.jpg,3
8745.jpg,3
8746.jpg,3
8747.jpg,3
8748.jpg,3
8749.jpg,8
8750.jpg,1
8751.jpg,3
8752.jpg,1
8753.jpg,1
8754.jpg,1
8755.jpg,1
8756.jpg,3
8757.jpg,1
8758.jpg,1
8759.jpg,8
8760.jpg,8
8761.jpg,3
8762.jpg,8
8763.jpg,1
8764.jpg,1
8765.jpg,3
8766.jpg,2
8767.jpg,2
8768.jpg,6
8769.jpg,3
8770.jpg,6
8771.jpg,0
8772.jpg,3
8773.jpg,3
8774.jpg,3
8775.jpg,3
8776.jpg,3
8777.jpg,6
8778.jpg,0
8779.jpg,3
8780.jpg,3
8781.jpg,3
8782.jpg,6
8783.jpg,6
8784.jpg,6
8785.jpg,3
8786.jpg,3
8787.jpg,3
8788.jpg,0
8789.jpg,3
8790.jpg,3
8791.jpg,6
8792.jpg,3
8793.jpg,3
8794.jpg,3
8795.jpg,0
8796.jpg,3
8797.jpg,7
8798.jpg,0
8799.jpg,0
8800.jpg,3
8801.jpg,3
8802.jpg,2
8803.jpg,3
8804.jpg,3
8805.jpg,0
8806.jpg,6
8807.jpg,3
8808.jpg,3
8809.jpg,6
8810.jpg,3
8811.jpg,3
8812.jpg,3
8813.jpg,3
8814.jpg,3
8815.jpg,2
8816.jpg,6
8817.jpg,3
8818.jpg,3
8819.jpg,0
8820.jpg,6
8821.jpg,0
8822.jpg,3
8823.jpg,3
8824.jpg,6
8825.jpg,7
8826.jpg,1
8827.jpg,4
8828.jpg,3
8829.jpg,1
8830.jpg,1
8831.jpg,1
8832.jpg,1
8833.jpg,1
8834.jpg,3
8835.jpg,4
8836.jpg,1
8837.jpg,4
8838.jpg,1
8839.jpg,4
8840.jpg,6
8841.jpg,1
8842.jpg,6
8843.jpg,4
8844.jpg,4
8845.jpg,1
8846.jpg,1
8847.jpg,4
8848.jpg,4
8849.jpg,1
8850.jpg,1
8851.jpg,1
8852.jpg,1
8853.jpg,1
8854.jpg,1
8855.jpg,1
8856.jpg,1
8857.jpg,5
8858.jpg,1
8859.jpg,7
8860.jpg,1
8861.jpg,1
8862.jpg,7
8863.jpg,1
8864.jpg,1
8865.jpg,7
8866.jpg,1
8867.jpg,4
8868.jpg,1
8869.jpg,1
8870.jpg,1
8871.jpg,6
8872.jpg,1
8873.jpg,1
8874.jpg,1
8875.jpg,5
8876.jpg,1
8877.jpg,5
8878.jpg,1
8879.jpg,1
8880.jpg,1
8881.jpg,1
8882.jpg,6
8883.jpg,1
8884.jpg,1
8885.jpg,6
8886.jpg,1
8887.jpg,1
8888.jpg,1
8889.jpg,1
8890.jpg,1
8891.jpg,4
8892.jpg,1
8893.jpg,1
8894.jpg,1
8895.jpg,1
8896.jpg,1
8897.jpg,1
8898.jpg,1
8899.jpg,1
8900.jpg,6
8901.jpg,1
8902.jpg,1
8903.jpg,1
8904.jpg,1
8905.jpg,0
8906.jpg,1
8907.jpg,1
8908.jpg,1
8909.jpg,1
8910.jpg,1
8911.jpg,1
8912.jpg,1
8913.jpg,0
8914.jpg,1
8915.jpg,1
8916.jpg,1
8917.jpg,1
8918.jpg,1
8919.jpg,0
8920.jpg,1
8921.jpg,0
8922.jpg,6
8923.jpg,1
8924.jpg,1
8925.jpg,1
8926.jpg,1
8927.jpg,6
8928.jpg,1
8929.jpg,1
8930.jpg,1
8931.jpg,1
8932.jpg,1
8933.jpg,1
8934.jpg,6
8935.jpg,1
8936.jpg,6
8937.jpg,1
8938.jpg,0
8939.jpg,1
8940.jpg,1
8941.jpg,1
8942.jpg,6
8943.jpg,1
8944.jpg,1
8945.jpg,1
8946.jpg,1
8947.jpg,0
8948.jpg,3
8949.jpg,1
8950.jpg,5
8951.jpg,4
8952.jpg,5
8953.jpg,1
8954.jpg,4
8955.jpg,4
8956.jpg,1
8957.jpg,1
8958.jpg,4
8959.jpg,1
8960.jpg,6
8961.jpg,1
8962.jpg,1
8963.jpg,1
8964.jpg,1
8965.jpg,3
8966.jpg,1
8967.jpg,5
8968.jpg,1
8969.jpg,3
8970.jpg,7
8971.jpg,4
8972.jpg,1
8973.jpg,5
8974.jpg,7
8975.jpg,4
8976.jpg,1
8977.jpg,1
8978.jpg,1
8979.jpg,4
8980.jpg,6
8981.jpg,1
8982.jpg,1
8983.jpg,4
8984.jpg,1
8985.jpg,4
8986.jpg,4
8987.jpg,4
8988.jpg,4
8989.jpg,3
8990.jpg,1
8991.jpg,7
8992.jpg,4
8993.jpg,3
8994.jpg,3
8995.jpg,1
8996.jpg,4
8997.jpg,5
8998.jpg,4
8999.jpg,3
9000.jpg,5
9001.jpg,6
9002.jpg,6
9003.jpg,1
9004.jpg,1
9005.jpg,1
9006.jpg,3
9007.jpg,7
9008.jpg,0
9009.jpg,7
9010.jpg,3
9011.jpg,4
9012.jpg,0
9013.jpg,4
9014.jpg,3
9015.jpg,7
9016.jpg,6
9017.jpg,6
9018.jpg,6
9019.jpg,1
9020.jpg,7
9021.jpg,3
9022.jpg,7
9023.jpg,6
9024.jpg,3
9025.jpg,6
9026.jpg,1
9027.jpg,1
9028.jpg,6
9029.jpg,6
9030.jpg,6
9031.jpg,6
9032.jpg,6
9033.jpg,1
9034.jpg,6
9035.jpg,7
9036.jpg,4
9037.jpg,0
9038.jpg,0
9039.jpg,1
9040.jpg,1
9041.jpg,6
9042.jpg,4
9043.jpg,7
9044.jpg,6
9045.jpg,1
9046.jpg,3
9047.jpg,1
9048.jpg,3
9049.jpg,3
9050.jpg,6
9051.jpg,6
9052.jpg,1
9053.jpg,6
9054.jpg,6
9055.jpg,1
9056.jpg,0
9057.jpg,1
9058.jpg,4
9059.jpg,6
9060.jpg,7
9061.jpg,4
9062.jpg,1
9063.jpg,1
9064.jpg,1
9065.jpg,1
9066.jpg,1
9067.jpg,1
9068.jpg,1
9069.jpg,1
9070.jpg,1
9071.jpg,5
9072.jpg,1
9073.jpg,1
9074.jpg,1
9075.jpg,1
9076.jpg,1
9077.jpg,1
9078.jpg,1
9079.jpg,1
9080.jpg,1
9081.jpg,1
9082.jpg,5
9083.jpg,1
9084.jpg,6
9085.jpg,1
9086.jpg,1
9087.jpg,4
9088.jpg,1
9089.jpg,1
9090.jpg,1
9091.jpg,1
9092.jpg,1
9093.jpg,1
9094.jpg,1
9095.jpg,1
9096.jpg,1
9097.jpg,1
9098.jpg,1
9099.jpg,1
9100.jpg,1
9101.jpg,1
9102.jpg,1
9103.jpg,1
9104.jpg,1
9105.jpg,1
9106.jpg,1
9107.jpg,1
9108.jpg,1
9109.jpg,1
9110.jpg,1
9111.jpg,1
9112.jpg,1
9113.jpg,1
9114.jpg,1
9115.jpg,1
9116.jpg,1
9117.jpg,1
9118.jpg,7
9119.jpg,1
9120.jpg,1
9121.jpg,3
9122.jpg,3
9123.jpg,3
9124.jpg,3
9125.jpg,4
9126.jpg,3
9127.jpg,3
9128.jpg,3
9129.jpg,3
9130.jpg,3
9131.jpg,3
9132.jpg,1
9133.jpg,0
9134.jpg,0
9135.jpg,3
9136.jpg,3
9137.jpg,0
9138.jpg,0
9139.jpg,4
9140.jpg,3
9141.jpg,0
9142.jpg,3
9143.jpg,2
9144.jpg,3
9145.jpg,3
9146.jpg,3
9147.jpg,3
9148.jpg,3
9149.jpg,3
9150.jpg,3
9151.jpg,3
9152.jpg,3
9153.jpg,3
9154.jpg,0
9155.jpg,4
9156.jpg,3
9157.jpg,0
9158.jpg,3
9159.jpg,0
9160.jpg,3
9161.jpg,3
9162.jpg,3
9163.jpg,3
9164.jpg,3
9165.jpg,0
9166.jpg,3
9167.jpg,3
9168.jpg,3
9169.jpg,1
9170.jpg,3
9171.jpg,3
9172.jpg,3
9173.jpg,1
9174.jpg,3
9175.jpg,1
9176.jpg,1
9177.jpg,1
9178.jpg,1
9179.jpg,8
9180.jpg,1
9181.jpg,4
9182.jpg,3
9183.jpg,1
9184.jpg,1
9185.jpg,1
9186.jpg,3
9187.jpg,1
9188.jpg,1
9189.jpg,1
9190.jpg,4
9191.jpg,3
9192.jpg,3
9193.jpg,1
9194.jpg,7
9195.jpg,1
9196.jpg,1
9197.jpg,3
9198.jpg,1
9199.jpg,7
9200.jpg,1
9201.jpg,1
9202.jpg,1
9203.jpg,3
9204.jpg,1
9205.jpg,7
9206.jpg,1
9207.jpg,1
9208.jpg,7
9209.jpg,1
9210.jpg,1
9211.jpg,7
9212.jpg,3
9213.jpg,3
9214.jpg,7
9215.jpg,1
9216.jpg,3
9217.jpg,4
9218.jpg,4
9219.jpg,1
9220.jpg,1
9221.jpg,1
9222.jpg,1
9223.jpg,6
9224.jpg,1
9225.jpg,1
9226.jpg,3
9227.jpg,4
9228.jpg,1
9229.jpg,1
9230.jpg,1
9231.jpg,1
9232.jpg,3
9233.jpg,1
9234.jpg,1
9235.jpg,1
9236.jpg,1
9237.jpg,1
9238.jpg,6
9239.jpg,1
9240.jpg,1
9241.jpg,3
9242.jpg,1
9243.jpg,1
9244.jpg,1
9245.jpg,1
9246.jpg,1
9247.jpg,1
9248.jpg,1
9249.jpg,1
9250.jpg,1
9251.jpg,1
9252.jpg,6
9253.jpg,7
9254.jpg,1
9255.jpg,1
9256.jpg,7
9257.jpg,1
9258.jpg,1
9259.jpg,0
9260.jpg,1
9261.jpg,1
9262.jpg,1
9263.jpg,1
9264.jpg,6
9265.jpg,1
9266.jpg,1
9267.jpg,1
9268.jpg,1
9269.jpg,0
9270.jpg,7
9271.jpg,1
9272.jpg,7
9273.jpg,1
9274.jpg,1
9275.jpg,1
9276.jpg,1
9277.jpg,1
9278.jpg,6
9279.jpg,1
9280.jpg,1
9281.jpg,6
9282.jpg,6
9283.jpg,1
9284.jpg,1
9285.jpg,1
9286.jpg,1
9287.jpg,1
9288.jpg,0
9289.jpg,1
9290.jpg,1
9291.jpg,1
9292.jpg,3
9293.jpg,2
9294.jpg,2
9295.jpg,2
9296.jpg,2
9297.jpg,2
9298.jpg,2
9299.jpg,2
9300.jpg,2
9301.jpg,2
9302.jpg,2
9303.jpg,0
9304.jpg,3
9305.jpg,2
9306.jpg,0
9307.jpg,2
9308.jpg,2
9309.jpg,2
9310.jpg,2
9311.jpg,2
9312.jpg,2
9313.jpg,3
9314.jpg,2
9315.jpg,2
9316.jpg,2
9317.jpg,2
9318.jpg,2
9319.jpg,2
9320.jpg,2
9321.jpg,2
9322.jpg,2
9323.jpg,2
9324.jpg,2
9325.jpg,2
9326.jpg,2
9327.jpg,2
9328.jpg,2
9329.jpg,2
9330.jpg,2
9331.jpg,2
9332.jpg,2
9333.jpg,2
9334.jpg,2
9335.jpg,0
9336.jpg,2
9337.jpg,2
9338.jpg,2
9339.jpg,2
9340.jpg,2
9341.jpg,2
9342.jpg,2
9343.jpg,2
9344.jpg,2
9345.jpg,4
9346.jpg,2
9347.jpg,2
9348.jpg,2
9349.jpg,2
9350.jpg,2
9351.jpg,2
9352.jpg,2
9353.jpg,1
9354.jpg,1
9355.jpg,1
9356.jpg,6
9357.jpg,1
9358.jpg,1
9359.jpg,1
9360.jpg,1
9361.jpg,1
9362.jpg,1
9363.jpg,1
9364.jpg,1
9365.jpg,1
9366.jpg,1
9367.jpg,1
9368.jpg,1
9369.jpg,1
9370.jpg,1
9371.jpg,1
9372.jpg,1
9373.jpg,6
9374.jpg,1
9375.jpg,1
9376.jpg,1
9377.jpg,1
9378.jpg,1
9379.jpg,1
9380.jpg,1
9381.jpg,1
9382.jpg,3
9383.jpg,1
9384.jpg,1
9385.jpg,0
9386.jpg,1
9387.jpg,1
9388.jpg,1
9389.jpg,1
9390.jpg,1
9391.jpg,1
9392.jpg,1
9393.jpg,1
9394.jpg,1
9395.jpg,1
9396.jpg,1
9397.jpg,1
9398.jpg,0
9399.jpg,1
9400.jpg,1
9401.jpg,1
9402.jpg,1
9403.jpg,1
9404.jpg,1
9405.jpg,1
9406.jpg,1
9407.jpg,1
9408.jpg,1
9409.jpg,1
9410.jpg,1
9411.jpg,1
9412.jpg,2
9413.jpg,0
9414.jpg,2
9415.jpg,0
9416.jpg,0
9417.jpg,2
9418.jpg,0
9419.jpg,2
9420.jpg,2
9421.jpg,6
9422.jpg,0
9423.jpg,0
9424.jpg,0
9425.jpg,0
9426.jpg,0
9427.jpg,0
9428.jpg,0
9429.jpg,0
9430.jpg,0
9431.jpg,2
9432.jpg,2
9433.jpg,2
9434.jpg,0
9435.jpg,2
9436.jpg,0
9437.jpg,0
9438.jpg,0
9439.jpg,0
9440.jpg,0
9441.jpg,0
9442.jpg,0
9443.jpg,4
9444.jpg,2
9445.jpg,2
9446.jpg,0
9447.jpg,0
9448.jpg,0
9449.jpg,0
9450.jpg,2
9451.jpg,2
9452.jpg,0
9453.jpg,2
9454.jpg,2
9455.jpg,2
9456.jpg,0
9457.jpg,8
9458.jpg,2
9459.jpg,0
9460.jpg,0
9461.jpg,2
9462.jpg,0
9463.jpg,0
9464.jpg,0
9465.jpg,2
9466.jpg,2
9467.jpg,0
9468.jpg,0
9469.jpg,0
9470.jpg,0
9471.jpg,2
9472.jpg,1
9473.jpg,1
9474.jpg,1
9475.jpg,1
9476.jpg,1
9477.jpg,1
9478.jpg,1
9479.jpg,1
9480.jpg,1
9481.jpg,1
9482.jpg,1
9483.jpg,1
9484.jpg,1
9485.jpg,1
9486.jpg,1
9487.jpg,1
9488.jpg,3
9489.jpg,1
9490.jpg,1
9491.jpg,1
9492.jpg,1
9493.jpg,1
9494.jpg,5
9495.jpg,1
9496.jpg,1
9497.jpg,1
9498.jpg,1
9499.jpg,1
9500.jpg,1
9501.jpg,1
9502.jpg,5
9503.jpg,1
9504.jpg,1
9505.jpg,1
9506.jpg,1
9507.jpg,1
9508.jpg,1
9509.jpg,1
9510.jpg,1
9511.jpg,1
9512.jpg,1
9513.jpg,5
9514.jpg,1
9515.jpg,1
9516.jpg,1
9517.jpg,1
9518.jpg,1
9519.jpg,5
9520.jpg,1
9521.jpg,1
9522.jpg,1
9523.jpg,7
9524.jpg,1
9525.jpg,1
9526.jpg,1
9527.jpg,1
9528.jpg,1
9529.jpg,1
9530.jpg,1
9531.jpg,5
9532.jpg,4
9533.jpg,1
9534.jpg,1
9535.jpg,1
9536.jpg,1
9537.jpg,1
9538.jpg,1
9539.jpg,3
9540.jpg,1
9541.jpg,5
9542.jpg,0
9543.jpg,1
9544.jpg,4
9545.jpg,1
9546.jpg,1
9547.jpg,3
9548.jpg,1
9549.jpg,3
9550.jpg,4
9551.jpg,1
9552.jpg,3
9553.jpg,1
9554.jpg,1
9555.jpg,1
9556.jpg,1
9557.jpg,1
9558.jpg,1
9559.jpg,1
9560.jpg,4
9561.jpg,4
9562.jpg,1
9563.jpg,7
9564.jpg,1
9565.jpg,4
9566.jpg,7
9567.jpg,1
9568.jpg,1
9569.jpg,1
9570.jpg,4
9571.jpg,5
9572.jpg,3
9573.jpg,1
9574.jpg,3
9575.jpg,6
9576.jpg,1
9577.jpg,1
9578.jpg,1
9579.jpg,1
9580.jpg,1
9581.jpg,1
9582.jpg,1
9583.jpg,1
9584.jpg,1
9585.jpg,5
9586.jpg,1
9587.jpg,1
9588.jpg,1
9589.jpg,1
9590.jpg,1
9591.jpg,1
9592.jpg,1
9593.jpg,1
9594.jpg,1
9595.jpg,1
9596.jpg,1
9597.jpg,1
9598.jpg,1
9599.jpg,6
9600.jpg,1
9601.jpg,1
9602.jpg,1
9603.jpg,1
9604.jpg,1
9605.jpg,1
9606.jpg,1
9607.jpg,1
9608.jpg,1
9609.jpg,3
9610.jpg,5
9611.jpg,1
9612.jpg,3
9613.jpg,1
9614.jpg,1
9615.jpg,6
9616.jpg,1
9617.jpg,3
9618.jpg,1
9619.jpg,1
9620.jpg,1
9621.jpg,1
9622.jpg,1
9623.jpg,3
9624.jpg,1
9625.jpg,1
9626.jpg,1
9627.jpg,1
9628.jpg,1
9629.jpg,1
9630.jpg,3
9631.jpg,1
9632.jpg,1
9633.jpg,1
9634.jpg,6
9635.jpg,1
9636.jpg,1
9637.jpg,1
9638.jpg,1
9639.jpg,6
9640.jpg,6
9641.jpg,4
9642.jpg,1
9643.jpg,1
9644.jpg,6
9645.jpg,3
9646.jpg,4
9647.jpg,1
9648.jpg,1
9649.jpg,6
9650.jpg,3
9651.jpg,1
9652.jpg,1
9653.jpg,1
9654.jpg,1
9655.jpg,1
9656.jpg,1
9657.jpg,1
9658.jpg,7
9659.jpg,6
9660.jpg,7
9661.jpg,1
9662.jpg,1
9663.jpg,6
9664.jpg,6
9665.jpg,3
9666.jpg,3
9667.jpg,1
9668.jpg,1
9669.jpg,1
9670.jpg,6
9671.jpg,6
9672.jpg,1
9673.jpg,1
9674.jpg,1
9675.jpg,6
9676.jpg,1
9677.jpg,4
9678.jpg,1
9679.jpg,1
9680.jpg,1
9681.jpg,3
9682.jpg,1
9683.jpg,4
9684.jpg,4
9685.jpg,1
9686.jpg,6
9687.jpg,1
9688.jpg,6
9689.jpg,4
9690.jpg,1
9691.jpg,1
9692.jpg,6
9693.jpg,1
9694.jpg,6
9695.jpg,1
9696.jpg,4
9697.jpg,4
9698.jpg,1
9699.jpg,2
9700.jpg,2
9701.jpg,3
9702.jpg,2
9703.jpg,3
9704.jpg,2
9705.jpg,4
9706.jpg,3
9707.jpg,2
9708.jpg,2
9709.jpg,2
9710.jpg,2
9711.jpg,0
9712.jpg,0
9713.jpg,2
9714.jpg,3
9715.jpg,0
9716.jpg,2
9717.jpg,3
9718.jpg,5
9719.jpg,3
9720.jpg,2
9721.jpg,2
9722.jpg,3
9723.jpg,2
9724.jpg,2
9725.jpg,0
9726.jpg,0
9727.jpg,2
9728.jpg,2
9729.jpg,3
9730.jpg,2
9731.jpg,2
9732.jpg,2
9733.jpg,2
9734.jpg,0
9735.jpg,2
9736.jpg,2
9737.jpg,2
9738.jpg,2
9739.jpg,2
9740.jpg,3
9741.jpg,2
9742.jpg,2
9743.jpg,3
9744.jpg,2
9745.jpg,2
9746.jpg,2
9747.jpg,1
9748.jpg,6
9749.jpg,1
9750.jpg,1
9751.jpg,1
9752.jpg,1
9753.jpg,1
9754.jpg,1
9755.jpg,6
9756.jpg,1
9757.jpg,1
9758.jpg,1
9759.jpg,1
9760.jpg,1
9761.jpg,1
9762.jpg,6
9763.jpg,1
9764.jpg,6
9765.jpg,1
9766.jpg,1
9767.jpg,1
9768.jpg,1
9769.jpg,3
9770.jpg,1
9771.jpg,1
9772.jpg,1
9773.jpg,1
9774.jpg,1
9775.jpg,5
9776.jpg,6
9777.jpg,1
9778.jpg,1
9779.jpg,1
9780.jpg,6
9781.jpg,1
9782.jpg,1
9783.jpg,1
9784.jpg,1
9785.jpg,1
9786.jpg,1
9787.jpg,1
9788.jpg,1
9789.jpg,6
9790.jpg,1
9791.jpg,1
9792.jpg,1
9793.jpg,6
9794.jpg,1
9795.jpg,6
9796.jpg,1
9797.jpg,1
9798.jpg,6
9799.jpg,6
9800.jpg,1
9801.jpg,5
9802.jpg,1
9803.jpg,6
9804.jpg,1
9805.jpg,1
9806.jpg,1
9807.jpg,1
9808.jpg,1
9809.jpg,1
9810.jpg,6
9811.jpg,7
9812.jpg,6
9813.jpg,6
9814.jpg,1
9815.jpg,1
9816.jpg,6
9817.jpg,6
9818.jpg,6
9819.jpg,1
9820.jpg,6
9821.jpg,6
9822.jpg,1
9823.jpg,1
9824.jpg,1
9825.jpg,1
9826.jpg,6
9827.jpg,6
9828.jpg,6
9829.jpg,0
9830.jpg,1
9831.jpg,1
9832.jpg,6
9833.jpg,1
9834.jpg,1
9835.jpg,1
9836.jpg,1
9837.jpg,7
9838.jpg,1
9839.jpg,6
9840.jpg,6
9841.jpg,1
9842.jpg,1
9843.jpg,1
9844.jpg,1
9845.jpg,1
9846.jpg,1
9847.jpg,1
9848.jpg,1
9849.jpg,1
9850.jpg,6
9851.jpg,1
9852.jpg,1
9853.jpg,6
9854.jpg,3
9855.jpg,1
9856.jpg,1
9857.jpg,5
9858.jpg,1
9859.jpg,1
9860.jpg,1
9861.jpg,2
9862.jpg,6
9863.jpg,1
9864.jpg,6
9865.jpg,1
9866.jpg,1
9867.jpg,1
9868.jpg,1
9869.jpg,1
9870.jpg,1
9871.jpg,1
9872.jpg,1
9873.jpg,1
9874.jpg,1
9875.jpg,5
9876.jpg,1
9877.jpg,1
9878.jpg,1
9879.jpg,0
9880.jpg,1
9881.jpg,1
9882.jpg,1
9883.jpg,1
9884.jpg,1
9885.jpg,1
9886.jpg,1
9887.jpg,1
9888.jpg,1
9889.jpg,1
9890.jpg,1
9891.jpg,1
9892.jpg,1
9893.jpg,1
9894.jpg,1
9895.jpg,1
9896.jpg,1
9897.jpg,1
9898.jpg,1
9899.jpg,1
9900.jpg,1
9901.jpg,1
9902.jpg,1
9903.jpg,1
9904.jpg,1
9905.jpg,1
9906.jpg,1
9907.jpg,1
9908.jpg,1
9909.jpg,1
9910.jpg,1
9911.jpg,1
9912.jpg,1
9913.jpg,1
9914.jpg,0
9915.jpg,3
9916.jpg,1
9917.jpg,1
9918.jpg,1
9919.jpg,1
9920.jpg,0
9921.jpg,1
9922.jpg,1
9923.jpg,1
9924.jpg,1
9925.jpg,1
9926.jpg,1
9927.jpg,1
9928.jpg,1
9929.jpg,1
9930.jpg,1
9931.jpg,5
9932.jpg,5
9933.jpg,3
9934.jpg,1
9935.jpg,1
9936.jpg,1
9937.jpg,1
9938.jpg,1
9939.jpg,1
9940.jpg,1
9941.jpg,1
9942.jpg,5
9943.jpg,5
9944.jpg,1
9945.jpg,1
9946.jpg,1
9947.jpg,1
9948.jpg,1
9949.jpg,1
9950.jpg,1
9951.jpg,5
9952.jpg,5
9953.jpg,7
9954.jpg,0
9955.jpg,1
9956.jpg,5
9957.jpg,1
9958.jpg,1
9959.jpg,1
9960.jpg,1
9961.jpg,1
9962.jpg,1
9963.jpg,1
9964.jpg,1
9965.jpg,1
9966.jpg,1
9967.jpg,1
9968.jpg,1
9969.jpg,1
9970.jpg,1
9971.jpg,1
9972.jpg,1
9973.jpg,1
9974.jpg,1
9975.jpg,1
9976.jpg,1
9977.jpg,1
9978.jpg,1
9979.jpg,1
9980.jpg,1
9981.jpg,1
9982.jpg,1
9983.jpg,6
9984.jpg,1
9985.jpg,5
9986.jpg,5
9987.jpg,1
9988.jpg,1
9989.jpg,1
9990.jpg,1
9991.jpg,1
9992.jpg,1
9993.jpg,6
9994.jpg,1
9995.jpg,1
9996.jpg,1
9997.jpg,1
9998.jpg,1
9999.jpg,1
10000.jpg,1
10001.jpg,1
10002.jpg,1
10003.jpg,1
10004.jpg,1
10005.jpg,1
10006.jpg,5
10007.jpg,1
10008.jpg,1
10009.jpg,1
10010.jpg,1
10011.jpg,1
10012.jpg,1
10013.jpg,1
10014.jpg,1
10015.jpg,1
10016.jpg,1
10017.jpg,1
10018.jpg,1
10019.jpg,1
10020.jpg,1
10021.jpg,1
10022.jpg,1
10023.jpg,1
10024.jpg,1
10025.jpg,1
10026.jpg,1
10027.jpg,1
10028.jpg,1
10029.jpg,4
10030.jpg,0
10031.jpg,0
10032.jpg,0
10033.jpg,0
10034.jpg,4
10035.jpg,7
10036.jpg,0
10037.jpg,1
10038.jpg,0
10039.jpg,0
10040.jpg,0
10041.jpg,0
10042.jpg,0
10043.jpg,4
10044.jpg,4
10045.jpg,0
10046.jpg,4
10047.jpg,0
10048.jpg,0
10049.jpg,0
10050.jpg,0
10051.jpg,4
10052.jpg,0
10053.jpg,0
10054.jpg,1
10055.jpg,0
10056.jpg,4
10057.jpg,0
10058.jpg,7
10059.jpg,0
10060.jpg,4
10061.jpg,0
10062.jpg,0
10063.jpg,4
10064.jpg,0
10065.jpg,0
10066.jpg,0
10067.jpg,0
10068.jpg,0
10069.jpg,0
10070.jpg,0
10071.jpg,0
10072.jpg,0
10073.jpg,0
10074.jpg,0
10075.jpg,0
10076.jpg,4
10077.jpg,3
10078.jpg,1
10079.jpg,0
10080.jpg,0
10081.jpg,0
10082.jpg,0
10083.jpg,0
10084.jpg,0
10085.jpg,0
10086.jpg,4
10087.jpg,4
10088.jpg,0
10089.jpg,1
10090.jpg,4
10091.jpg,1
10092.jpg,1
10093.jpg,1
10094.jpg,1
10095.jpg,3
10096.jpg,6
10097.jpg,3
10098.jpg,1
10099.jpg,4
10100.jpg,1
10101.jpg,7
10102.jpg,6
10103.jpg,1
10104.jpg,1
10105.jpg,1
10106.jpg,1
10107.jpg,1
10108.jpg,1
10109.jpg,3
10110.jpg,1
10111.jpg,3
10112.jpg,6
10113.jpg,1
10114.jpg,6
10115.jpg,1
10116.jpg,3
10117.jpg,1
10118.jpg,1
10119.jpg,6
10120.jpg,1
10121.jpg,6
10122.jpg,1
10123.jpg,1
10124.jpg,6
10125.jpg,1
10126.jpg,3
10127.jpg,6
10128.jpg,3
10129.jpg,6
10130.jpg,4
10131.jpg,7
10132.jpg,6
10133.jpg,1
10134.jpg,6
10135.jpg,1
10136.jpg,1
10137.jpg,1
10138.jpg,1
10139.jpg,1
10140.jpg,4
10141.jpg,1
10142.jpg,1
10143.jpg,7
10144.jpg,1
10145.jpg,1
10146.jpg,1
10147.jpg,1
10148.jpg,1
10149.jpg,4
10150.jpg,3
10151.jpg,3
10152.jpg,1
10153.jpg,1
10154.jpg,1
10155.jpg,7
10156.jpg,1
10157.jpg,1
10158.jpg,3
10159.jpg,1
10160.jpg,1
10161.jpg,3
10162.jpg,1
10163.jpg,1
10164.jpg,1
10165.jpg,4
10166.jpg,1
10167.jpg,1
10168.jpg,1
10169.jpg,1
10170.jpg,1
10171.jpg,6
10172.jpg,4
10173.jpg,1
10174.jpg,1
10175.jpg,1
10176.jpg,7
10177.jpg,5
10178.jpg,1
10179.jpg,4
10180.jpg,1
10181.jpg,3
10182.jpg,1
10183.jpg,1
10184.jpg,1
10185.jpg,4
10186.jpg,3
10187.jpg,4
10188.jpg,3
10189.jpg,4
10190.jpg,1
10191.jpg,3
10192.jpg,1
10193.jpg,3
10194.jpg,4
10195.jpg,1
10196.jpg,1
10197.jpg,1
10198.jpg,4
10199.jpg,1
10200.jpg,1
10201.jpg,4
10202.jpg,1
10203.jpg,1
10204.jpg,6
10205.jpg,1
10206.jpg,1
10207.jpg,4
10208.jpg,4
10209.jpg,1
10210.jpg,1
10211.jpg,5
10212.jpg,4
10213.jpg,1
10214.jpg,4
10215.jpg,1
10216.jpg,1
10217.jpg,5
10218.jpg,1
10219.jpg,7
10220.jpg,1
10221.jpg,1
10222.jpg,4
10223.jpg,4
10224.jpg,1
10225.jpg,5
10226.jpg,1
10227.jpg,5
10228.jpg,1
10229.jpg,3
10230.jpg,1
10231.jpg,1
10232.jpg,7
10233.jpg,1
10234.jpg,1
10235.jpg,1
10236.jpg,1
10237.jpg,5
10238.jpg,3
10239.jpg,1
10240.jpg,1
10241.jpg,1
10242.jpg,1
10243.jpg,5
10244.jpg,1
10245.jpg,1
10246.jpg,1
10247.jpg,1
10248.jpg,1
10249.jpg,5
10250.jpg,1
10251.jpg,1
10252.jpg,1
10253.jpg,3
10254.jpg,5
10255.jpg,5
10256.jpg,1
10257.jpg,5
10258.jpg,1
10259.jpg,3
10260.jpg,1
10261.jpg,1
10262.jpg,1
10263.jpg,1
10264.jpg,1
10265.jpg,1
10266.jpg,1
10267.jpg,1
10268.jpg,1
10269.jpg,1
10270.jpg,1
10271.jpg,1
10272.jpg,1
10273.jpg,1
10274.jpg,1
10275.jpg,1
10276.jpg,1
10277.jpg,1
10278.jpg,1
10279.jpg,1
10280.jpg,1
10281.jpg,1
10282.jpg,1
10283.jpg,1
10284.jpg,1
10285.jpg,1
10286.jpg,1
10287.jpg,1
10288.jpg,1
10289.jpg,1
10290.jpg,1
10291.jpg,1
10292.jpg,1
10293.jpg,1
10294.jpg,4
10295.jpg,1
10296.jpg,1
10297.jpg,4
10298.jpg,1
10299.jpg,5
10300.jpg,1
10301.jpg,1
10302.jpg,1
10303.jpg,1
10304.jpg,1
10305.jpg,1
10306.jpg,1
10307.jpg,1
10308.jpg,1
10309.jpg,1
10310.jpg,1
10311.jpg,1
10312.jpg,1
10313.jpg,1
10314.jpg,1
10315.jpg,1
10316.jpg,1
10317.jpg,4
10318.jpg,1
10319.jpg,1
10320.jpg,1
10321.jpg,1
10322.jpg,1
10323.jpg,1
10324.jpg,1
10325.jpg,1
10326.jpg,8
10327.jpg,1
10328.jpg,1
10329.jpg,6
10330.jpg,6
10331.jpg,6
10332.jpg,3
10333.jpg,6
10334.jpg,1
10335.jpg,6
10336.jpg,1
10337.jpg,1
10338.jpg,3
10339.jpg,1
10340.jpg,6
10341.jpg,1
10342.jpg,4
10343.jpg,6
10344.jpg,4
10345.jpg,1
10346.jpg,1
10347.jpg,6
10348.jpg,8
10349.jpg,7
10350.jpg,1
10351.jpg,8
10352.jpg,1
10353.jpg,8
10354.jpg,1
10355.jpg,6
10356.jpg,4
10357.jpg,1
10358.jpg,1
10359.jpg,8
10360.jpg,4
10361.jpg,6
10362.jpg,3
10363.jpg,7
10364.jpg,1
10365.jpg,1
10366.jpg,7
10367.jpg,1
10368.jpg,1
10369.jpg,6
10370.jpg,6
10371.jpg,4
10372.jpg,3
10373.jpg,6
10374.jpg,1
10375.jpg,1
10376.jpg,3
10377.jpg,3
10378.jpg,6
10379.jpg,6
10380.jpg,1
10381.jpg,3
10382.jpg,1
10383.jpg,3
10384.jpg,1
10385.jpg,4
10386.jpg,1
10387.jpg,6
10388.jpg,7
10389.jpg,1
10390.jpg,1
10391.jpg,1
10392.jpg,6
10393.jpg,7
10394.jpg,1
10395.jpg,1
10396.jpg,1
10397.jpg,6
10398.jpg,6
10399.jpg,6
10400.jpg,6
10401.jpg,6
10402.jpg,6
10403.jpg,6
10404.jpg,6
10405.jpg,1
10406.jpg,1
10407.jpg,6
10408.jpg,1
10409.jpg,6
10410.jpg,6
10411.jpg,1
10412.jpg,6
10413.jpg,6
10414.jpg,1
10415.jpg,1
10416.jpg,6
10417.jpg,1
10418.jpg,7
10419.jpg,6
10420.jpg,7
10421.jpg,7
10422.jpg,6
10423.jpg,7
10424.jpg,7
10425.jpg,1
10426.jpg,1
10427.jpg,6
10428.jpg,6
10429.jpg,7
10430.jpg,5
10431.jpg,7
10432.jpg,7
10433.jpg,7
10434.jpg,7
10435.jpg,6
10436.jpg,1
10437.jpg,1
10438.jpg,6
10439.jpg,1
10440.jpg,1
10441.jpg,6
10442.jpg,6
10443.jpg,7
10444.jpg,7
10445.jpg,1
10446.jpg,6
10447.jpg,1
10448.jpg,1
10449.jpg,1
10450.jpg,3
10451.jpg,4
10452.jpg,3
10453.jpg,7
10454.jpg,1
10455.jpg,1
10456.jpg,4
10457.jpg,6
10458.jpg,3
10459.jpg,1
10460.jpg,4
10461.jpg,1
10462.jpg,3
10463.jpg,1
10464.jpg,3
10465.jpg,3
10466.jpg,3
10467.jpg,1
10468.jpg,3
10469.jpg,6
10470.jpg,3
10471.jpg,1
10472.jpg,6
10473.jpg,6
10474.jpg,6
10475.jpg,1
10476.jpg,1
10477.jpg,3
10478.jpg,6
10479.jpg,3
10480.jpg,3
10481.jpg,4
10482.jpg,1
10483.jpg,1
10484.jpg,1
10485.jpg,1
10486.jpg,6
10487.jpg,1
10488.jpg,3
10489.jpg,3
10490.jpg,4
10491.jpg,1
10492.jpg,6
10493.jpg,1
10494.jpg,3
10495.jpg,1
10496.jpg,1
10497.jpg,4
10498.jpg,7
10499.jpg,1
10500.jpg,6
10501.jpg,1
10502.jpg,7
10503.jpg,1
10504.jpg,4
10505.jpg,3
10506.jpg,3
10507.jpg,6
10508.jpg,3
10509.jpg,3
10510.jpg,3
10511.jpg,3
10512.jpg,3
10513.jpg,3
10514.jpg,1
10515.jpg,3
10516.jpg,3
10517.jpg,3
10518.jpg,3
10519.jpg,3
10520.jpg,3
10521.jpg,3
10522.jpg,3
10523.jpg,3
10524.jpg,3
10525.jpg,3
10526.jpg,3
10527.jpg,3
10528.jpg,3
10529.jpg,3
10530.jpg,3
10531.jpg,3
10532.jpg,3
10533.jpg,3
10534.jpg,3
10535.jpg,3
10536.jpg,3
10537.jpg,6
10538.jpg,3
10539.jpg,3
10540.jpg,3
10541.jpg,3
10542.jpg,3
10543.jpg,6
10544.jpg,3
10545.jpg,3
10546.jpg,3
10547.jpg,3
10548.jpg,1
10549.jpg,3
10550.jpg,3
10551.jpg,3
10552.jpg,3
10553.jpg,3
10554.jpg,3
10555.jpg,3
10556.jpg,3
10557.jpg,3
10558.jpg,6
10559.jpg,3
10560.jpg,3
10561.jpg,3
10562.jpg,3
10563.jpg,3
10564.jpg,3
10565.jpg,3
10566.jpg,3
10567.jpg,3
10568.jpg,4
10569.jpg,3
10570.jpg,1
10571.jpg,1
10572.jpg,1
10573.jpg,4
10574.jpg,1
10575.jpg,1
10576.jpg,1
10577.jpg,4
10578.jpg,1
10579.jpg,1
10580.jpg,1
10581.jpg,1
10582.jpg,1
10583.jpg,1
10584.jpg,1
10585.jpg,1
10586.jpg,1
10587.jpg,1
10588.jpg,1
10589.jpg,1
10590.jpg,1
10591.jpg,4
10592.jpg,1
10593.jpg,1
10594.jpg,4
10595.jpg,1
10596.jpg,1
10597.jpg,1
10598.jpg,1
10599.jpg,1
10600.jpg,1
10601.jpg,1
10602.jpg,1
10603.jpg,1
10604.jpg,1
10605.jpg,1
10606.jpg,1
10607.jpg,1
10608.jpg,1
10609.jpg,1
10610.jpg,4
10611.jpg,1
10612.jpg,3
10613.jpg,1
10614.jpg,1
10615.jpg,1
10616.jpg,4
10617.jpg,1
10618.jpg,4
10619.jpg,3
10620.jpg,4
10621.jpg,1
10622.jpg,1
10623.jpg,4
10624.jpg,4
10625.jpg,1
10626.jpg,3
10627.jpg,2
10628.jpg,4
10629.jpg,1
10630.jpg,1
10631.jpg,3
10632.jpg,3
10633.jpg,1
10634.jpg,1
10635.jpg,1
10636.jpg,1
10637.jpg,3
10638.jpg,1
10639.jpg,3
10640.jpg,1
10641.jpg,7
10642.jpg,4
10643.jpg,6
10644.jpg,1
10645.jpg,7
10646.jpg,1
10647.jpg,1
10648.jpg,6
10649.jpg,4
10650.jpg,4
10651.jpg,8
10652.jpg,1
10653.jpg,1
10654.jpg,1
10655.jpg,1
10656.jpg,3
10657.jpg,1
10658.jpg,1
10659.jpg,1
10660.jpg,6
10661.jpg,1
10662.jpg,3
10663.jpg,4
10664.jpg,1
10665.jpg,3
10666.jpg,1
10667.jpg,1
10668.jpg,1
10669.jpg,1
10670.jpg,1
10671.jpg,3
10672.jpg,1
10673.jpg,4
10674.jpg,3
10675.jpg,3
10676.jpg,1
10677.jpg,7
10678.jpg,4
10679.jpg,1
10680.jpg,1
10681.jpg,7
10682.jpg,7
10683.jpg,1
10684.jpg,3
10685.jpg,6
10686.jpg,1
10687.jpg,0
10688.jpg,4
10689.jpg,0
10690.jpg,0
10691.jpg,2
10692.jpg,4
10693.jpg,4
10694.jpg,0
10695.jpg,0
10696.jpg,0
10697.jpg,4
10698.jpg,0
10699.jpg,0
10700.jpg,0
10701.jpg,0
10702.jpg,4
10703.jpg,4
10704.jpg,0
10705.jpg,0
10706.jpg,0
10707.jpg,0
10708.jpg,4
10709.jpg,2
10710.jpg,3
10711.jpg,5
10712.jpg,0
10713.jpg,4
10714.jpg,0
10715.jpg,4
10716.jpg,0
10717.jpg,0
10718.jpg,0
10719.jpg,2
10720.jpg,0
10721.jpg,0
10722.jpg,0
10723.jpg,0
10724.jpg,0
10725.jpg,3
10726.jpg,0
10727.jpg,4
10728.jpg,0
10729.jpg,0
10730.jpg,0
10731.jpg,0
10732.jpg,0
10733.jpg,0
10734.jpg,0
10735.jpg,0
10736.jpg,4
10737.jpg,0
10738.jpg,4
10739.jpg,3
10740.jpg,0
10741.jpg,0
10742.jpg,0
10743.jpg,0
10744.jpg,0
10745.jpg,3
10746.jpg,3
10747.jpg,3
10748.jpg,7
10749.jpg,7
10750.jpg,7
10751.jpg,8
10752.jpg,8
10753.jpg,3
10754.jpg,4
10755.jpg,8
10756.jpg,3
10757.jpg,7
10758.jpg,4
10759.jpg,3
10760.jpg,8
10761.jpg,7
10762.jpg,8
10763.jpg,3
10764.jpg,3
10765.jpg,3
10766.jpg,7
10767.jpg,3
10768.jpg,8
10769.jpg,3
10770.jpg,3
10771.jpg,3
10772.jpg,4
10773.jpg,8
10774.jpg,4
10775.jpg,3
10776.jpg,3
10777.jpg,8
10778.jpg,3
10779.jpg,3
10780.jpg,3
10781.jpg,8
10782.jpg,7
10783.jpg,3
10784.jpg,3
10785.jpg,3
10786.jpg,7
10787.jpg,4
10788.jpg,4
10789.jpg,8
10790.jpg,4
10791.jpg,7
10792.jpg,6
10793.jpg,3
10794.jpg,4
10795.jpg,3
10796.jpg,8
10797.jpg,0
10798.jpg,8
10799.jpg,3
10800.jpg,3
10801.jpg,3
10802.jpg,3
10803.jpg,4
10804.jpg,8
10805.jpg,1
10806.jpg,0
10807.jpg,7
10808.jpg,0
10809.jpg,3
10810.jpg,0
10811.jpg,3
10812.jpg,7
10813.jpg,0
10814.jpg,3
10815.jpg,4
10816.jpg,0
10817.jpg,7
10818.jpg,7
10819.jpg,7
10820.jpg,0
10821.jpg,0
10822.jpg,0
10823.jpg,6
10824.jpg,0
10825.jpg,3
10826.jpg,3
10827.jpg,0
10828.jpg,0
10829.jpg,7
10830.jpg,0
10831.jpg,0
10832.jpg,4
10833.jpg,6
10834.jpg,3
10835.jpg,0
10836.jpg,3
10837.jpg,0
10838.jpg,3
10839.jpg,0
10840.jpg,3
10841.jpg,0
10842.jpg,0
10843.jpg,0
10844.jpg,0
10845.jpg,7
10846.jpg,2
10847.jpg,0
10848.jpg,0
10849.jpg,0
10850.jpg,0
10851.jpg,7
10852.jpg,3
10853.jpg,2
10854.jpg,3
10855.jpg,0
10856.jpg,0
10857.jpg,0
10858.jpg,7
10859.jpg,2
10860.jpg,0
10861.jpg,0
10862.jpg,0
10863.jpg,3
10864.jpg,0
10865.jpg,1
10866.jpg,1
10867.jpg,0
10868.jpg,4
10869.jpg,1
10870.jpg,1
10871.jpg,1
10872.jpg,1
10873.jpg,1
10874.jpg,2
10875.jpg,1
10876.jpg,1
10877.jpg,1
10878.jpg,1
10879.jpg,1
10880.jpg,3
10881.jpg,4
10882.jpg,1
10883.jpg,1
10884.jpg,1
10885.jpg,1
10886.jpg,1
10887.jpg,1
10888.jpg,1
10889.jpg,4
10890.jpg,4
10891.jpg,1
10892.jpg,1
10893.jpg,4
10894.jpg,1
10895.jpg,1
10896.jpg,1
10897.jpg,3
10898.jpg,4
10899.jpg,1
10900.jpg,1
10901.jpg,2
10902.jpg,3
10903.jpg,1
10904.jpg,4
10905.jpg,1
10906.jpg,1
10907.jpg,1
10908.jpg,1
10909.jpg,1
10910.jpg,1
10911.jpg,1
10912.jpg,1
10913.jpg,1
10914.jpg,4
10915.jpg,1
10916.jpg,4
10917.jpg,1
10918.jpg,1
10919.jpg,1
10920.jpg,5
10921.jpg,1
10922.jpg,1
10923.jpg,1
10924.jpg,6
10925.jpg,6
10926.jpg,0
10927.jpg,1
10928.jpg,0
10929.jpg,6
10930.jpg,0
10931.jpg,1
10932.jpg,6
10933.jpg,1
10934.jpg,0
10935.jpg,0
10936.jpg,0
10937.jpg,0
10938.jpg,6
10939.jpg,1
10940.jpg,6
10941.jpg,6
10942.jpg,6
10943.jpg,0
10944.jpg,1
10945.jpg,6
10946.jpg,6
10947.jpg,1
10948.jpg,1
10949.jpg,1
10950.jpg,6
10951.jpg,1
10952.jpg,6
10953.jpg,6
10954.jpg,6
10955.jpg,0
10956.jpg,6
10957.jpg,0
10958.jpg,1
10959.jpg,6
10960.jpg,6
10961.jpg,1
10962.jpg,1
10963.jpg,0
10964.jpg,6
10965.jpg,1
10966.jpg,4
10967.jpg,0
10968.jpg,0
10969.jpg,0
10970.jpg,0
10971.jpg,6
10972.jpg,6
10973.jpg,4
10974.jpg,0
10975.jpg,6
10976.jpg,0
10977.jpg,1
10978.jpg,4
10979.jpg,6
10980.jpg,4
10981.jpg,0
10982.jpg,0
10983.jpg,0
10984.jpg,1
10985.jpg,1
10986.jpg,6
10987.jpg,1
10988.jpg,1
10989.jpg,1
10990.jpg,7
10991.jpg,1
10992.jpg,1
10993.jpg,1
10994.jpg,1
10995.jpg,1
10996.jpg,1
10997.jpg,1
10998.jpg,1
10999.jpg,1
11000.jpg,1
11001.jpg,1
11002.jpg,1
11003.jpg,1
11004.jpg,1
11005.jpg,1
11006.jpg,1
11007.jpg,0
11008.jpg,1
11009.jpg,1
11010.jpg,6
11011.jpg,1
11012.jpg,1
11013.jpg,1
11014.jpg,1
11015.jpg,1
11016.jpg,1
11017.jpg,1
11018.jpg,6
11019.jpg,1
11020.jpg,3
11021.jpg,1
11022.jpg,1
11023.jpg,1
11024.jpg,1
11025.jpg,1
11026.jpg,1
11027.jpg,1
11028.jpg,1
11029.jpg,1
11030.jpg,1
11031.jpg,3
11032.jpg,7
11033.jpg,1
11034.jpg,1
11035.jpg,1
11036.jpg,1
11037.jpg,3
11038.jpg,1
11039.jpg,1
11040.jpg,1
11041.jpg,3
11042.jpg,6
11043.jpg,1
11044.jpg,1
11045.jpg,1
11046.jpg,1
11047.jpg,1
11048.jpg,1
11049.jpg,1
11050.jpg,1
11051.jpg,1
11052.jpg,1
11053.jpg,1
11054.jpg,1
11055.jpg,1
11056.jpg,1
11057.jpg,1
11058.jpg,1
11059.jpg,1
11060.jpg,1
11061.jpg,1
11062.jpg,1
11063.jpg,1
11064.jpg,1
11065.jpg,1
11066.jpg,1
11067.jpg,1
11068.jpg,1
11069.jpg,6
11070.jpg,1
11071.jpg,1
11072.jpg,1
11073.jpg,1
11074.jpg,1
11075.jpg,1
11076.jpg,1
11077.jpg,1
11078.jpg,1
11079.jpg,1
11080.jpg,1
11081.jpg,6
11082.jpg,1
11083.jpg,3
11084.jpg,1
11085.jpg,1
11086.jpg,1
11087.jpg,1
11088.jpg,1
11089.jpg,1
11090.jpg,1
11091.jpg,1
11092.jpg,1
11093.jpg,1
11094.jpg,1
11095.jpg,1
11096.jpg,1
11097.jpg,1
11098.jpg,1
11099.jpg,1
11100.jpg,1
11101.jpg,1
11102.jpg,1
11103.jpg,6
11104.jpg,1
11105.jpg,1
11106.jpg,6
11107.jpg,1
11108.jpg,1
11109.jpg,1
11110.jpg,1
11111.jpg,6
11112.jpg,6
11113.jpg,6
11114.jpg,1
11115.jpg,1
11116.jpg,1
11117.jpg,1
11118.jpg,1
11119.jpg,1
11120.jpg,4
11121.jpg,4
11122.jpg,1
11123.jpg,1
11124.jpg,7
11125.jpg,1
11126.jpg,1
11127.jpg,1
11128.jpg,1
11129.jpg,1
11130.jpg,1
11131.jpg,1
11132.jpg,1
11133.jpg,1
11134.jpg,1
11135.jpg,1
11136.jpg,1
11137.jpg,1
11138.jpg,1
11139.jpg,6
11140.jpg,1
11141.jpg,1
11142.jpg,5
11143.jpg,6
11144.jpg,1
11145.jpg,6
11146.jpg,1
11147.jpg,1
11148.jpg,2
11149.jpg,2
11150.jpg,4
11151.jpg,1
11152.jpg,2
11153.jpg,2
11154.jpg,2
11155.jpg,0
11156.jpg,4
11157.jpg,2
11158.jpg,2
11159.jpg,2
11160.jpg,2
11161.jpg,3
11162.jpg,2
11163.jpg,2
11164.jpg,4
11165.jpg,2
11166.jpg,2
11167.jpg,2
11168.jpg,2
11169.jpg,2
11170.jpg,2
11171.jpg,0
11172.jpg,2
11173.jpg,3
11174.jpg,3
11175.jpg,2
11176.jpg,4
11177.jpg,3
11178.jpg,4
11179.jpg,3
11180.jpg,0
11181.jpg,3
11182.jpg,2
11183.jpg,2
11184.jpg,4
11185.jpg,8
11186.jpg,2
11187.jpg,3
11188.jpg,3
11189.jpg,2
11190.jpg,3
11191.jpg,2
11192.jpg,2
11193.jpg,4
11194.jpg,2
11195.jpg,4
11196.jpg,2
11197.jpg,3
11198.jpg,2
11199.jpg,2
11200.jpg,3
11201.jpg,4
11202.jpg,4
11203.jpg,2
11204.jpg,3
11205.jpg,3
11206.jpg,4
11207.jpg,2
11208.jpg,2
11209.jpg,2
11210.jpg,2
11211.jpg,2
11212.jpg,2
11213.jpg,2
11214.jpg,2
11215.jpg,2
11216.jpg,3
11217.jpg,2
11218.jpg,2
11219.jpg,2
11220.jpg,2
11221.jpg,2
11222.jpg,2
11223.jpg,2
11224.jpg,2
11225.jpg,2
11226.jpg,2
11227.jpg,2
11228.jpg,0
11229.jpg,2
11230.jpg,2
11231.jpg,2
11232.jpg,2
11233.jpg,2
11234.jpg,2
11235.jpg,2
11236.jpg,2
11237.jpg,2
11238.jpg,2
11239.jpg,2
11240.jpg,2
11241.jpg,2
11242.jpg,2
11243.jpg,2
11244.jpg,2
11245.jpg,2
11246.jpg,2
11247.jpg,2
11248.jpg,2
11249.jpg,2
11250.jpg,2
11251.jpg,2
11252.jpg,2
11253.jpg,2
11254.jpg,2
11255.jpg,2
11256.jpg,2
11257.jpg,2
11258.jpg,2
11259.jpg,2
11260.jpg,2
11261.jpg,2
11262.jpg,2
11263.jpg,2
11264.jpg,2
11265.jpg,2
11266.jpg,2
11267.jpg,2
11268.jpg,3
11269.jpg,3
11270.jpg,3
11271.jpg,3
11272.jpg,0
11273.jpg,3
11274.jpg,4
11275.jpg,3
11276.jpg,3
11277.jpg,3
11278.jpg,3
11279.jpg,0
11280.jpg,3
11281.jpg,3
11282.jpg,3
11283.jpg,3
11284.jpg,3
11285.jpg,3
11286.jpg,3
11287.jpg,3
11288.jpg,3
11289.jpg,3
11290.jpg,3
11291.jpg,3
11292.jpg,3
11293.jpg,3
11294.jpg,3
11295.jpg,3
11296.jpg,3
11297.jpg,3
11298.jpg,3
11299.jpg,3
11300.jpg,3
11301.jpg,3
11302.jpg,3
11303.jpg,3
11304.jpg,3
11305.jpg,3
11306.jpg,3
11307.jpg,3
11308.jpg,3
11309.jpg,3
11310.jpg,3
11311.jpg,3
11312.jpg,3
11313.jpg,3
11314.jpg,3
11315.jpg,3
11316.jpg,3
11317.jpg,3
11318.jpg,2
11319.jpg,3
11320.jpg,3
11321.jpg,1
11322.jpg,1
11323.jpg,1
11324.jpg,1
11325.jpg,1
11326.jpg,1
11327.jpg,1
11328.jpg,1
11329.jpg,1
11330.jpg,1
11331.jpg,1
11332.jpg,1
11333.jpg,1
11334.jpg,1
11335.jpg,1
11336.jpg,3
11337.jpg,1
11338.jpg,5
11339.jpg,1
11340.jpg,1
11341.jpg,1
11342.jpg,1
11343.jpg,1
11344.jpg,1
11345.jpg,1
11346.jpg,6
11347.jpg,1
11348.jpg,1
11349.jpg,1
11350.jpg,1
11351.jpg,5
11352.jpg,1
11353.jpg,1
11354.jpg,1
11355.jpg,0
11356.jpg,1
11357.jpg,1
11358.jpg,1
11359.jpg,1
11360.jpg,1
11361.jpg,1
11362.jpg,1
11363.jpg,1
11364.jpg,1
11365.jpg,1
11366.jpg,1
11367.jpg,5
11368.jpg,6
11369.jpg,1
11370.jpg,1
11371.jpg,1
11372.jpg,1
11373.jpg,6
11374.jpg,1
11375.jpg,1
11376.jpg,1
11377.jpg,1
11378.jpg,1
11379.jpg,1
11380.jpg,1
11381.jpg,1
11382.jpg,1
11383.jpg,1
11384.jpg,1
11385.jpg,1
11386.jpg,1
11387.jpg,1
11388.jpg,1
11389.jpg,1
11390.jpg,1
11391.jpg,5
11392.jpg,6
11393.jpg,1
11394.jpg,1
11395.jpg,0
11396.jpg,4
11397.jpg,1
11398.jpg,1
11399.jpg,2
11400.jpg,1
11401.jpg,1
11402.jpg,1
11403.jpg,1
11404.jpg,6
11405.jpg,5
11406.jpg,4
11407.jpg,1
11408.jpg,1
11409.jpg,1
11410.jpg,1
11411.jpg,5
11412.jpg,1
11413.jpg,1
11414.jpg,1
11415.jpg,1
11416.jpg,1
11417.jpg,1
11418.jpg,1
11419.jpg,1
11420.jpg,1
11421.jpg,1
11422.jpg,5
11423.jpg,4
11424.jpg,1
11425.jpg,1
11426.jpg,1
11427.jpg,1
11428.jpg,1
11429.jpg,1
11430.jpg,5
11431.jpg,1
11432.jpg,1
11433.jpg,1
11434.jpg,1
11435.jpg,1
11436.jpg,1
11437.jpg,1
11438.jpg,1
11439.jpg,1
11440.jpg,4
11441.jpg,1
11442.jpg,4
11443.jpg,1
11444.jpg,1
11445.jpg,1
11446.jpg,1
11447.jpg,4
11448.jpg,4
11449.jpg,4
11450.jpg,1
11451.jpg,1
11452.jpg,3
11453.jpg,4
11454.jpg,1
11455.jpg,4
11456.jpg,1
11457.jpg,4
11458.jpg,3
11459.jpg,1
11460.jpg,4
11461.jpg,4
11462.jpg,4
11463.jpg,4
11464.jpg,3
11465.jpg,4
11466.jpg,4
11467.jpg,4
11468.jpg,1
11469.jpg,1
11470.jpg,4
11471.jpg,1
11472.jpg,4
11473.jpg,1
11474.jpg,4
11475.jpg,4
11476.jpg,4
11477.jpg,4
11478.jpg,4
11479.jpg,4
11480.jpg,4
11481.jpg,4
11482.jpg,4
11483.jpg,4
11484.jpg,4
11485.jpg,1
11486.jpg,7
11487.jpg,6
11488.jpg,4
11489.jpg,6
11490.jpg,1
11491.jpg,1
11492.jpg,1
11493.jpg,1
11494.jpg,1
11495.jpg,6
11496.jpg,4
11497.jpg,4
11498.jpg,1
11499.jpg,3
11500.jpg,1
11501.jpg,1
11502.jpg,6
11503.jpg,1
11504.jpg,1
11505.jpg,6
11506.jpg,1
11507.jpg,1
11508.jpg,1
11509.jpg,1
11510.jpg,4
11511.jpg,1
11512.jpg,1
11513.jpg,1
11514.jpg,1
11515.jpg,3
11516.jpg,3
11517.jpg,3
11518.jpg,3
11519.jpg,1
11520.jpg,1
11521.jpg,1
11522.jpg,4
11523.jpg,3
11524.jpg,1
11525.jpg,1
11526.jpg,1
11527.jpg,6
11528.jpg,1
11529.jpg,1
11530.jpg,3
11531.jpg,3
11532.jpg,3
11533.jpg,3
11534.jpg,1
11535.jpg,3
11536.jpg,3
11537.jpg,1
11538.jpg,7
11539.jpg,3
11540.jpg,1
11541.jpg,7
11542.jpg,6
11543.jpg,1
11544.jpg,1
11545.jpg,1
11546.jpg,3
11547.jpg,3
11548.jpg,3
11549.jpg,6
11550.jpg,6
11551.jpg,3
11552.jpg,3
11553.jpg,2
11554.jpg,3
11555.jpg,0
11556.jpg,3
11557.jpg,3
11558.jpg,3
11559.jpg,3
11560.jpg,3
11561.jpg,3
11562.jpg,3
11563.jpg,2
11564.jpg,3
11565.jpg,3
11566.jpg,3
11567.jpg,6
11568.jpg,3
11569.jpg,6
11570.jpg,3
11571.jpg,3
11572.jpg,3
11573.jpg,3
11574.jpg,3
11575.jpg,2
11576.jpg,3
11577.jpg,0
11578.jpg,3
11579.jpg,3
11580.jpg,3
11581.jpg,3
11582.jpg,3
11583.jpg,2
11584.jpg,3
11585.jpg,2
11586.jpg,3
11587.jpg,3
11588.jpg,6
11589.jpg,0
11590.jpg,0
11591.jpg,3
11592.jpg,3
11593.jpg,3
11594.jpg,3
11595.jpg,3
11596.jpg,3
11597.jpg,3
11598.jpg,3
11599.jpg,6
11600.jpg,3
11601.jpg,3
11602.jpg,3
11603.jpg,6
11604.jpg,3
11605.jpg,2
11606.jpg,2
11607.jpg,2
11608.jpg,3
11609.jpg,1
11610.jpg,1
11611.jpg,1
11612.jpg,1
11613.jpg,1
11614.jpg,7
11615.jpg,6
11616.jpg,1
11617.jpg,6
11618.jpg,4
11619.jpg,1
11620.jpg,1
11621.jpg,4
11622.jpg,1
11623.jpg,1
11624.jpg,6
11625.jpg,1
11626.jpg,1
11627.jpg,1
11628.jpg,1
11629.jpg,1
11630.jpg,1
11631.jpg,6
11632.jpg,6
11633.jpg,1
11634.jpg,6
11635.jpg,6
11636.jpg,1
11637.jpg,6
11638.jpg,1
11639.jpg,7
11640.jpg,1
11641.jpg,1
11642.jpg,1
11643.jpg,1
11644.jpg,8
11645.jpg,1
11646.jpg,1
11647.jpg,6
11648.jpg,6
11649.jpg,6
11650.jpg,6
11651.jpg,6
11652.jpg,3
11653.jpg,1
11654.jpg,1
11655.jpg,6
11656.jpg,1
11657.jpg,3
11658.jpg,1
11659.jpg,1
11660.jpg,6
11661.jpg,1
11662.jpg,1
11663.jpg,6
11664.jpg,6
11665.jpg,1
11666.jpg,6
11667.jpg,1
11668.jpg,3
11669.jpg,5
11670.jpg,2
11671.jpg,2
11672.jpg,2
11673.jpg,2
11674.jpg,2
11675.jpg,2
11676.jpg,2
11677.jpg,2
11678.jpg,2
11679.jpg,2
11680.jpg,2
11681.jpg,2
11682.jpg,2
11683.jpg,0
11684.jpg,4
11685.jpg,2
11686.jpg,2
11687.jpg,3
11688.jpg,2
11689.jpg,2
11690.jpg,2
11691.jpg,2
11692.jpg,2
11693.jpg,2
11694.jpg,2
11695.jpg,2
11696.jpg,2
11697.jpg,2
11698.jpg,2
11699.jpg,2
11700.jpg,2
11701.jpg,2
11702.jpg,4
11703.jpg,2
11704.jpg,2
11705.jpg,2
11706.jpg,2
11707.jpg,2
11708.jpg,2
11709.jpg,2
11710.jpg,2
11711.jpg,3
11712.jpg,2
11713.jpg,6
11714.jpg,2
11715.jpg,2
11716.jpg,2
11717.jpg,2
11718.jpg,2
11719.jpg,2
11720.jpg,2
11721.jpg,2
11722.jpg,2
11723.jpg,2
11724.jpg,3
11725.jpg,2
11726.jpg,2
11727.jpg,2
11728.jpg,2
11729.jpg,4
11730.jpg,6
11731.jpg,3
11732.jpg,1
11733.jpg,4
11734.jpg,1
11735.jpg,7
11736.jpg,1
11737.jpg,3
11738.jpg,6
11739.jpg,6
11740.jpg,1
11741.jpg,4
11742.jpg,7
11743.jpg,1
11744.jpg,6
11745.jpg,4
11746.jpg,6
11747.jpg,4
11748.jpg,6
11749.jpg,6
11750.jpg,7
11751.jpg,1
11752.jpg,1
11753.jpg,3
11754.jpg,3
11755.jpg,4
11756.jpg,5
11757.jpg,1
11758.jpg,4
11759.jpg,6
11760.jpg,3
11761.jpg,1
11762.jpg,6
11763.jpg,1
11764.jpg,6
11765.jpg,6
11766.jpg,1
11767.jpg,1
11768.jpg,1
11769.jpg,1
11770.jpg,1
11771.jpg,6
11772.jpg,1
11773.jpg,1
11774.jpg,1
11775.jpg,6
11776.jpg,1
11777.jpg,1
11778.jpg,1
11779.jpg,4
11780.jpg,1
11781.jpg,1
11782.jpg,1
11783.jpg,1
11784.jpg,6
11785.jpg,1
11786.jpg,4
11787.jpg,1
11788.jpg,4
