filename,class_idx
test/00001.jpg,1
test/00002.jpg,3
test/00003.jpg,0
test/00004.jpg,1
test/00005.jpg,1
test/00006.jpg,6
test/00007.jpg,0
test/00008.jpg,1
test/00009.jpg,0
test/00010.jpg,5
test/00011.jpg,1
test/00012.jpg,6
test/00013.jpg,6
test/00014.jpg,1
test/00015.jpg,5
test/00016.jpg,1
test/00017.jpg,0
test/00018.jpg,0
test/00019.jpg,2
test/00020.jpg,0
test/00021.jpg,2
test/00022.jpg,1
test/00023.jpg,3
test/00024.jpg,3
test/00025.jpg,1
test/00026.jpg,4
test/00027.jpg,4
test/00028.jpg,0
test/00029.jpg,7
test/00030.jpg,1
test/00031.jpg,1
test/00032.jpg,0
test/00033.jpg,1
test/00034.jpg,1
test/00035.jpg,0
test/00036.jpg,4
test/00037.jpg,3
test/00038.jpg,7
test/00039.jpg,5
test/00040.jpg,6
test/00041.jpg,2
test/00042.jpg,7
test/00043.jpg,1
test/00044.jpg,7
test/00045.jpg,4
test/00046.jpg,1
test/00047.jpg,7
test/00048.jpg,6
test/00049.jpg,2
test/00050.jpg,4
test/00051.jpg,1
test/00052.jpg,1
test/00053.jpg,4
test/00054.jpg,1
test/00055.jpg,1
test/00056.jpg,0
test/00057.jpg,7
test/00058.jpg,4
test/00059.jpg,2
test/00060.jpg,3
test/00061.jpg,1
test/00062.jpg,0
test/00063.jpg,2
test/00064.jpg,0
test/00065.jpg,6
test/00066.jpg,4
test/00067.jpg,1
test/00068.jpg,5
test/00069.jpg,2
test/00070.jpg,5
test/00071.jpg,0
test/00072.jpg,1
test/00073.jpg,1
test/00074.jpg,4
test/00075.jpg,4
test/00076.jpg,0
test/00077.jpg,0
test/00078.jpg,5
test/00079.jpg,1
test/00080.jpg,6
test/00081.jpg,6
test/00082.jpg,1
test/00083.jpg,1
test/00084.jpg,0
test/00085.jpg,4
test/00086.jpg,0
test/00087.jpg,3
test/00088.jpg,5
test/00089.jpg,4
test/00090.jpg,2
test/00091.jpg,1
test/00092.jpg,0
test/00093.jpg,5
test/00094.jpg,1
test/00095.jpg,1
test/00096.jpg,3
test/00097.jpg,1
test/00098.jpg,7
test/00099.jpg,2
test/00100.jpg,5
test/00101.jpg,0
test/00102.jpg,3
test/00103.jpg,2
test/00104.jpg,7
test/00105.jpg,1
test/00106.jpg,0
test/00107.jpg,3
test/00108.jpg,4
test/00109.jpg,5
test/00110.jpg,1
test/00111.jpg,4
test/00112.jpg,3
test/00113.jpg,4
test/00114.jpg,0
test/00115.jpg,1
test/00116.jpg,0
test/00117.jpg,2
test/00118.jpg,1
test/00119.jpg,2
test/00120.jpg,3
test/00121.jpg,7
test/00122.jpg,0
test/00123.jpg,2
test/00124.jpg,6
test/00125.jpg,2
test/00126.jpg,1
test/00127.jpg,0
test/00128.jpg,2
test/00129.jpg,6
test/00130.jpg,2
test/00131.jpg,7
test/00132.jpg,7
test/00133.jpg,1
test/00134.jpg,3
test/00135.jpg,3
test/00136.jpg,0
test/00137.jpg,1
test/00138.jpg,7
test/00139.jpg,0
test/00140.jpg,6
test/00141.jpg,1
test/00142.jpg,0
test/00143.jpg,3
test/00144.jpg,7
test/00145.jpg,7
test/00146.jpg,0
test/00147.jpg,3
test/00148.jpg,2
test/00149.jpg,2
test/00150.jpg,6
test/00151.jpg,3
test/00152.jpg,1
test/00153.jpg,0
test/00154.jpg,0
test/00155.jpg,2
test/00156.jpg,2
test/00157.jpg,5
test/00158.jpg,3
test/00159.jpg,1
test/00160.jpg,1
test/00161.jpg,2
test/00162.jpg,3
test/00163.jpg,3
test/00164.jpg,4
test/00165.jpg,2
test/00166.jpg,3
test/00167.jpg,0
test/00168.jpg,6
test/00169.jpg,3
test/00170.jpg,6
test/00171.jpg,2
test/00172.jpg,2
test/00173.jpg,0
test/00174.jpg,2
test/00175.jpg,1
test/00176.jpg,0
test/00177.jpg,1
test/00178.jpg,6
test/00179.jpg,7
test/00180.jpg,3
test/00181.jpg,3
test/00182.jpg,1
test/00183.jpg,1
test/00184.jpg,1
test/00185.jpg,1
test/00186.jpg,2
test/00187.jpg,3
test/00188.jpg,3
test/00189.jpg,1
test/00190.jpg,0
test/00191.jpg,1
test/00192.jpg,5
test/00193.jpg,1
test/00194.jpg,0
test/00195.jpg,1
test/00196.jpg,2
test/00197.jpg,6
test/00198.jpg,2
test/00199.jpg,0
test/00200.jpg,2
test/00201.jpg,2
test/00202.jpg,6
test/00203.jpg,3
test/00204.jpg,0
test/00205.jpg,2
test/00206.jpg,6
test/00207.jpg,7
test/00208.jpg,1
test/00209.jpg,7
test/00210.jpg,1
test/00211.jpg,2
test/00212.jpg,2
test/00213.jpg,1
test/00214.jpg,2
test/00215.jpg,2
test/00216.jpg,4
test/00217.jpg,1
test/00218.jpg,6
test/00219.jpg,6
test/00220.jpg,1
test/00221.jpg,0
test/00222.jpg,4
test/00223.jpg,0
test/00224.jpg,0
test/00225.jpg,0
test/00226.jpg,1
test/00227.jpg,5
test/00228.jpg,6
test/00229.jpg,0
test/00230.jpg,2
test/00231.jpg,1
test/00232.jpg,3
test/00233.jpg,1
test/00234.jpg,1
test/00235.jpg,0
test/00236.jpg,0
test/00237.jpg,0
test/00238.jpg,2
test/00239.jpg,3
test/00240.jpg,2
test/00241.jpg,1
test/00242.jpg,3
test/00243.jpg,0
test/00244.jpg,0
test/00245.jpg,3
test/00246.jpg,1
test/00247.jpg,1
test/00248.jpg,4
test/00249.jpg,1
test/00250.jpg,4
test/00251.jpg,4
test/00252.jpg,6
test/00253.jpg,1
test/00254.jpg,1
test/00255.jpg,4
test/00256.jpg,0
test/00257.jpg,4
test/00258.jpg,6
test/00259.jpg,6
test/00260.jpg,2
test/00261.jpg,2
test/00262.jpg,2
test/00263.jpg,3
test/00264.jpg,1
test/00265.jpg,2
test/00266.jpg,3
test/00267.jpg,1
test/00268.jpg,4
test/00269.jpg,0
test/00270.jpg,0
test/00271.jpg,0
test/00272.jpg,6
test/00273.jpg,1
test/00274.jpg,1
test/00275.jpg,2
test/00276.jpg,1
test/00277.jpg,1
test/00278.jpg,1
test/00279.jpg,0
test/00280.jpg,0
test/00281.jpg,0
test/00282.jpg,1
test/00283.jpg,1
test/00284.jpg,1
test/00285.jpg,2
test/00286.jpg,6
test/00287.jpg,0
test/00288.jpg,0
test/00289.jpg,3
test/00290.jpg,1
test/00291.jpg,3
test/00292.jpg,1
test/00293.jpg,0
test/00294.jpg,2
test/00295.jpg,1
test/00296.jpg,6
test/00297.jpg,1
test/00298.jpg,7
test/00299.jpg,4
test/00300.jpg,1
test/00301.jpg,1
test/00302.jpg,2
test/00303.jpg,7
test/00304.jpg,0
test/00305.jpg,1
test/00306.jpg,7
test/00307.jpg,6
test/00308.jpg,3
test/00309.jpg,2
test/00310.jpg,7
test/00311.jpg,1
test/00312.jpg,1
test/00313.jpg,2
test/00314.jpg,1
test/00315.jpg,2
test/00316.jpg,1
test/00317.jpg,2
test/00318.jpg,7
test/00319.jpg,4
test/00320.jpg,4
test/00321.jpg,5
test/00322.jpg,4
test/00323.jpg,1
test/00324.jpg,6
test/00325.jpg,4
test/00326.jpg,2
test/00327.jpg,0
test/00328.jpg,1
test/00329.jpg,1
test/00330.jpg,2
test/00331.jpg,6
test/00332.jpg,3
test/00333.jpg,1
test/00334.jpg,1
test/00335.jpg,7
test/00336.jpg,7
test/00337.jpg,2
test/00338.jpg,4
test/00339.jpg,1
test/00340.jpg,2
test/00341.jpg,3
test/00342.jpg,1
test/00343.jpg,2
test/00344.jpg,3
test/00345.jpg,0
test/00346.jpg,1
test/00347.jpg,1
test/00348.jpg,0
test/00349.jpg,0
test/00350.jpg,1
test/00351.jpg,0
test/00352.jpg,0
test/00353.jpg,3
test/00354.jpg,0
test/00355.jpg,6
test/00356.jpg,0
test/00357.jpg,6
test/00358.jpg,0
test/00359.jpg,0
test/00360.jpg,3
test/00361.jpg,3
test/00362.jpg,3
test/00363.jpg,1
test/00364.jpg,2
test/00365.jpg,7
test/00366.jpg,0
test/00367.jpg,0
test/00368.jpg,1
test/00369.jpg,1
test/00370.jpg,0
test/00371.jpg,7
test/00372.jpg,1
test/00373.jpg,0
test/00374.jpg,4
test/00375.jpg,1
test/00376.jpg,3
test/00377.jpg,1
test/00378.jpg,0
test/00379.jpg,6
test/00380.jpg,6
test/00381.jpg,6
test/00382.jpg,2
test/00383.jpg,7
test/00384.jpg,3
test/00385.jpg,2
test/00386.jpg,2
test/00387.jpg,3
test/00388.jpg,0
test/00389.jpg,2
test/00390.jpg,5
test/00391.jpg,2
test/00392.jpg,0
test/00393.jpg,2
test/00394.jpg,2
test/00395.jpg,4
test/00396.jpg,6
test/00397.jpg,1
test/00398.jpg,4
test/00399.jpg,1
test/00400.jpg,1
test/00401.jpg,1
test/00402.jpg,1
test/00403.jpg,1
test/00404.jpg,7
test/00405.jpg,0
test/00406.jpg,6
test/00407.jpg,7
test/00408.jpg,4
test/00409.jpg,1
test/00410.jpg,0
test/00411.jpg,2
test/00412.jpg,1
test/00413.jpg,7
test/00414.jpg,7
test/00415.jpg,4
test/00416.jpg,0
test/00417.jpg,4
test/00418.jpg,7
test/00419.jpg,2
test/00420.jpg,2
test/00421.jpg,1
test/00422.jpg,1
test/00423.jpg,2
test/00424.jpg,1
test/00425.jpg,2
test/00426.jpg,3
test/00427.jpg,0
test/00428.jpg,1
test/00429.jpg,0
test/00430.jpg,1
test/00431.jpg,1
test/00432.jpg,0
test/00433.jpg,1
test/00434.jpg,1
test/00435.jpg,0
test/00436.jpg,0
test/00437.jpg,1
test/00438.jpg,3
test/00439.jpg,1
test/00440.jpg,0
test/00441.jpg,1
test/00442.jpg,0
test/00443.jpg,2
test/00444.jpg,1
test/00445.jpg,7
test/00446.jpg,4
test/00447.jpg,1
test/00448.jpg,2
test/00449.jpg,2
test/00450.jpg,4
test/00451.jpg,2
test/00452.jpg,0
test/00453.jpg,5
test/00454.jpg,7
test/00455.jpg,7
test/00456.jpg,0
test/00457.jpg,0
test/00458.jpg,2
test/00459.jpg,1
test/00460.jpg,1
test/00461.jpg,0
test/00462.jpg,0
test/00463.jpg,2
test/00464.jpg,2
test/00465.jpg,4
test/00466.jpg,2
test/00467.jpg,2
test/00468.jpg,3
test/00469.jpg,1
test/00470.jpg,4
test/00471.jpg,0
test/00472.jpg,3
test/00473.jpg,2
test/00474.jpg,6
test/00475.jpg,6
test/00476.jpg,7
test/00477.jpg,1
test/00478.jpg,0
test/00479.jpg,0
test/00480.jpg,1
test/00481.jpg,0
test/00482.jpg,0
test/00483.jpg,4
test/00484.jpg,2
test/00485.jpg,7
test/00486.jpg,2
test/00487.jpg,3
test/00488.jpg,0
test/00489.jpg,7
test/00490.jpg,3
test/00491.jpg,0
test/00492.jpg,5
test/00493.jpg,5
test/00494.jpg,2
test/00495.jpg,3
test/00496.jpg,0
test/00497.jpg,4
test/00498.jpg,7
test/00499.jpg,6
test/00500.jpg,3
test/00501.jpg,7
test/00502.jpg,3
test/00503.jpg,7
test/00504.jpg,0
test/00505.jpg,2
test/00506.jpg,0
test/00507.jpg,0
test/00508.jpg,1
test/00509.jpg,1
test/00510.jpg,2
test/00511.jpg,7
test/00512.jpg,0
test/00513.jpg,7
test/00514.jpg,5
test/00515.jpg,3
test/00516.jpg,1
test/00517.jpg,7
test/00518.jpg,3
test/00519.jpg,1
test/00520.jpg,3
test/00521.jpg,2
test/00522.jpg,4
test/00523.jpg,4
test/00524.jpg,1
test/00525.jpg,2
test/00526.jpg,2
test/00527.jpg,1
test/00528.jpg,3
test/00529.jpg,0
test/00530.jpg,3
test/00531.jpg,6
test/00532.jpg,3
test/00533.jpg,1
test/00534.jpg,1
test/00535.jpg,0
test/00536.jpg,6
test/00537.jpg,6
test/00538.jpg,2
test/00539.jpg,0
test/00540.jpg,1
test/00541.jpg,1
test/00542.jpg,0
test/00543.jpg,1
test/00544.jpg,7
test/00545.jpg,4
test/00546.jpg,1
test/00547.jpg,2
test/00548.jpg,7
test/00549.jpg,0
test/00550.jpg,1
test/00551.jpg,1
test/00552.jpg,6
test/00553.jpg,2
test/00554.jpg,7
test/00555.jpg,0
test/00556.jpg,1
test/00557.jpg,2
test/00558.jpg,1
test/00559.jpg,2
test/00560.jpg,2
test/00561.jpg,1
test/00562.jpg,0
test/00563.jpg,4
test/00564.jpg,5
test/00565.jpg,2
test/00566.jpg,1
test/00567.jpg,0
test/00568.jpg,7
test/00569.jpg,0
test/00570.jpg,7
test/00571.jpg,3
test/00572.jpg,5
test/00573.jpg,1
test/00574.jpg,6
test/00575.jpg,1
test/00576.jpg,1
test/00577.jpg,1
test/00578.jpg,1
test/00579.jpg,0
test/00580.jpg,1
test/00581.jpg,4
test/00582.jpg,2
test/00583.jpg,3
test/00584.jpg,0
test/00585.jpg,3
test/00586.jpg,2
test/00587.jpg,0
test/00588.jpg,5
test/00589.jpg,3
test/00590.jpg,5
test/00591.jpg,5
test/00592.jpg,6
test/00593.jpg,1
test/00594.jpg,0
test/00595.jpg,1
test/00596.jpg,0
test/00597.jpg,4
test/00598.jpg,0
test/00599.jpg,1
test/00600.jpg,0
test/00601.jpg,3
test/00602.jpg,1
test/00603.jpg,2
test/00604.jpg,1
test/00605.jpg,3
test/00606.jpg,1
test/00607.jpg,4
test/00608.jpg,6
test/00609.jpg,2
test/00610.jpg,4
test/00611.jpg,0
test/00612.jpg,3
test/00613.jpg,3
test/00614.jpg,1
test/00615.jpg,1
test/00616.jpg,1
test/00617.jpg,1
test/00618.jpg,3
test/00619.jpg,4
test/00620.jpg,0
test/00621.jpg,1
test/00622.jpg,3
test/00623.jpg,5
test/00624.jpg,0
test/00625.jpg,6
test/00626.jpg,1
test/00627.jpg,2
test/00628.jpg,1
test/00629.jpg,1
test/00630.jpg,3
test/00631.jpg,2
test/00632.jpg,7
test/00633.jpg,7
test/00634.jpg,1
test/00635.jpg,2
test/00636.jpg,1
test/00637.jpg,7
test/00638.jpg,2
test/00639.jpg,1
test/00640.jpg,7
test/00641.jpg,7
test/00642.jpg,7
test/00643.jpg,2
test/00644.jpg,4
test/00645.jpg,2
test/00646.jpg,3
test/00647.jpg,0
test/00648.jpg,4
test/00649.jpg,1
test/00650.jpg,4
test/00651.jpg,0
test/00652.jpg,1
test/00653.jpg,5
test/00654.jpg,6
test/00655.jpg,0
test/00656.jpg,1
test/00657.jpg,0
test/00658.jpg,2
test/00659.jpg,2
test/00660.jpg,0
test/00661.jpg,0
test/00662.jpg,1
test/00663.jpg,2
test/00664.jpg,3
test/00665.jpg,5
test/00666.jpg,3
test/00667.jpg,0
test/00668.jpg,6
test/00669.jpg,7
test/00670.jpg,6
test/00671.jpg,0
test/00672.jpg,2
test/00673.jpg,4
test/00674.jpg,3
test/00675.jpg,1
test/00676.jpg,0
test/00677.jpg,6
test/00678.jpg,7
test/00679.jpg,3
test/00680.jpg,2
test/00681.jpg,1
test/00682.jpg,2
test/00683.jpg,0
test/00684.jpg,0
test/00685.jpg,2
test/00686.jpg,5
test/00687.jpg,3
test/00688.jpg,2
test/00689.jpg,3
test/00690.jpg,0
test/00691.jpg,2
test/00692.jpg,3
test/00693.jpg,1
test/00694.jpg,2
test/00695.jpg,6
test/00696.jpg,7
test/00697.jpg,1
test/00698.jpg,5
test/00699.jpg,2
test/00700.jpg,4
test/00701.jpg,3
test/00702.jpg,4
test/00703.jpg,1
test/00704.jpg,5
test/00705.jpg,1
test/00706.jpg,6
test/00707.jpg,4
test/00708.jpg,3
test/00709.jpg,3
test/00710.jpg,1
test/00711.jpg,2
test/00712.jpg,1
test/00713.jpg,6
test/00714.jpg,6
test/00715.jpg,6
test/00716.jpg,0
test/00717.jpg,3
test/00718.jpg,3
test/00719.jpg,7
test/00720.jpg,2
test/00721.jpg,1
test/00722.jpg,1
test/00723.jpg,5
test/00724.jpg,0
test/00725.jpg,3
test/00726.jpg,2
test/00727.jpg,3
test/00728.jpg,1
test/00729.jpg,3
test/00730.jpg,0
test/00731.jpg,3
test/00732.jpg,0
test/00733.jpg,2
test/00734.jpg,6
test/00735.jpg,6
test/00736.jpg,1
test/00737.jpg,1
test/00738.jpg,2
test/00739.jpg,2
test/00740.jpg,1
test/00741.jpg,6
test/00742.jpg,5
test/00743.jpg,0
test/00744.jpg,0
test/00745.jpg,6
test/00746.jpg,2
test/00747.jpg,2
test/00748.jpg,3
test/00749.jpg,7
test/00750.jpg,3
test/00751.jpg,2
test/00752.jpg,0
test/00753.jpg,6
test/00754.jpg,6
test/00755.jpg,2
test/00756.jpg,0
test/00757.jpg,2
test/00758.jpg,2
test/00759.jpg,0
test/00760.jpg,2
test/00761.jpg,0
test/00762.jpg,0
test/00763.jpg,7
test/00764.jpg,3
test/00765.jpg,1
test/00766.jpg,4
test/00767.jpg,1
test/00768.jpg,7
test/00769.jpg,0
test/00770.jpg,6
test/00771.jpg,1
test/00772.jpg,4
test/00773.jpg,3
test/00774.jpg,3
test/00775.jpg,2
test/00776.jpg,0
test/00777.jpg,2
test/00778.jpg,2
test/00779.jpg,0
test/00780.jpg,0
test/00781.jpg,0
test/00782.jpg,2
test/00783.jpg,0
test/00784.jpg,1
test/00785.jpg,4
test/00786.jpg,3
test/00787.jpg,1
test/00788.jpg,2
test/00789.jpg,1
test/00790.jpg,1
test/00791.jpg,0
test/00792.jpg,1
test/00793.jpg,1
test/00794.jpg,0
test/00795.jpg,6
test/00796.jpg,1
test/00797.jpg,0
test/00798.jpg,1
test/00799.jpg,0
test/00800.jpg,1
test/00801.jpg,2
test/00802.jpg,7
test/00803.jpg,2
test/00804.jpg,2
test/00805.jpg,7
test/00806.jpg,2
test/00807.jpg,2
test/00808.jpg,2
test/00809.jpg,2
test/00810.jpg,1
test/00811.jpg,0
test/00812.jpg,7
test/00813.jpg,6
test/00814.jpg,2
test/00815.jpg,3
test/00816.jpg,2
test/00817.jpg,7
test/00818.jpg,1
test/00819.jpg,1
test/00820.jpg,6
test/00821.jpg,1
test/00822.jpg,3
test/00823.jpg,1
test/00824.jpg,3
test/00825.jpg,0
test/00826.jpg,5
test/00827.jpg,3
test/00828.jpg,1
test/00829.jpg,1
test/00830.jpg,3
test/00831.jpg,7
test/00832.jpg,4
test/00833.jpg,1
test/00834.jpg,2
test/00835.jpg,1
test/00836.jpg,1
test/00837.jpg,6
test/00838.jpg,1
test/00839.jpg,2
test/00840.jpg,7
test/00841.jpg,3
test/00842.jpg,2
test/00843.jpg,1
test/00844.jpg,4
test/00845.jpg,3
test/00846.jpg,0
test/00847.jpg,0
test/00848.jpg,4
test/00849.jpg,1
test/00850.jpg,2
test/00851.jpg,2
test/00852.jpg,1
test/00853.jpg,7
test/00854.jpg,0
test/00855.jpg,2
test/00856.jpg,1
test/00857.jpg,7
test/00858.jpg,7
test/00859.jpg,1
test/00860.jpg,6
test/00861.jpg,2
test/00862.jpg,7
test/00863.jpg,0
test/00864.jpg,7
test/00865.jpg,6
test/00866.jpg,1
test/00867.jpg,4
test/00868.jpg,5
test/00869.jpg,2
test/00870.jpg,4
test/00871.jpg,2
test/00872.jpg,6
test/00873.jpg,0
test/00874.jpg,0
test/00875.jpg,0
test/00876.jpg,1
test/00877.jpg,2
test/00878.jpg,6
test/00879.jpg,1
test/00880.jpg,1
test/00881.jpg,4
test/00882.jpg,1
test/00883.jpg,2
test/00884.jpg,1
test/00885.jpg,1
test/00886.jpg,7
test/00887.jpg,4
test/00888.jpg,0
test/00889.jpg,3
test/00890.jpg,0
test/00891.jpg,1
test/00892.jpg,1
test/00893.jpg,5
test/00894.jpg,7
test/00895.jpg,4
test/00896.jpg,1
test/00897.jpg,2
test/00898.jpg,2
test/00899.jpg,3
test/00900.jpg,2
test/00901.jpg,1
test/00902.jpg,0
test/00903.jpg,1
test/00904.jpg,1
test/00905.jpg,3
test/00906.jpg,1
test/00907.jpg,2
test/00908.jpg,0
test/00909.jpg,2
test/00910.jpg,7
test/00911.jpg,2
test/00912.jpg,2
test/00913.jpg,1
test/00914.jpg,0
test/00915.jpg,1
test/00916.jpg,6
test/00917.jpg,2
test/00918.jpg,1
test/00919.jpg,1
test/00920.jpg,3
test/00921.jpg,0
test/00922.jpg,4
test/00923.jpg,3
test/00924.jpg,3
test/00925.jpg,6
test/00926.jpg,6
test/00927.jpg,4
test/00928.jpg,1
test/00929.jpg,2
test/00930.jpg,2
test/00931.jpg,0
test/00932.jpg,7
test/00933.jpg,3
test/00934.jpg,0
test/00935.jpg,0
test/00936.jpg,4
test/00937.jpg,4
test/00938.jpg,2
test/00939.jpg,1
test/00940.jpg,2
test/00941.jpg,0
test/00942.jpg,0
test/00943.jpg,4
test/00944.jpg,2
test/00945.jpg,3
test/00946.jpg,1
test/00947.jpg,0
test/00948.jpg,1
test/00949.jpg,1
test/00950.jpg,1
test/00951.jpg,7
test/00952.jpg,3
test/00953.jpg,7
test/00954.jpg,1
test/00955.jpg,2
test/00956.jpg,2
test/00957.jpg,2
test/00958.jpg,1
test/00959.jpg,6
test/00960.jpg,4
test/00961.jpg,1
test/00962.jpg,3
test/00963.jpg,7
test/00964.jpg,6
test/00965.jpg,1
test/00966.jpg,6
test/00967.jpg,1
test/00968.jpg,4
test/00969.jpg,0
test/00970.jpg,1
test/00971.jpg,1
test/00972.jpg,2
test/00973.jpg,2
test/00974.jpg,7
test/00975.jpg,1
test/00976.jpg,4
test/00977.jpg,4
test/00978.jpg,1
test/00979.jpg,2
test/00980.jpg,1
test/00981.jpg,2
test/00982.jpg,0
test/00983.jpg,0
test/00984.jpg,6
test/00985.jpg,2
test/00986.jpg,6
test/00987.jpg,6
test/00988.jpg,6
test/00989.jpg,0
test/00990.jpg,1
test/00991.jpg,4
test/00992.jpg,3
test/00993.jpg,1
test/00994.jpg,5
test/00995.jpg,1
test/00996.jpg,3
test/00997.jpg,2
test/00998.jpg,3
test/00999.jpg,7
test/01000.jpg,1
test/01001.jpg,3
test/01002.jpg,2
test/01003.jpg,2
test/01004.jpg,2
test/01005.jpg,1
test/01006.jpg,3
test/01007.jpg,2
test/01008.jpg,2
test/01009.jpg,6
test/01010.jpg,1
test/01011.jpg,2
test/01012.jpg,1
test/01013.jpg,7
test/01014.jpg,1
test/01015.jpg,7
test/01016.jpg,5
test/01017.jpg,0
test/01018.jpg,2
test/01019.jpg,2
test/01020.jpg,3
test/01021.jpg,2
test/01022.jpg,1
test/01023.jpg,1
test/01024.jpg,7
test/01025.jpg,1
test/01026.jpg,3
test/01027.jpg,1
test/01028.jpg,0
test/01029.jpg,0
test/01030.jpg,1
test/01031.jpg,0
test/01032.jpg,0
test/01033.jpg,2
test/01034.jpg,4
test/01035.jpg,2
test/01036.jpg,2
test/01037.jpg,3
test/01038.jpg,0
test/01039.jpg,2
test/01040.jpg,1
test/01041.jpg,1
test/01042.jpg,2
test/01043.jpg,3
test/01044.jpg,0
test/01045.jpg,1
test/01046.jpg,0
test/01047.jpg,5
test/01048.jpg,4
test/01049.jpg,3
test/01050.jpg,2
test/01051.jpg,1
test/01052.jpg,3
test/01053.jpg,1
test/01054.jpg,7
test/01055.jpg,7
test/01056.jpg,7
test/01057.jpg,6
test/01058.jpg,0
test/01059.jpg,3
test/01060.jpg,2
test/01061.jpg,3
test/01062.jpg,1
test/01063.jpg,5
test/01064.jpg,4
test/01065.jpg,0
test/01066.jpg,3
test/01067.jpg,2
test/01068.jpg,0
test/01069.jpg,4
test/01070.jpg,2
test/01071.jpg,1
test/01072.jpg,7
test/01073.jpg,4
test/01074.jpg,4
test/01075.jpg,2
test/01076.jpg,3
test/01077.jpg,0
test/01078.jpg,4
test/01079.jpg,1
test/01080.jpg,2
test/01081.jpg,3
test/01082.jpg,1
test/01083.jpg,5
test/01084.jpg,7
test/01085.jpg,5
test/01086.jpg,3
test/01087.jpg,3
test/01088.jpg,3
test/01089.jpg,1
test/01090.jpg,2
test/01091.jpg,7
test/01092.jpg,1
test/01093.jpg,1
test/01094.jpg,3
test/01095.jpg,4
test/01096.jpg,1
test/01097.jpg,3
test/01098.jpg,3
test/01099.jpg,5
test/01100.jpg,1
test/01101.jpg,7
test/01102.jpg,1
test/01103.jpg,1
test/01104.jpg,2
test/01105.jpg,2
test/01106.jpg,1
test/01107.jpg,7
test/01108.jpg,0
test/01109.jpg,2
test/01110.jpg,0
test/01111.jpg,2
test/01112.jpg,3
test/01113.jpg,1
test/01114.jpg,1
test/01115.jpg,1
test/01116.jpg,0
test/01117.jpg,0
test/01118.jpg,0
test/01119.jpg,3
test/01120.jpg,3
test/01121.jpg,0
test/01122.jpg,1
test/01123.jpg,1
test/01124.jpg,0
test/01125.jpg,0
test/01126.jpg,2
test/01127.jpg,1
test/01128.jpg,1
test/01129.jpg,3
test/01130.jpg,7
test/01131.jpg,2
test/01132.jpg,1
test/01133.jpg,0
test/01134.jpg,0
test/01135.jpg,4
test/01136.jpg,1
test/01137.jpg,1
test/01138.jpg,3
test/01139.jpg,3
test/01140.jpg,7
test/01141.jpg,4
test/01142.jpg,3
test/01143.jpg,0
test/01144.jpg,0
test/01145.jpg,0
test/01146.jpg,5
test/01147.jpg,7
test/01148.jpg,4
test/01149.jpg,2
test/01150.jpg,7
test/01151.jpg,4
test/01152.jpg,1
test/01153.jpg,6
test/01154.jpg,3
test/01155.jpg,1
test/01156.jpg,0
test/01157.jpg,1
test/01158.jpg,0
test/01159.jpg,7
test/01160.jpg,2
test/01161.jpg,1
test/01162.jpg,1
test/01163.jpg,0
test/01164.jpg,1
test/01165.jpg,6
test/01166.jpg,1
test/01167.jpg,0
test/01168.jpg,2
test/01169.jpg,2
test/01170.jpg,1
test/01171.jpg,6
test/01172.jpg,1
test/01173.jpg,1
test/01174.jpg,1
test/01175.jpg,2
test/01176.jpg,2
test/01177.jpg,1
test/01178.jpg,0
test/01179.jpg,2
test/01180.jpg,2
test/01181.jpg,0
test/01182.jpg,2
test/01183.jpg,7
test/01184.jpg,2
test/01185.jpg,0
test/01186.jpg,1
test/01187.jpg,0
test/01188.jpg,1
test/01189.jpg,0
test/01190.jpg,0
test/01191.jpg,7
test/01192.jpg,2
test/01193.jpg,1
test/01194.jpg,1
test/01195.jpg,0
test/01196.jpg,1
test/01197.jpg,3
test/01198.jpg,1
test/01199.jpg,0
test/01200.jpg,1
test/01201.jpg,1
test/01202.jpg,1
test/01203.jpg,3
test/01204.jpg,2
test/01205.jpg,1
test/01206.jpg,7
test/01207.jpg,6
test/01208.jpg,0
test/01209.jpg,1
test/01210.jpg,2
test/01211.jpg,1
test/01212.jpg,1
test/01213.jpg,1
test/01214.jpg,2
test/01215.jpg,1
test/01216.jpg,0
test/01217.jpg,0
test/01218.jpg,5
test/01219.jpg,4
test/01220.jpg,2
test/01221.jpg,7
test/01222.jpg,2
test/01223.jpg,3
test/01224.jpg,0
test/01225.jpg,5
test/01226.jpg,0
test/01227.jpg,3
test/01228.jpg,7
test/01229.jpg,0
test/01230.jpg,0
test/01231.jpg,1
test/01232.jpg,5
test/01233.jpg,2
test/01234.jpg,7
test/01235.jpg,7
test/01236.jpg,2
test/01237.jpg,3
test/01238.jpg,3
test/01239.jpg,2
test/01240.jpg,7
test/01241.jpg,0
test/01242.jpg,2
test/01243.jpg,5
test/01244.jpg,1
test/01245.jpg,0
test/01246.jpg,3
test/01247.jpg,7
test/01248.jpg,7
test/01249.jpg,5
test/01250.jpg,4
test/01251.jpg,0
test/01252.jpg,0
test/01253.jpg,2
test/01254.jpg,0
test/01255.jpg,2
test/01256.jpg,3
test/01257.jpg,2
test/01258.jpg,1
test/01259.jpg,3
test/01260.jpg,3
test/01261.jpg,0
test/01262.jpg,2
test/01263.jpg,3
test/01264.jpg,3
test/01265.jpg,3
test/01266.jpg,0
test/01267.jpg,3
test/01268.jpg,1
test/01269.jpg,6
test/01270.jpg,3
test/01271.jpg,0
test/01272.jpg,0
test/01273.jpg,0
test/01274.jpg,4
test/01275.jpg,3
test/01276.jpg,4
test/01277.jpg,1
test/01278.jpg,6
test/01279.jpg,6
test/01280.jpg,0
test/01281.jpg,2
test/01282.jpg,1
test/01283.jpg,0
test/01284.jpg,4
test/01285.jpg,3
test/01286.jpg,2
test/01287.jpg,2
test/01288.jpg,4
test/01289.jpg,2
test/01290.jpg,0
test/01291.jpg,4
test/01292.jpg,3
test/01293.jpg,3
test/01294.jpg,2
test/01295.jpg,2
test/01296.jpg,0
test/01297.jpg,2
test/01298.jpg,0
test/01299.jpg,6
test/01300.jpg,7
test/01301.jpg,0
test/01302.jpg,4
test/01303.jpg,1
test/01304.jpg,7
test/01305.jpg,0
test/01306.jpg,2
test/01307.jpg,0
test/01308.jpg,4
test/01309.jpg,1
test/01310.jpg,4
test/01311.jpg,2
test/01312.jpg,3
test/01313.jpg,3
test/01314.jpg,1
test/01315.jpg,0
test/01316.jpg,2
test/01317.jpg,1
test/01318.jpg,5
test/01319.jpg,7
test/01320.jpg,0
test/01321.jpg,3
test/01322.jpg,1
test/01323.jpg,1
test/01324.jpg,6
test/01325.jpg,3
test/01326.jpg,2
test/01327.jpg,2
test/01328.jpg,7
test/01329.jpg,6
test/01330.jpg,2
test/01331.jpg,1
test/01332.jpg,0
test/01333.jpg,0
test/01334.jpg,1
test/01335.jpg,1
test/01336.jpg,0
test/01337.jpg,2
test/01338.jpg,1
test/01339.jpg,1
test/01340.jpg,0
test/01341.jpg,4
test/01342.jpg,3
test/01343.jpg,1
test/01344.jpg,0
test/01345.jpg,1
test/01346.jpg,5
test/01347.jpg,0
test/01348.jpg,3
test/01349.jpg,0
test/01350.jpg,6
test/01351.jpg,1
test/01352.jpg,3
test/01353.jpg,3
test/01354.jpg,0
test/01355.jpg,3
test/01356.jpg,6
test/01357.jpg,1
test/01358.jpg,7
test/01359.jpg,2
test/01360.jpg,0
test/01361.jpg,0
test/01362.jpg,7
test/01363.jpg,0
test/01364.jpg,1
test/01365.jpg,6
test/01366.jpg,3
test/01367.jpg,3
test/01368.jpg,3
test/01369.jpg,0
test/01370.jpg,1
test/01371.jpg,2
test/01372.jpg,3
test/01373.jpg,1
test/01374.jpg,0
test/01375.jpg,2
test/01376.jpg,1
test/01377.jpg,4
test/01378.jpg,6
test/01379.jpg,0
test/01380.jpg,2
test/01381.jpg,3
test/01382.jpg,3
test/01383.jpg,1
test/01384.jpg,4
test/01385.jpg,0
test/01386.jpg,2
test/01387.jpg,1
test/01388.jpg,2
test/01389.jpg,5
test/01390.jpg,0
test/01391.jpg,0
test/01392.jpg,0
test/01393.jpg,1
test/01394.jpg,1
test/01395.jpg,2
test/01396.jpg,1
test/01397.jpg,7
test/01398.jpg,3
test/01399.jpg,1
test/01400.jpg,0
test/01401.jpg,4
test/01402.jpg,1
test/01403.jpg,7
test/01404.jpg,0
test/01405.jpg,1
test/01406.jpg,1
test/01407.jpg,2
test/01408.jpg,2
test/01409.jpg,3
test/01410.jpg,2
test/01411.jpg,0
test/01412.jpg,1
test/01413.jpg,0
test/01414.jpg,2
test/01415.jpg,0
test/01416.jpg,0
test/01417.jpg,1
test/01418.jpg,7
test/01419.jpg,2
test/01420.jpg,0
test/01421.jpg,2
test/01422.jpg,4
test/01423.jpg,2
test/01424.jpg,0
test/01425.jpg,3
test/01426.jpg,1
test/01427.jpg,6
test/01428.jpg,1
test/01429.jpg,4
test/01430.jpg,5
test/01431.jpg,2
test/01432.jpg,1
test/01433.jpg,7
test/01434.jpg,6
test/01435.jpg,4
test/01436.jpg,4
test/01437.jpg,1
test/01438.jpg,3
test/01439.jpg,4
test/01440.jpg,7
test/01441.jpg,1
test/01442.jpg,0
test/01443.jpg,2
test/01444.jpg,1
test/01445.jpg,1
test/01446.jpg,7
test/01447.jpg,3
test/01448.jpg,6
test/01449.jpg,0
test/01450.jpg,2
test/01451.jpg,0
test/01452.jpg,0
test/01453.jpg,1
test/01454.jpg,7
test/01455.jpg,1
test/01456.jpg,0
test/01457.jpg,2
test/01458.jpg,6
test/01459.jpg,4
test/01460.jpg,2
test/01461.jpg,0
test/01462.jpg,7
test/01463.jpg,1
test/01464.jpg,2
test/01465.jpg,1
test/01466.jpg,2
test/01467.jpg,2
test/01468.jpg,4
test/01469.jpg,2
test/01470.jpg,3
test/01471.jpg,5
test/01472.jpg,6
test/01473.jpg,1
test/01474.jpg,1
test/01475.jpg,2
test/01476.jpg,1
test/01477.jpg,3
test/01478.jpg,2
test/01479.jpg,0
test/01480.jpg,1
test/01481.jpg,7
test/01482.jpg,0
test/01483.jpg,0
test/01484.jpg,2
test/01485.jpg,1
test/01486.jpg,2
test/01487.jpg,0
test/01488.jpg,3
test/01489.jpg,1
test/01490.jpg,4
test/01491.jpg,4
test/01492.jpg,0
test/01493.jpg,3
test/01494.jpg,2
test/01495.jpg,0
test/01496.jpg,4
test/01497.jpg,0
test/01498.jpg,6
test/01499.jpg,0
test/01500.jpg,2
test/01501.jpg,3
test/01502.jpg,3
test/01503.jpg,5
test/01504.jpg,7
test/01505.jpg,1
test/01506.jpg,1
test/01507.jpg,1
test/01508.jpg,2
test/01509.jpg,1
test/01510.jpg,1
test/01511.jpg,1
test/01512.jpg,0
test/01513.jpg,7
test/01514.jpg,1
test/01515.jpg,0
test/01516.jpg,1
test/01517.jpg,4
test/01518.jpg,0
test/01519.jpg,1
test/01520.jpg,6
test/01521.jpg,2
test/01522.jpg,1
test/01523.jpg,0
test/01524.jpg,4
test/01525.jpg,4
test/01526.jpg,6
test/01527.jpg,7
test/01528.jpg,1
test/01529.jpg,1
test/01530.jpg,3
test/01531.jpg,1
test/01532.jpg,7
test/01533.jpg,1
test/01534.jpg,2
test/01535.jpg,1
test/01536.jpg,0
test/01537.jpg,0
test/01538.jpg,0
test/01539.jpg,0
test/01540.jpg,0
test/01541.jpg,1
test/01542.jpg,2
test/01543.jpg,5
test/01544.jpg,7
test/01545.jpg,0
test/01546.jpg,1
test/01547.jpg,0
test/01548.jpg,0
test/01549.jpg,3
test/01550.jpg,1
test/01551.jpg,1
test/01552.jpg,6
test/01553.jpg,7
test/01554.jpg,6
test/01555.jpg,3
test/01556.jpg,2
test/01557.jpg,1
test/01558.jpg,1
test/01559.jpg,7
test/01560.jpg,3
test/01561.jpg,7
test/01562.jpg,5
test/01563.jpg,1
test/01564.jpg,2
test/01565.jpg,3
test/01566.jpg,2
test/01567.jpg,0
test/01568.jpg,1
test/01569.jpg,5
test/01570.jpg,0
test/01571.jpg,1
test/01572.jpg,4
test/01573.jpg,1
test/01574.jpg,7
test/01575.jpg,7
test/01576.jpg,1
test/01577.jpg,3
test/01578.jpg,1
test/01579.jpg,3
test/01580.jpg,4
test/01581.jpg,0
test/01582.jpg,3
test/01583.jpg,1
test/01584.jpg,1
test/01585.jpg,6
test/01586.jpg,1
test/01587.jpg,6
test/01588.jpg,1
test/01589.jpg,0
test/01590.jpg,1
test/01591.jpg,7
test/01592.jpg,3
test/01593.jpg,6
test/01594.jpg,2
test/01595.jpg,0
test/01596.jpg,2
test/01597.jpg,3
test/01598.jpg,5
test/01599.jpg,2
test/01600.jpg,0
test/01601.jpg,2
test/01602.jpg,1
test/01603.jpg,5
test/01604.jpg,0
test/01605.jpg,2
test/01606.jpg,1
test/01607.jpg,2
test/01608.jpg,0
test/01609.jpg,7
test/01610.jpg,4
test/01611.jpg,6
test/01612.jpg,0
test/01613.jpg,2
test/01614.jpg,1
test/01615.jpg,1
test/01616.jpg,7
test/01617.jpg,1
test/01618.jpg,6
test/01619.jpg,1
test/01620.jpg,2
test/01621.jpg,5
test/01622.jpg,3
test/01623.jpg,2
test/01624.jpg,1
test/01625.jpg,6
test/01626.jpg,3
test/01627.jpg,4
test/01628.jpg,1
test/01629.jpg,2
test/01630.jpg,7
test/01631.jpg,1
test/01632.jpg,4
test/01633.jpg,3
test/01634.jpg,0
test/01635.jpg,1
test/01636.jpg,1
test/01637.jpg,6
test/01638.jpg,3
test/01639.jpg,1
test/01640.jpg,0
test/01641.jpg,0
test/01642.jpg,0
test/01643.jpg,3
test/01644.jpg,0
test/01645.jpg,1
test/01646.jpg,5
test/01647.jpg,7
test/01648.jpg,2
test/01649.jpg,1
test/01650.jpg,4
test/01651.jpg,1
test/01652.jpg,3
test/01653.jpg,2
test/01654.jpg,2
test/01655.jpg,3
test/01656.jpg,0
test/01657.jpg,7
test/01658.jpg,1
test/01659.jpg,3
test/01660.jpg,4
test/01661.jpg,1
test/01662.jpg,4
test/01663.jpg,4
test/01664.jpg,2
test/01665.jpg,1
test/01666.jpg,0
test/01667.jpg,2
test/01668.jpg,1
test/01669.jpg,5
test/01670.jpg,2
test/01671.jpg,7
test/01672.jpg,0
test/01673.jpg,2
test/01674.jpg,3
test/01675.jpg,0
test/01676.jpg,5
test/01677.jpg,4
test/01678.jpg,6
test/01679.jpg,1
test/01680.jpg,1
test/01681.jpg,1
test/01682.jpg,1
test/01683.jpg,3
test/01684.jpg,1
test/01685.jpg,0
test/01686.jpg,0
test/01687.jpg,3
test/01688.jpg,7
test/01689.jpg,1
test/01690.jpg,2
test/01691.jpg,3
test/01692.jpg,3
test/01693.jpg,1
test/01694.jpg,2
test/01695.jpg,0
test/01696.jpg,6
test/01697.jpg,1
test/01698.jpg,1
test/01699.jpg,0
test/01700.jpg,7
test/01701.jpg,3
test/01702.jpg,2
test/01703.jpg,3
test/01704.jpg,2
test/01705.jpg,6
test/01706.jpg,1
test/01707.jpg,0
test/01708.jpg,6
test/01709.jpg,4
test/01710.jpg,7
test/01711.jpg,3
test/01712.jpg,3
test/01713.jpg,3
test/01714.jpg,2
test/01715.jpg,7
test/01716.jpg,3
test/01717.jpg,2
test/01718.jpg,4
test/01719.jpg,4
test/01720.jpg,0
test/01721.jpg,0
test/01722.jpg,0
test/01723.jpg,2
test/01724.jpg,0
test/01725.jpg,2
test/01726.jpg,3
test/01727.jpg,1
test/01728.jpg,2
test/01729.jpg,4
test/01730.jpg,3
test/01731.jpg,4
test/01732.jpg,1
test/01733.jpg,0
test/01734.jpg,1
test/01735.jpg,7
test/01736.jpg,3
test/01737.jpg,6
test/01738.jpg,0
test/01739.jpg,1
test/01740.jpg,2
test/01741.jpg,0
test/01742.jpg,2
test/01743.jpg,0
test/01744.jpg,1
test/01745.jpg,3
test/01746.jpg,7
test/01747.jpg,2
test/01748.jpg,7
test/01749.jpg,7
test/01750.jpg,2
test/01751.jpg,7
test/01752.jpg,0
test/01753.jpg,0
test/01754.jpg,0
test/01755.jpg,5
test/01756.jpg,2
test/01757.jpg,0
test/01758.jpg,3
test/01759.jpg,0
test/01760.jpg,1
test/01761.jpg,5
test/01762.jpg,3
test/01763.jpg,0
test/01764.jpg,3
test/01765.jpg,7
test/01766.jpg,1
test/01767.jpg,7
test/01768.jpg,2
test/01769.jpg,0
test/01770.jpg,3
test/01771.jpg,0
test/01772.jpg,1
test/01773.jpg,2
test/01774.jpg,1
test/01775.jpg,1
test/01776.jpg,0
test/01777.jpg,2
test/01778.jpg,3
test/01779.jpg,1
test/01780.jpg,4
test/01781.jpg,4
test/01782.jpg,2
test/01783.jpg,7
test/01784.jpg,3
test/01785.jpg,4
test/01786.jpg,3
test/01787.jpg,1
test/01788.jpg,2
test/01789.jpg,3
test/01790.jpg,2
test/01791.jpg,4
test/01792.jpg,1
test/01793.jpg,3
test/01794.jpg,6
test/01795.jpg,3
test/01796.jpg,2
test/01797.jpg,7
test/01798.jpg,0
test/01799.jpg,2
test/01800.jpg,1
test/01801.jpg,7
test/01802.jpg,0
test/01803.jpg,1
test/01804.jpg,1
test/01805.jpg,1
test/01806.jpg,2
test/01807.jpg,1
test/01808.jpg,1
test/01809.jpg,7
test/01810.jpg,1
test/01811.jpg,2
test/01812.jpg,2
test/01813.jpg,2
test/01814.jpg,3
test/01815.jpg,4
test/01816.jpg,1
test/01817.jpg,3
test/01818.jpg,1
test/01819.jpg,6
test/01820.jpg,1
test/01821.jpg,2
test/01822.jpg,0
test/01823.jpg,3
test/01824.jpg,0
test/01825.jpg,2
test/01826.jpg,7
test/01827.jpg,0
test/01828.jpg,3
test/01829.jpg,3
test/01830.jpg,0
test/01831.jpg,2
test/01832.jpg,0
test/01833.jpg,3
test/01834.jpg,0
test/01835.jpg,5
test/01836.jpg,2
test/01837.jpg,0
test/01838.jpg,0
test/01839.jpg,6
test/01840.jpg,2
test/01841.jpg,1
test/01842.jpg,0
test/01843.jpg,1
test/01844.jpg,1
test/01845.jpg,2
test/01846.jpg,1
test/01847.jpg,2
test/01848.jpg,1
test/01849.jpg,0
test/01850.jpg,7
test/01851.jpg,1
test/01852.jpg,4
test/01853.jpg,3
test/01854.jpg,7
test/01855.jpg,3
test/01856.jpg,1
test/01857.jpg,0
test/01858.jpg,1
test/01859.jpg,1
test/01860.jpg,6
test/01861.jpg,4
test/01862.jpg,6
test/01863.jpg,3
test/01864.jpg,2
test/01865.jpg,2
test/01866.jpg,6
test/01867.jpg,1
test/01868.jpg,3
test/01869.jpg,4
test/01870.jpg,6
test/01871.jpg,1
test/01872.jpg,2
test/01873.jpg,0
test/01874.jpg,1
test/01875.jpg,4
test/01876.jpg,1
test/01877.jpg,0
test/01878.jpg,1
test/01879.jpg,5
test/01880.jpg,3
test/01881.jpg,1
test/01882.jpg,0
test/01883.jpg,3
test/01884.jpg,2
test/01885.jpg,0
test/01886.jpg,7
test/01887.jpg,0
test/01888.jpg,6
test/01889.jpg,1
test/01890.jpg,2
test/01891.jpg,0
test/01892.jpg,2
test/01893.jpg,1
test/01894.jpg,0
test/01895.jpg,1
test/01896.jpg,3
test/01897.jpg,3
test/01898.jpg,0
test/01899.jpg,0
test/01900.jpg,7
test/01901.jpg,5
test/01902.jpg,0
test/01903.jpg,3
test/01904.jpg,6
test/01905.jpg,0
test/01906.jpg,0
test/01907.jpg,1
test/01908.jpg,2
test/01909.jpg,6
test/01910.jpg,1
test/01911.jpg,1
test/01912.jpg,1
test/01913.jpg,0
test/01914.jpg,0
test/01915.jpg,7
test/01916.jpg,7
test/01917.jpg,1
test/01918.jpg,0
test/01919.jpg,2
test/01920.jpg,5
test/01921.jpg,1
test/01922.jpg,0
test/01923.jpg,1
test/01924.jpg,7
test/01925.jpg,1
test/01926.jpg,3
test/01927.jpg,2
test/01928.jpg,0
test/01929.jpg,1
test/01930.jpg,7
test/01931.jpg,7
test/01932.jpg,7
test/01933.jpg,4
test/01934.jpg,1
test/01935.jpg,0
test/01936.jpg,4
test/01937.jpg,1
test/01938.jpg,1
test/01939.jpg,7
test/01940.jpg,3
test/01941.jpg,4
test/01942.jpg,1
test/01943.jpg,1
test/01944.jpg,7
test/01945.jpg,6
test/01946.jpg,0
test/01947.jpg,6
test/01948.jpg,1
test/01949.jpg,7
test/01950.jpg,1
test/01951.jpg,3
test/01952.jpg,4
test/01953.jpg,2
test/01954.jpg,0
test/01955.jpg,2
test/01956.jpg,0
test/01957.jpg,0
test/01958.jpg,3
test/01959.jpg,1
test/01960.jpg,1
test/01961.jpg,7
test/01962.jpg,4
test/01963.jpg,3
test/01964.jpg,0
test/01965.jpg,3
test/01966.jpg,4
test/01967.jpg,7
test/01968.jpg,5
test/01969.jpg,4
test/01970.jpg,7
test/01971.jpg,3
test/01972.jpg,0
test/01973.jpg,2
test/01974.jpg,1
test/01975.jpg,4
test/01976.jpg,7
test/01977.jpg,1
test/01978.jpg,1
test/01979.jpg,2
test/01980.jpg,1
test/01981.jpg,2
test/01982.jpg,1
test/01983.jpg,3
test/01984.jpg,1
test/01985.jpg,1
test/01986.jpg,7
test/01987.jpg,2
test/01988.jpg,1
test/01989.jpg,3
test/01990.jpg,0
test/01991.jpg,1
test/01992.jpg,6
test/01993.jpg,6
test/01994.jpg,4
test/01995.jpg,2
test/01996.jpg,4
test/01997.jpg,1
test/01998.jpg,7
test/01999.jpg,0
test/02000.jpg,1
test/02001.jpg,0
test/02002.jpg,1
test/02003.jpg,6
test/02004.jpg,1
test/02005.jpg,1
test/02006.jpg,6
test/02007.jpg,3
test/02008.jpg,0
test/02009.jpg,0
test/02010.jpg,6
test/02011.jpg,2
test/02012.jpg,2
test/02013.jpg,6
test/02014.jpg,0
test/02015.jpg,2
test/02016.jpg,4
test/02017.jpg,0
test/02018.jpg,7
test/02019.jpg,1
test/02020.jpg,7
test/02021.jpg,2
test/02022.jpg,1
test/02023.jpg,7
test/02024.jpg,2
test/02025.jpg,2
test/02026.jpg,2
test/02027.jpg,7
test/02028.jpg,0
test/02029.jpg,0
test/02030.jpg,1
test/02031.jpg,3
test/02032.jpg,2
test/02033.jpg,2
test/02034.jpg,7
test/02035.jpg,1
test/02036.jpg,0
test/02037.jpg,3
test/02038.jpg,1
test/02039.jpg,0
test/02040.jpg,7
test/02041.jpg,3
test/02042.jpg,3
test/02043.jpg,6
test/02044.jpg,4
test/02045.jpg,0
test/02046.jpg,5
test/02047.jpg,0
test/02048.jpg,7
test/02049.jpg,3
test/02050.jpg,4
test/02051.jpg,1
test/02052.jpg,1
test/02053.jpg,5
test/02054.jpg,7
test/02055.jpg,2
test/02056.jpg,2
test/02057.jpg,0
test/02058.jpg,1
test/02059.jpg,6
test/02060.jpg,6
test/02061.jpg,1
test/02062.jpg,7
test/02063.jpg,7
test/02064.jpg,4
test/02065.jpg,1
test/02066.jpg,7
test/02067.jpg,1
test/02068.jpg,2
test/02069.jpg,2
test/02070.jpg,1
test/02071.jpg,0
test/02072.jpg,0
test/02073.jpg,7
test/02074.jpg,0
test/02075.jpg,4
test/02076.jpg,0
test/02077.jpg,0
test/02078.jpg,2
test/02079.jpg,1
test/02080.jpg,0
test/02081.jpg,1
test/02082.jpg,3
test/02083.jpg,1
test/02084.jpg,0
test/02085.jpg,6
test/02086.jpg,7
test/02087.jpg,0
test/02088.jpg,6
test/02089.jpg,0
test/02090.jpg,0
test/02091.jpg,7
test/02092.jpg,0
test/02093.jpg,0
test/02094.jpg,2
test/02095.jpg,1
test/02096.jpg,2
test/02097.jpg,3
test/02098.jpg,2
test/02099.jpg,2
test/02100.jpg,0
test/02101.jpg,2
test/02102.jpg,5
test/02103.jpg,1
test/02104.jpg,3
test/02105.jpg,2
test/02106.jpg,4
test/02107.jpg,2
test/02108.jpg,3
test/02109.jpg,1
test/02110.jpg,3
test/02111.jpg,2
test/02112.jpg,2
test/02113.jpg,6
test/02114.jpg,5
test/02115.jpg,0
test/02116.jpg,1
test/02117.jpg,2
test/02118.jpg,2
test/02119.jpg,2
test/02120.jpg,1
test/02121.jpg,2
test/02122.jpg,2
test/02123.jpg,2
test/02124.jpg,1
test/02125.jpg,1
test/02126.jpg,2
test/02127.jpg,0
test/02128.jpg,0
test/02129.jpg,1
test/02130.jpg,2
test/02131.jpg,2
test/02132.jpg,7
test/02133.jpg,2
test/02134.jpg,0
test/02135.jpg,0
test/02136.jpg,1
test/02137.jpg,0
test/02138.jpg,2
test/02139.jpg,1
test/02140.jpg,7
test/02141.jpg,4
test/02142.jpg,7
test/02143.jpg,1
test/02144.jpg,1
test/02145.jpg,0
test/02146.jpg,4
test/02147.jpg,0
test/02148.jpg,0
test/02149.jpg,2
test/02150.jpg,0
test/02151.jpg,4
test/02152.jpg,2
test/02153.jpg,2
test/02154.jpg,0
test/02155.jpg,0
test/02156.jpg,0
test/02157.jpg,7
test/02158.jpg,0
test/02159.jpg,1
test/02160.jpg,0
test/02161.jpg,1
test/02162.jpg,4
test/02163.jpg,6
test/02164.jpg,1
test/02165.jpg,7
test/02166.jpg,3
test/02167.jpg,3
test/02168.jpg,0
test/02169.jpg,1
test/02170.jpg,2
test/02171.jpg,5
test/02172.jpg,0
test/02173.jpg,2
test/02174.jpg,2
test/02175.jpg,0
test/02176.jpg,4
test/02177.jpg,2
test/02178.jpg,2
test/02179.jpg,7
test/02180.jpg,2
test/02181.jpg,3
test/02182.jpg,2
test/02183.jpg,0
test/02184.jpg,1
test/02185.jpg,2
test/02186.jpg,2
test/02187.jpg,1
test/02188.jpg,2
test/02189.jpg,5
test/02190.jpg,3
test/02191.jpg,3
test/02192.jpg,7
test/02193.jpg,1
test/02194.jpg,2
test/02195.jpg,2
test/02196.jpg,3
test/02197.jpg,2
test/02198.jpg,0
test/02199.jpg,1
test/02200.jpg,3
test/02201.jpg,4
test/02202.jpg,2
test/02203.jpg,1
test/02204.jpg,0
test/02205.jpg,0
test/02206.jpg,1
test/02207.jpg,2
test/02208.jpg,0
test/02209.jpg,0
test/02210.jpg,2
test/02211.jpg,7
test/02212.jpg,0
test/02213.jpg,7
test/02214.jpg,1
test/02215.jpg,4
test/02216.jpg,0
test/02217.jpg,0
test/02218.jpg,1
test/02219.jpg,1
test/02220.jpg,2
test/02221.jpg,7
test/02222.jpg,0
test/02223.jpg,1
test/02224.jpg,2
test/02225.jpg,2
test/02226.jpg,6
test/02227.jpg,1
test/02228.jpg,6
test/02229.jpg,7
test/02230.jpg,0
test/02231.jpg,2
test/02232.jpg,3
test/02233.jpg,7
test/02234.jpg,2
test/02235.jpg,3
test/02236.jpg,7
test/02237.jpg,0
test/02238.jpg,1
test/02239.jpg,2
test/02240.jpg,2
test/02241.jpg,1
test/02242.jpg,2
test/02243.jpg,2
test/02244.jpg,7
test/02245.jpg,3
test/02246.jpg,1
test/02247.jpg,2
test/02248.jpg,0
test/02249.jpg,3
test/02250.jpg,1
test/02251.jpg,6
test/02252.jpg,6
test/02253.jpg,3
test/02254.jpg,6
test/02255.jpg,0
test/02256.jpg,3
test/02257.jpg,6
test/02258.jpg,4
test/02259.jpg,7
test/02260.jpg,1
test/02261.jpg,1
test/02262.jpg,1
test/02263.jpg,2
test/02264.jpg,4
test/02265.jpg,1
test/02266.jpg,1
test/02267.jpg,0
test/02268.jpg,3
test/02269.jpg,2
test/02270.jpg,3
test/02271.jpg,2
test/02272.jpg,3
test/02273.jpg,2
test/02274.jpg,0
test/02275.jpg,0
test/02276.jpg,1
test/02277.jpg,6
test/02278.jpg,4
test/02279.jpg,7
test/02280.jpg,6
test/02281.jpg,2
test/02282.jpg,3
test/02283.jpg,3
test/02284.jpg,2
test/02285.jpg,6
test/02286.jpg,2
test/02287.jpg,2
test/02288.jpg,1
test/02289.jpg,1
test/02290.jpg,1
test/02291.jpg,4
test/02292.jpg,0
test/02293.jpg,6
test/02294.jpg,0
test/02295.jpg,1
test/02296.jpg,1
test/02297.jpg,2
test/02298.jpg,4
test/02299.jpg,6
test/02300.jpg,4
test/02301.jpg,5
test/02302.jpg,3
test/02303.jpg,1
test/02304.jpg,0
test/02305.jpg,7
test/02306.jpg,3
test/02307.jpg,7
test/02308.jpg,1
test/02309.jpg,2
test/02310.jpg,4
test/02311.jpg,3
test/02312.jpg,2
test/02313.jpg,1
test/02314.jpg,1
test/02315.jpg,7
test/02316.jpg,7
test/02317.jpg,3
test/02318.jpg,1
test/02319.jpg,2
test/02320.jpg,0
test/02321.jpg,4
test/02322.jpg,0
test/02323.jpg,3
test/02324.jpg,6
test/02325.jpg,4
test/02326.jpg,5
test/02327.jpg,7
test/02328.jpg,3
test/02329.jpg,0
test/02330.jpg,7
test/02331.jpg,4
test/02332.jpg,1
test/02333.jpg,0
test/02334.jpg,4
test/02335.jpg,4
test/02336.jpg,1
test/02337.jpg,0
test/02338.jpg,2
test/02339.jpg,4
test/02340.jpg,7
test/02341.jpg,5
test/02342.jpg,3
test/02343.jpg,7
test/02344.jpg,0
test/02345.jpg,2
test/02346.jpg,1
test/02347.jpg,2
test/02348.jpg,1
test/02349.jpg,4
test/02350.jpg,6
test/02351.jpg,2
test/02352.jpg,6
test/02353.jpg,7
test/02354.jpg,3
test/02355.jpg,1
test/02356.jpg,2
test/02357.jpg,3
test/02358.jpg,7
test/02359.jpg,7
test/02360.jpg,3
test/02361.jpg,0
test/02362.jpg,7
test/02363.jpg,0
test/02364.jpg,0
test/02365.jpg,3
test/02366.jpg,4
test/02367.jpg,0
test/02368.jpg,1
test/02369.jpg,1
test/02370.jpg,1
test/02371.jpg,4
test/02372.jpg,5
test/02373.jpg,1
test/02374.jpg,3
test/02375.jpg,3
test/02376.jpg,3
test/02377.jpg,4
test/02378.jpg,7
test/02379.jpg,0
test/02380.jpg,4
test/02381.jpg,4
test/02382.jpg,0
test/02383.jpg,6
test/02384.jpg,5
test/02385.jpg,0
test/02386.jpg,1
test/02387.jpg,3
test/02388.jpg,6
test/02389.jpg,3
test/02390.jpg,1
test/02391.jpg,6
test/02392.jpg,2
test/02393.jpg,0
test/02394.jpg,0
test/02395.jpg,1
test/02396.jpg,0
test/02397.jpg,0
test/02398.jpg,6
test/02399.jpg,1
test/02400.jpg,1
test/02401.jpg,0
test/02402.jpg,1
test/02403.jpg,1
test/02404.jpg,3
test/02405.jpg,6
test/02406.jpg,6
test/02407.jpg,1
test/02408.jpg,1
test/02409.jpg,7
test/02410.jpg,6
test/02411.jpg,3
test/02412.jpg,3
test/02413.jpg,3
test/02414.jpg,5
test/02415.jpg,2
test/02416.jpg,0
test/02417.jpg,3
test/02418.jpg,7
test/02419.jpg,0
test/02420.jpg,1
test/02421.jpg,3
test/02422.jpg,0
test/02423.jpg,1
test/02424.jpg,1
test/02425.jpg,2
test/02426.jpg,4
test/02427.jpg,5
test/02428.jpg,0
test/02429.jpg,1
test/02430.jpg,1
test/02431.jpg,4
test/02432.jpg,0
test/02433.jpg,2
test/02434.jpg,0
test/02435.jpg,3
test/02436.jpg,4
test/02437.jpg,3
test/02438.jpg,3
test/02439.jpg,0
test/02440.jpg,1
test/02441.jpg,4
test/02442.jpg,3
test/02443.jpg,2
test/02444.jpg,6
test/02445.jpg,1
test/02446.jpg,0
test/02447.jpg,1
test/02448.jpg,1
test/02449.jpg,2
test/02450.jpg,0
test/02451.jpg,5
test/02452.jpg,0
test/02453.jpg,0
test/02454.jpg,6
test/02455.jpg,0
test/02456.jpg,0
test/02457.jpg,7
test/02458.jpg,2
test/02459.jpg,7
test/02460.jpg,0
test/02461.jpg,6
test/02462.jpg,7
test/02463.jpg,0
test/02464.jpg,3
test/02465.jpg,2
test/02466.jpg,5
test/02467.jpg,1
test/02468.jpg,6
test/02469.jpg,4
test/02470.jpg,0
test/02471.jpg,5
test/02472.jpg,0
test/02473.jpg,1
test/02474.jpg,1
test/02475.jpg,0
test/02476.jpg,3
test/02477.jpg,1
test/02478.jpg,5
test/02479.jpg,2
test/02480.jpg,0
test/02481.jpg,5
test/02482.jpg,7
test/02483.jpg,5
test/02484.jpg,3
test/02485.jpg,2
test/02486.jpg,0
test/02487.jpg,7
test/02488.jpg,1
test/02489.jpg,0
test/02490.jpg,2
test/02491.jpg,7
test/02492.jpg,7
test/02493.jpg,3
test/02494.jpg,1
test/02495.jpg,2
test/02496.jpg,6
test/02497.jpg,1
test/02498.jpg,3
test/02499.jpg,0
test/02500.jpg,2
test/02501.jpg,2
test/02502.jpg,3
test/02503.jpg,7
test/02504.jpg,2
test/02505.jpg,2
test/02506.jpg,2
test/02507.jpg,0
test/02508.jpg,1
test/02509.jpg,0
test/02510.jpg,1
test/02511.jpg,0
test/02512.jpg,1
test/02513.jpg,1
test/02514.jpg,2
test/02515.jpg,7
test/02516.jpg,1
test/02517.jpg,1
test/02518.jpg,3
test/02519.jpg,1
test/02520.jpg,1
test/02521.jpg,3
test/02522.jpg,2
test/02523.jpg,2
test/02524.jpg,0
test/02525.jpg,4
test/02526.jpg,1
test/02527.jpg,3
test/02528.jpg,6
test/02529.jpg,0
test/02530.jpg,2
test/02531.jpg,1
test/02532.jpg,4
test/02533.jpg,4
test/02534.jpg,0
test/02535.jpg,1
test/02536.jpg,3
test/02537.jpg,2
test/02538.jpg,2
test/02539.jpg,7
test/02540.jpg,0
test/02541.jpg,2
test/02542.jpg,4
test/02543.jpg,7
test/02544.jpg,1
test/02545.jpg,0
test/02546.jpg,7
test/02547.jpg,0
test/02548.jpg,1
test/02549.jpg,6
test/02550.jpg,5
test/02551.jpg,3
test/02552.jpg,1
test/02553.jpg,3
test/02554.jpg,6
test/02555.jpg,2
test/02556.jpg,2
test/02557.jpg,3
test/02558.jpg,0
test/02559.jpg,3
test/02560.jpg,1
test/02561.jpg,7
test/02562.jpg,3
test/02563.jpg,0
test/02564.jpg,6
test/02565.jpg,7
test/02566.jpg,6
test/02567.jpg,2
test/02568.jpg,1
test/02569.jpg,0
test/02570.jpg,3
test/02571.jpg,1
test/02572.jpg,7
test/02573.jpg,0
test/02574.jpg,0
test/02575.jpg,1
test/02576.jpg,3
test/02577.jpg,0
test/02578.jpg,1
test/02579.jpg,1
test/02580.jpg,0
test/02581.jpg,3
test/02582.jpg,3
test/02583.jpg,3
test/02584.jpg,7
test/02585.jpg,6
test/02586.jpg,3
test/02587.jpg,1
test/02588.jpg,2
test/02589.jpg,2
test/02590.jpg,1
test/02591.jpg,0
test/02592.jpg,1
test/02593.jpg,0
test/02594.jpg,5
test/02595.jpg,2
test/02596.jpg,0
test/02597.jpg,1
test/02598.jpg,0
test/02599.jpg,1
test/02600.jpg,7
test/02601.jpg,2
test/02602.jpg,0
test/02603.jpg,0
test/02604.jpg,1
test/02605.jpg,0
test/02606.jpg,1
test/02607.jpg,3
test/02608.jpg,7
test/02609.jpg,6
test/02610.jpg,7
test/02611.jpg,1
test/02612.jpg,2
test/02613.jpg,1
test/02614.jpg,3
test/02615.jpg,2
test/02616.jpg,6
test/02617.jpg,6
test/02618.jpg,3
test/02619.jpg,3
test/02620.jpg,1
test/02621.jpg,7
test/02622.jpg,4
test/02623.jpg,0
test/02624.jpg,3
test/02625.jpg,0
test/02626.jpg,2
test/02627.jpg,7
test/02628.jpg,3
test/02629.jpg,7
test/02630.jpg,0
test/02631.jpg,0
test/02632.jpg,0
test/02633.jpg,7
test/02634.jpg,7
test/02635.jpg,2
test/02636.jpg,7
test/02637.jpg,6
test/02638.jpg,3
test/02639.jpg,1
test/02640.jpg,1
test/02641.jpg,2
test/02642.jpg,7
test/02643.jpg,2
test/02644.jpg,1
test/02645.jpg,3
test/02646.jpg,7
test/02647.jpg,0
test/02648.jpg,0
test/02649.jpg,7
test/02650.jpg,1
test/02651.jpg,1
test/02652.jpg,2
test/02653.jpg,0
test/02654.jpg,7
test/02655.jpg,0
test/02656.jpg,0
test/02657.jpg,7
test/02658.jpg,2
test/02659.jpg,2
test/02660.jpg,2
test/02661.jpg,3
test/02662.jpg,1
test/02663.jpg,0
test/02664.jpg,2
test/02665.jpg,0
test/02666.jpg,2
test/02667.jpg,1
test/02668.jpg,7
test/02669.jpg,3
test/02670.jpg,7
test/02671.jpg,3
test/02672.jpg,0
test/02673.jpg,6
test/02674.jpg,6
test/02675.jpg,2
test/02676.jpg,1
test/02677.jpg,1
test/02678.jpg,1
test/02679.jpg,4
test/02680.jpg,3
test/02681.jpg,2
test/02682.jpg,2
test/02683.jpg,1
test/02684.jpg,1
test/02685.jpg,0
test/02686.jpg,7
test/02687.jpg,7
test/02688.jpg,4
test/02689.jpg,1
test/02690.jpg,2
test/02691.jpg,7
test/02692.jpg,2
test/02693.jpg,1
test/02694.jpg,1
test/02695.jpg,3
test/02696.jpg,0
test/02697.jpg,6
test/02698.jpg,2
test/02699.jpg,4
test/02700.jpg,2
test/02701.jpg,7
test/02702.jpg,0
test/02703.jpg,2
test/02704.jpg,2
test/02705.jpg,0
test/02706.jpg,6
test/02707.jpg,1
test/02708.jpg,1
test/02709.jpg,0
test/02710.jpg,0
test/02711.jpg,0
test/02712.jpg,1
test/02713.jpg,0
test/02714.jpg,2
test/02715.jpg,4
test/02716.jpg,0
test/02717.jpg,1
test/02718.jpg,3
test/02719.jpg,0
test/02720.jpg,0
test/02721.jpg,2
test/02722.jpg,6
test/02723.jpg,2
test/02724.jpg,1
test/02725.jpg,4
test/02726.jpg,3
test/02727.jpg,1
test/02728.jpg,2
test/02729.jpg,3
test/02730.jpg,3
test/02731.jpg,0
test/02732.jpg,7
test/02733.jpg,0
test/02734.jpg,1
test/02735.jpg,3
test/02736.jpg,6
test/02737.jpg,2
test/02738.jpg,6
test/02739.jpg,3
test/02740.jpg,2
test/02741.jpg,2
test/02742.jpg,2
test/02743.jpg,1
test/02744.jpg,3
test/02745.jpg,1
test/02746.jpg,0
test/02747.jpg,6
test/02748.jpg,2
test/02749.jpg,6
test/02750.jpg,6
test/02751.jpg,2
test/02752.jpg,0
test/02753.jpg,7
test/02754.jpg,3
test/02755.jpg,1
test/02756.jpg,4
test/02757.jpg,0
test/02758.jpg,6
test/02759.jpg,6
test/02760.jpg,2
test/02761.jpg,6
test/02762.jpg,0
test/02763.jpg,1
test/02764.jpg,2
test/02765.jpg,3
test/02766.jpg,0
test/02767.jpg,7
test/02768.jpg,2
test/02769.jpg,0
test/02770.jpg,1
test/02771.jpg,0
test/02772.jpg,2
test/02773.jpg,0
test/02774.jpg,1
test/02775.jpg,6
test/02776.jpg,0
test/02777.jpg,5
test/02778.jpg,0
test/02779.jpg,0
test/02780.jpg,2
test/02781.jpg,0
test/02782.jpg,3
test/02783.jpg,1
test/02784.jpg,3
test/02785.jpg,1
test/02786.jpg,0
test/02787.jpg,2
test/02788.jpg,0
test/02789.jpg,4
test/02790.jpg,6
test/02791.jpg,2
test/02792.jpg,1
test/02793.jpg,6
test/02794.jpg,3
test/02795.jpg,4
test/02796.jpg,3
test/02797.jpg,3
test/02798.jpg,2
test/02799.jpg,5
test/02800.jpg,1
test/02801.jpg,2
test/02802.jpg,2
test/02803.jpg,1
test/02804.jpg,3
test/02805.jpg,3
test/02806.jpg,1
test/02807.jpg,1
test/02808.jpg,3
test/02809.jpg,0
test/02810.jpg,7
test/02811.jpg,2
test/02812.jpg,0
test/02813.jpg,3
test/02814.jpg,0
test/02815.jpg,2
test/02816.jpg,5
test/02817.jpg,2
test/02818.jpg,5
test/02819.jpg,1
test/02820.jpg,5
test/02821.jpg,0
test/02822.jpg,7
test/02823.jpg,1
test/02824.jpg,2
test/02825.jpg,6
test/02826.jpg,1
test/02827.jpg,4
test/02828.jpg,7
test/02829.jpg,3
test/02830.jpg,1
test/02831.jpg,4
test/02832.jpg,0
test/02833.jpg,3
test/02834.jpg,0
test/02835.jpg,0
test/02836.jpg,4
test/02837.jpg,2
test/02838.jpg,1
test/02839.jpg,1
test/02840.jpg,1
test/02841.jpg,1
test/02842.jpg,6
test/02843.jpg,3
test/02844.jpg,0
test/02845.jpg,3
test/02846.jpg,2
test/02847.jpg,1
test/02848.jpg,1
test/02849.jpg,2
test/02850.jpg,5
test/02851.jpg,0
test/02852.jpg,2
test/02853.jpg,6
test/02854.jpg,1
test/02855.jpg,0
test/02856.jpg,1
test/02857.jpg,0
test/02858.jpg,3
test/02859.jpg,1
test/02860.jpg,3
test/02861.jpg,3
test/02862.jpg,1
test/02863.jpg,2
test/02864.jpg,3
test/02865.jpg,1
test/02866.jpg,1
test/02867.jpg,2
test/02868.jpg,2
test/02869.jpg,1
test/02870.jpg,0
test/02871.jpg,1
test/02872.jpg,2
test/02873.jpg,1
test/02874.jpg,1
test/02875.jpg,0
test/02876.jpg,2
test/02877.jpg,2
test/02878.jpg,7
test/02879.jpg,1
test/02880.jpg,5
test/02881.jpg,0
test/02882.jpg,2
test/02883.jpg,0
test/02884.jpg,4
test/02885.jpg,3
test/02886.jpg,1
test/02887.jpg,1
test/02888.jpg,1
test/02889.jpg,0
test/02890.jpg,2
test/02891.jpg,0
test/02892.jpg,1
test/02893.jpg,2
test/02894.jpg,6
test/02895.jpg,2
test/02896.jpg,7
test/02897.jpg,7
test/02898.jpg,1
test/02899.jpg,4
test/02900.jpg,1
test/02901.jpg,3
test/02902.jpg,1
test/02903.jpg,2
test/02904.jpg,1
test/02905.jpg,2
test/02906.jpg,3
test/02907.jpg,4
test/02908.jpg,5
test/02909.jpg,1
test/02910.jpg,3
test/02911.jpg,0
test/02912.jpg,4
test/02913.jpg,6
test/02914.jpg,0
test/02915.jpg,1
test/02916.jpg,3
test/02917.jpg,2
test/02918.jpg,1
test/02919.jpg,3
test/02920.jpg,0
test/02921.jpg,0
test/02922.jpg,1
test/02923.jpg,6
test/02924.jpg,2
test/02925.jpg,0
test/02926.jpg,1
test/02927.jpg,2
test/02928.jpg,1
test/02929.jpg,3
test/02930.jpg,2
test/02931.jpg,1
test/02932.jpg,7
test/02933.jpg,2
test/02934.jpg,2
test/02935.jpg,0
test/02936.jpg,3
test/02937.jpg,2
test/02938.jpg,1
test/02939.jpg,1
test/02940.jpg,0
test/02941.jpg,1
test/02942.jpg,7
test/02943.jpg,3
test/02944.jpg,4
test/02945.jpg,1
test/02946.jpg,7
test/02947.jpg,0
test/02948.jpg,1
test/02949.jpg,1
test/02950.jpg,1
test/02951.jpg,7
test/02952.jpg,1
test/02953.jpg,3
test/02954.jpg,1
test/02955.jpg,1
test/02956.jpg,1
test/02957.jpg,1
test/02958.jpg,1
test/02959.jpg,1
test/02960.jpg,0
test/02961.jpg,1
test/02962.jpg,2
test/02963.jpg,2
test/02964.jpg,6
test/02965.jpg,1
test/02966.jpg,4
test/02967.jpg,6
test/02968.jpg,1
test/02969.jpg,6
test/02970.jpg,0
test/02971.jpg,4
test/02972.jpg,7
test/02973.jpg,2
test/02974.jpg,7
test/02975.jpg,6
test/02976.jpg,1
test/02977.jpg,2
test/02978.jpg,2
test/02979.jpg,1
test/02980.jpg,0
test/02981.jpg,1
test/02982.jpg,1
test/02983.jpg,2
test/02984.jpg,4
test/02985.jpg,3
test/02986.jpg,6
test/02987.jpg,1
test/02988.jpg,2
test/02989.jpg,2
test/02990.jpg,7
test/02991.jpg,6
test/02992.jpg,3
test/02993.jpg,0
test/02994.jpg,3
test/02995.jpg,1
test/02996.jpg,7
test/02997.jpg,0
test/02998.jpg,1
test/02999.jpg,2
test/03000.jpg,3
test/03001.jpg,1
test/03002.jpg,2
test/03003.jpg,0
test/03004.jpg,7
test/03005.jpg,7
test/03006.jpg,2
test/03007.jpg,2
test/03008.jpg,1
test/03009.jpg,3
test/03010.jpg,2
test/03011.jpg,5
test/03012.jpg,3
test/03013.jpg,0
test/03014.jpg,1
test/03015.jpg,1
test/03016.jpg,2
test/03017.jpg,2
test/03018.jpg,4
test/03019.jpg,0
test/03020.jpg,1
test/03021.jpg,1
test/03022.jpg,1
test/03023.jpg,7
test/03024.jpg,3
test/03025.jpg,2
test/03026.jpg,5
test/03027.jpg,0
test/03028.jpg,0
test/03029.jpg,2
test/03030.jpg,2
test/03031.jpg,1
test/03032.jpg,3
test/03033.jpg,1
test/03034.jpg,1
test/03035.jpg,3
test/03036.jpg,1
test/03037.jpg,1
test/03038.jpg,0
test/03039.jpg,2
test/03040.jpg,5
test/03041.jpg,2
test/03042.jpg,4
test/03043.jpg,3
test/03044.jpg,7
test/03045.jpg,2
test/03046.jpg,2
test/03047.jpg,0
test/03048.jpg,2
test/03049.jpg,7
test/03050.jpg,7
test/03051.jpg,3
test/03052.jpg,7
test/03053.jpg,3
test/03054.jpg,6
test/03055.jpg,1
test/03056.jpg,2
test/03057.jpg,0
test/03058.jpg,1
test/03059.jpg,4
test/03060.jpg,3
test/03061.jpg,1
test/03062.jpg,1
test/03063.jpg,7
test/03064.jpg,1
test/03065.jpg,6
test/03066.jpg,0
test/03067.jpg,0
test/03068.jpg,2
test/03069.jpg,2
test/03070.jpg,2
test/03071.jpg,1
test/03072.jpg,2
test/03073.jpg,0
test/03074.jpg,0
test/03075.jpg,7
test/03076.jpg,1
test/03077.jpg,2
test/03078.jpg,7
test/03079.jpg,1
test/03080.jpg,3
test/03081.jpg,1
test/03082.jpg,1
test/03083.jpg,2
test/03084.jpg,7
test/03085.jpg,1
test/03086.jpg,1
test/03087.jpg,6
test/03088.jpg,4
test/03089.jpg,0
test/03090.jpg,1
test/03091.jpg,1
test/03092.jpg,2
test/03093.jpg,5
test/03094.jpg,0
test/03095.jpg,1
test/03096.jpg,5
test/03097.jpg,2
test/03098.jpg,2
test/03099.jpg,6
test/03100.jpg,1
test/03101.jpg,0
test/03102.jpg,7
test/03103.jpg,3
test/03104.jpg,2
test/03105.jpg,7
test/03106.jpg,5
test/03107.jpg,0
test/03108.jpg,4
test/03109.jpg,7
test/03110.jpg,1
test/03111.jpg,1
test/03112.jpg,2
test/03113.jpg,0
test/03114.jpg,1
test/03115.jpg,5
test/03116.jpg,3
test/03117.jpg,4
test/03118.jpg,4
test/03119.jpg,1
test/03120.jpg,4
test/03121.jpg,1
test/03122.jpg,1
test/03123.jpg,2
test/03124.jpg,1
test/03125.jpg,1
test/03126.jpg,2
test/03127.jpg,1
test/03128.jpg,2
test/03129.jpg,0
test/03130.jpg,4
test/03131.jpg,0
test/03132.jpg,3
test/03133.jpg,3
test/03134.jpg,0
test/03135.jpg,5
test/03136.jpg,2
test/03137.jpg,5
test/03138.jpg,1
test/03139.jpg,7
test/03140.jpg,2
test/03141.jpg,6
test/03142.jpg,2
test/03143.jpg,3
test/03144.jpg,7
test/03145.jpg,6
test/03146.jpg,2
test/03147.jpg,7
test/03148.jpg,1
test/03149.jpg,7
test/03150.jpg,0
test/03151.jpg,3
test/03152.jpg,2
test/03153.jpg,3
test/03154.jpg,6
test/03155.jpg,2
test/03156.jpg,3
test/03157.jpg,3
test/03158.jpg,1
test/03159.jpg,1
test/03160.jpg,3
test/03161.jpg,1
test/03162.jpg,2
test/03163.jpg,1
test/03164.jpg,1
test/03165.jpg,1
test/03166.jpg,2
test/03167.jpg,7
test/03168.jpg,1
test/03169.jpg,2
test/03170.jpg,2
test/03171.jpg,1
test/03172.jpg,1
test/03173.jpg,1
test/03174.jpg,1
test/03175.jpg,3
test/03176.jpg,3
test/03177.jpg,5
test/03178.jpg,1
test/03179.jpg,4
test/03180.jpg,1
test/03181.jpg,2
test/03182.jpg,2
test/03183.jpg,2
test/03184.jpg,0
test/03185.jpg,2
test/03186.jpg,3
test/03187.jpg,1
test/03188.jpg,0
test/03189.jpg,1
test/03190.jpg,0
test/03191.jpg,0
test/03192.jpg,1
test/03193.jpg,0
test/03194.jpg,1
test/03195.jpg,0
test/03196.jpg,0
test/03197.jpg,4
test/03198.jpg,3
test/03199.jpg,3
test/03200.jpg,0
test/03201.jpg,0
test/03202.jpg,7
test/03203.jpg,0
test/03204.jpg,0
test/03205.jpg,6
test/03206.jpg,1
test/03207.jpg,7
test/03208.jpg,1
test/03209.jpg,0
test/03210.jpg,3
test/03211.jpg,1
test/03212.jpg,1
test/03213.jpg,1
test/03214.jpg,6
test/03215.jpg,5
test/03216.jpg,0
test/03217.jpg,1
test/03218.jpg,3
test/03219.jpg,3
test/03220.jpg,2
test/03221.jpg,2
test/03222.jpg,1
test/03223.jpg,0
test/03224.jpg,3
test/03225.jpg,6
test/03226.jpg,3
test/03227.jpg,6
test/03228.jpg,1
test/03229.jpg,3
test/03230.jpg,4
test/03231.jpg,2
test/03232.jpg,0
test/03233.jpg,1
test/03234.jpg,0
test/03235.jpg,1
test/03236.jpg,7
test/03237.jpg,4
test/03238.jpg,1
test/03239.jpg,2
test/03240.jpg,4
test/03241.jpg,2
test/03242.jpg,1
test/03243.jpg,0
test/03244.jpg,2
test/03245.jpg,7
test/03246.jpg,0
test/03247.jpg,6
test/03248.jpg,2
test/03249.jpg,5
test/03250.jpg,1
test/03251.jpg,0
test/03252.jpg,2
test/03253.jpg,1
test/03254.jpg,4
test/03255.jpg,3
test/03256.jpg,7
test/03257.jpg,2
test/03258.jpg,0
test/03259.jpg,0
test/03260.jpg,0
test/03261.jpg,4
test/03262.jpg,1
test/03263.jpg,3
test/03264.jpg,2
test/03265.jpg,1
test/03266.jpg,0
test/03267.jpg,1
test/03268.jpg,2
test/03269.jpg,6
test/03270.jpg,1
test/03271.jpg,6
test/03272.jpg,1
test/03273.jpg,1
test/03274.jpg,1
test/03275.jpg,1
test/03276.jpg,3
test/03277.jpg,2
test/03278.jpg,3
test/03279.jpg,7
test/03280.jpg,3
test/03281.jpg,1
test/03282.jpg,4
test/03283.jpg,3
test/03284.jpg,1
test/03285.jpg,4
test/03286.jpg,1
test/03287.jpg,6
test/03288.jpg,1
test/03289.jpg,2
test/03290.jpg,0
test/03291.jpg,0
test/03292.jpg,1
test/03293.jpg,6
test/03294.jpg,1
test/03295.jpg,1
test/03296.jpg,1
test/03297.jpg,7
test/03298.jpg,1
test/03299.jpg,1
test/03300.jpg,1
test/03301.jpg,3
test/03302.jpg,7
test/03303.jpg,1
test/03304.jpg,2
test/03305.jpg,1
test/03306.jpg,1
test/03307.jpg,5
test/03308.jpg,3
test/03309.jpg,2
test/03310.jpg,0
test/03311.jpg,1
test/03312.jpg,2
test/03313.jpg,5
test/03314.jpg,1
test/03315.jpg,7
test/03316.jpg,7
test/03317.jpg,1
test/03318.jpg,1
test/03319.jpg,1
test/03320.jpg,0
test/03321.jpg,1
test/03322.jpg,2
test/03323.jpg,0
test/03324.jpg,1
test/03325.jpg,1
test/03326.jpg,1
test/03327.jpg,5
test/03328.jpg,1
test/03329.jpg,0
test/03330.jpg,2
test/03331.jpg,1
test/03332.jpg,0
test/03333.jpg,1
test/03334.jpg,7
test/03335.jpg,2
test/03336.jpg,1
test/03337.jpg,6
test/03338.jpg,3
test/03339.jpg,0
test/03340.jpg,0
test/03341.jpg,4
test/03342.jpg,6
test/03343.jpg,0
test/03344.jpg,6
test/03345.jpg,1
test/03346.jpg,6
test/03347.jpg,7
test/03348.jpg,1
test/03349.jpg,3
test/03350.jpg,1
test/03351.jpg,2
test/03352.jpg,7
test/03353.jpg,3
test/03354.jpg,2
test/03355.jpg,7
test/03356.jpg,1
test/03357.jpg,1
test/03358.jpg,7
test/03359.jpg,1
test/03360.jpg,2
test/03361.jpg,1
test/03362.jpg,5
test/03363.jpg,1
test/03364.jpg,0
test/03365.jpg,1
test/03366.jpg,0
test/03367.jpg,7
test/03368.jpg,3
test/03369.jpg,5
test/03370.jpg,7
test/03371.jpg,1
test/03372.jpg,7
test/03373.jpg,7
test/03374.jpg,0
test/03375.jpg,0
test/03376.jpg,1
test/03377.jpg,7
test/03378.jpg,2
test/03379.jpg,5
test/03380.jpg,3
test/03381.jpg,1
test/03382.jpg,6
test/03383.jpg,4
test/03384.jpg,5
test/03385.jpg,0
test/03386.jpg,0
test/03387.jpg,5
test/03388.jpg,4
test/03389.jpg,1
test/03390.jpg,0
test/03391.jpg,2
test/03392.jpg,0
test/03393.jpg,6
test/03394.jpg,1
test/03395.jpg,0
test/03396.jpg,0
test/03397.jpg,3
test/03398.jpg,1
test/03399.jpg,0
test/03400.jpg,6
test/03401.jpg,1
test/03402.jpg,6
test/03403.jpg,1
test/03404.jpg,2
test/03405.jpg,1
test/03406.jpg,0
test/03407.jpg,1
test/03408.jpg,0
test/03409.jpg,3
test/03410.jpg,2
test/03411.jpg,4
test/03412.jpg,1
test/03413.jpg,6
test/03414.jpg,1
test/03415.jpg,1
test/03416.jpg,0
test/03417.jpg,6
test/03418.jpg,0
test/03419.jpg,4
test/03420.jpg,2
test/03421.jpg,3
test/03422.jpg,2
test/03423.jpg,1
test/03424.jpg,0
test/03425.jpg,1
test/03426.jpg,0
test/03427.jpg,3
test/03428.jpg,7
test/03429.jpg,0
test/03430.jpg,1
test/03431.jpg,6
test/03432.jpg,3
test/03433.jpg,1
test/03434.jpg,2
test/03435.jpg,3
test/03436.jpg,1
test/03437.jpg,0
test/03438.jpg,6
test/03439.jpg,7
test/03440.jpg,2
test/03441.jpg,2
test/03442.jpg,7
test/03443.jpg,1
test/03444.jpg,3
test/03445.jpg,1
test/03446.jpg,2
test/03447.jpg,1
test/03448.jpg,1
test/03449.jpg,2
test/03450.jpg,1
test/03451.jpg,2
test/03452.jpg,0
test/03453.jpg,2
test/03454.jpg,7
test/03455.jpg,0
test/03456.jpg,1
test/03457.jpg,5
test/03458.jpg,2
test/03459.jpg,4
test/03460.jpg,4
test/03461.jpg,1
test/03462.jpg,6
test/03463.jpg,2
test/03464.jpg,4
test/03465.jpg,6
test/03466.jpg,2
test/03467.jpg,6
test/03468.jpg,2
test/03469.jpg,1
test/03470.jpg,1
test/03471.jpg,7
test/03472.jpg,1
test/03473.jpg,0
test/03474.jpg,4
test/03475.jpg,1
test/03476.jpg,3
test/03477.jpg,2
test/03478.jpg,6
test/03479.jpg,6
test/03480.jpg,5
test/03481.jpg,3
test/03482.jpg,1
test/03483.jpg,3
test/03484.jpg,1
test/03485.jpg,5
test/03486.jpg,5
test/03487.jpg,0
test/03488.jpg,0
test/03489.jpg,2
test/03490.jpg,4
test/03491.jpg,1
test/03492.jpg,0
test/03493.jpg,2
test/03494.jpg,2
test/03495.jpg,1
test/03496.jpg,7
test/03497.jpg,7
test/03498.jpg,1
test/03499.jpg,2
test/03500.jpg,0
test/03501.jpg,1
test/03502.jpg,2
test/03503.jpg,4
test/03504.jpg,4
test/03505.jpg,0
test/03506.jpg,3
test/03507.jpg,1
test/03508.jpg,4
test/03509.jpg,0
test/03510.jpg,0
test/03511.jpg,4
test/03512.jpg,0
test/03513.jpg,0
test/03514.jpg,2
test/03515.jpg,6
test/03516.jpg,0
test/03517.jpg,4
test/03518.jpg,4
test/03519.jpg,2
test/03520.jpg,1
test/03521.jpg,2
test/03522.jpg,7
test/03523.jpg,1
test/03524.jpg,4
test/03525.jpg,1
test/03526.jpg,2
test/03527.jpg,3
test/03528.jpg,1
test/03529.jpg,1
test/03530.jpg,7
test/03531.jpg,7
test/03532.jpg,1
test/03533.jpg,7
test/03534.jpg,7
test/03535.jpg,3
test/03536.jpg,5
test/03537.jpg,1
test/03538.jpg,1
test/03539.jpg,3
test/03540.jpg,4
test/03541.jpg,7
test/03542.jpg,2
test/03543.jpg,2
test/03544.jpg,3
test/03545.jpg,7
test/03546.jpg,0
test/03547.jpg,7
test/03548.jpg,6
test/03549.jpg,2
test/03550.jpg,2
test/03551.jpg,3
test/03552.jpg,4
test/03553.jpg,7
test/03554.jpg,7
test/03555.jpg,4
test/03556.jpg,1
test/03557.jpg,3
test/03558.jpg,0
test/03559.jpg,4
test/03560.jpg,3
test/03561.jpg,1
test/03562.jpg,5
test/03563.jpg,1
test/03564.jpg,6
test/03565.jpg,4
test/03566.jpg,1
test/03567.jpg,0
test/03568.jpg,2
test/03569.jpg,1
test/03570.jpg,2
test/03571.jpg,1
test/03572.jpg,0
test/03573.jpg,0
test/03574.jpg,4
test/03575.jpg,7
test/03576.jpg,7
test/03577.jpg,4
test/03578.jpg,0
test/03579.jpg,0
test/03580.jpg,7
test/03581.jpg,0
test/03582.jpg,7
test/03583.jpg,1
test/03584.jpg,2
test/03585.jpg,0
test/03586.jpg,1
test/03587.jpg,7
test/03588.jpg,5
test/03589.jpg,7
test/03590.jpg,3
test/03591.jpg,0
test/03592.jpg,3
test/03593.jpg,1
test/03594.jpg,4
test/03595.jpg,3
test/03596.jpg,0
test/03597.jpg,1
test/03598.jpg,3
test/03599.jpg,6
test/03600.jpg,2
test/03601.jpg,0
test/03602.jpg,7
test/03603.jpg,1
test/03604.jpg,5
test/03605.jpg,1
test/03606.jpg,2
test/03607.jpg,3
test/03608.jpg,4
test/03609.jpg,3
test/03610.jpg,1
test/03611.jpg,3
test/03612.jpg,1
test/03613.jpg,3
test/03614.jpg,6
test/03615.jpg,0
test/03616.jpg,1
test/03617.jpg,1
test/03618.jpg,4
test/03619.jpg,2
test/03620.jpg,0
test/03621.jpg,0
test/03622.jpg,2
test/03623.jpg,7
test/03624.jpg,5
test/03625.jpg,4
test/03626.jpg,0
test/03627.jpg,7
test/03628.jpg,2
test/03629.jpg,4
test/03630.jpg,6
test/03631.jpg,1
test/03632.jpg,7
test/03633.jpg,1
test/03634.jpg,1
test/03635.jpg,6
test/03636.jpg,4
test/03637.jpg,1
test/03638.jpg,0
test/03639.jpg,5
test/03640.jpg,0
test/03641.jpg,6
test/03642.jpg,0
test/03643.jpg,3
test/03644.jpg,1
test/03645.jpg,2
test/03646.jpg,7
test/03647.jpg,2
test/03648.jpg,1
test/03649.jpg,2
test/03650.jpg,1
test/03651.jpg,1
test/03652.jpg,7
test/03653.jpg,3
test/03654.jpg,2
test/03655.jpg,0
test/03656.jpg,0
test/03657.jpg,6
test/03658.jpg,1
test/03659.jpg,1
test/03660.jpg,2
test/03661.jpg,2
test/03662.jpg,1
test/03663.jpg,0
test/03664.jpg,2
test/03665.jpg,3
test/03666.jpg,4
test/03667.jpg,1
test/03668.jpg,3
test/03669.jpg,1
test/03670.jpg,7
test/03671.jpg,3
test/03672.jpg,1
test/03673.jpg,1
test/03674.jpg,1
test/03675.jpg,6
test/03676.jpg,1
test/03677.jpg,4
test/03678.jpg,6
test/03679.jpg,3
test/03680.jpg,0
test/03681.jpg,1
test/03682.jpg,4
test/03683.jpg,0
test/03684.jpg,2
test/03685.jpg,7
test/03686.jpg,0
test/03687.jpg,1
test/03688.jpg,4
test/03689.jpg,2
test/03690.jpg,3
test/03691.jpg,4
test/03692.jpg,4
test/03693.jpg,2
test/03694.jpg,7
test/03695.jpg,1
test/03696.jpg,3
test/03697.jpg,1
test/03698.jpg,2
test/03699.jpg,2
test/03700.jpg,0
test/03701.jpg,6
test/03702.jpg,4
test/03703.jpg,1
test/03704.jpg,3
test/03705.jpg,1
test/03706.jpg,2
test/03707.jpg,0
test/03708.jpg,1
test/03709.jpg,2
test/03710.jpg,2
test/03711.jpg,3
test/03712.jpg,3
test/03713.jpg,3
test/03714.jpg,1
test/03715.jpg,0
test/03716.jpg,0
test/03717.jpg,1
test/03718.jpg,2
test/03719.jpg,1
test/03720.jpg,7
test/03721.jpg,3
test/03722.jpg,2
test/03723.jpg,4
test/03724.jpg,5
test/03725.jpg,4
test/03726.jpg,1
test/03727.jpg,0
test/03728.jpg,2
test/03729.jpg,6
test/03730.jpg,0
test/03731.jpg,2
test/03732.jpg,4
test/03733.jpg,1
test/03734.jpg,5
test/03735.jpg,5
test/03736.jpg,5
test/03737.jpg,1
test/03738.jpg,0
test/03739.jpg,4
test/03740.jpg,3
test/03741.jpg,0
test/03742.jpg,3
test/03743.jpg,6
test/03744.jpg,2
test/03745.jpg,6
test/03746.jpg,3
test/03747.jpg,1
test/03748.jpg,2
test/03749.jpg,0
test/03750.jpg,1
test/03751.jpg,2
test/03752.jpg,7
test/03753.jpg,2
test/03754.jpg,4
test/03755.jpg,4
test/03756.jpg,1
test/03757.jpg,6
test/03758.jpg,1
test/03759.jpg,7
test/03760.jpg,3
test/03761.jpg,0
test/03762.jpg,4
test/03763.jpg,2
test/03764.jpg,7
test/03765.jpg,0
test/03766.jpg,1
test/03767.jpg,7
test/03768.jpg,7
test/03769.jpg,5
test/03770.jpg,4
test/03771.jpg,0
test/03772.jpg,7
test/03773.jpg,7
test/03774.jpg,5
test/03775.jpg,7
test/03776.jpg,0
test/03777.jpg,2
test/03778.jpg,0
test/03779.jpg,6
test/03780.jpg,3
test/03781.jpg,3
test/03782.jpg,3
test/03783.jpg,2
test/03784.jpg,4
test/03785.jpg,0
test/03786.jpg,0
test/03787.jpg,0
test/03788.jpg,6
test/03789.jpg,3
test/03790.jpg,0
test/03791.jpg,1
test/03792.jpg,1
test/03793.jpg,3
test/03794.jpg,1
test/03795.jpg,1
test/03796.jpg,6
test/03797.jpg,5
test/03798.jpg,0
test/03799.jpg,6
test/03800.jpg,4
test/03801.jpg,0
test/03802.jpg,1
test/03803.jpg,7
test/03804.jpg,4
test/03805.jpg,3
test/03806.jpg,6
test/03807.jpg,5
test/03808.jpg,2
test/03809.jpg,1
test/03810.jpg,6
test/03811.jpg,2
test/03812.jpg,4
test/03813.jpg,2
test/03814.jpg,3
test/03815.jpg,7
test/03816.jpg,2
test/03817.jpg,0
test/03818.jpg,1
test/03819.jpg,1
test/03820.jpg,2
test/03821.jpg,3
test/03822.jpg,2
test/03823.jpg,2
test/03824.jpg,2
test/03825.jpg,5
test/03826.jpg,6
test/03827.jpg,6
test/03828.jpg,5
test/03829.jpg,6
test/03830.jpg,6
test/03831.jpg,6
test/03832.jpg,1
test/03833.jpg,6
test/03834.jpg,6
test/03835.jpg,1
test/03836.jpg,1
test/03837.jpg,2
test/03838.jpg,1
test/03839.jpg,7
test/03840.jpg,0
test/03841.jpg,1
test/03842.jpg,3
test/03843.jpg,6
test/03844.jpg,7
test/03845.jpg,2
test/03846.jpg,4
test/03847.jpg,0
test/03848.jpg,1
test/03849.jpg,2
test/03850.jpg,5
test/03851.jpg,5
test/03852.jpg,2
test/03853.jpg,3
test/03854.jpg,1
test/03855.jpg,1
test/03856.jpg,6
test/03857.jpg,7
test/03858.jpg,2
test/03859.jpg,1
test/03860.jpg,5
test/03861.jpg,3
test/03862.jpg,2
test/03863.jpg,1
test/03864.jpg,5
test/03865.jpg,2
test/03866.jpg,4
test/03867.jpg,0
test/03868.jpg,1
test/03869.jpg,6
test/03870.jpg,1
test/03871.jpg,1
test/03872.jpg,2
test/03873.jpg,1
test/03874.jpg,3
test/03875.jpg,1
test/03876.jpg,0
test/03877.jpg,1
test/03878.jpg,3
test/03879.jpg,1
test/03880.jpg,4
test/03881.jpg,2
test/03882.jpg,1
test/03883.jpg,7
test/03884.jpg,7
test/03885.jpg,6
test/03886.jpg,2
test/03887.jpg,7
test/03888.jpg,6
test/03889.jpg,2
test/03890.jpg,1
test/03891.jpg,1
test/03892.jpg,7
test/03893.jpg,0
test/03894.jpg,1
test/03895.jpg,1
test/03896.jpg,2
test/03897.jpg,3
test/03898.jpg,2
test/03899.jpg,2
test/03900.jpg,2
test/03901.jpg,1
test/03902.jpg,3
test/03903.jpg,0
test/03904.jpg,0
test/03905.jpg,4
test/03906.jpg,3
test/03907.jpg,5
test/03908.jpg,3
test/03909.jpg,0
test/03910.jpg,7
test/03911.jpg,0
test/03912.jpg,1
test/03913.jpg,2
test/03914.jpg,7
test/03915.jpg,1
test/03916.jpg,3
test/03917.jpg,4
test/03918.jpg,3
test/03919.jpg,1
test/03920.jpg,2
test/03921.jpg,0
test/03922.jpg,6
test/03923.jpg,1
test/03924.jpg,0
test/03925.jpg,0
test/03926.jpg,1
test/03927.jpg,1
test/03928.jpg,0
test/03929.jpg,7
test/03930.jpg,0
test/03931.jpg,1
test/03932.jpg,1
test/03933.jpg,1
test/03934.jpg,5
test/03935.jpg,0
test/03936.jpg,0
test/03937.jpg,1
test/03938.jpg,2
test/03939.jpg,1
test/03940.jpg,0
test/03941.jpg,1
test/03942.jpg,3
test/03943.jpg,0
test/03944.jpg,0
test/03945.jpg,1
test/03946.jpg,1
test/03947.jpg,2
test/03948.jpg,5
test/03949.jpg,6
test/03950.jpg,0
test/03951.jpg,4
test/03952.jpg,1
test/03953.jpg,1
test/03954.jpg,0
test/03955.jpg,3
test/03956.jpg,2
test/03957.jpg,3
test/03958.jpg,0
test/03959.jpg,2
test/03960.jpg,4
test/03961.jpg,1
test/03962.jpg,7
test/03963.jpg,6
test/03964.jpg,2
test/03965.jpg,4
test/03966.jpg,0
test/03967.jpg,0
test/03968.jpg,3
test/03969.jpg,3
test/03970.jpg,4
test/03971.jpg,1
test/03972.jpg,0
test/03973.jpg,7
test/03974.jpg,1
test/03975.jpg,4
test/03976.jpg,1
test/03977.jpg,2
test/03978.jpg,1
test/03979.jpg,3
test/03980.jpg,3
test/03981.jpg,1
test/03982.jpg,7
test/03983.jpg,2
test/03984.jpg,7
test/03985.jpg,1
test/03986.jpg,4
test/03987.jpg,6
test/03988.jpg,1
test/03989.jpg,1
test/03990.jpg,0
test/03991.jpg,1
test/03992.jpg,4
test/03993.jpg,6
test/03994.jpg,2
test/03995.jpg,2
test/03996.jpg,6
test/03997.jpg,7
test/03998.jpg,1
test/03999.jpg,2
test/04000.jpg,7
test/04001.jpg,4
test/04002.jpg,0
test/04003.jpg,6
test/04004.jpg,0
test/04005.jpg,4
test/04006.jpg,1
test/04007.jpg,6
test/04008.jpg,6
test/04009.jpg,2
test/04010.jpg,3
test/04011.jpg,1
test/04012.jpg,1
test/04013.jpg,3
test/04014.jpg,4
test/04015.jpg,6
test/04016.jpg,3
test/04017.jpg,0
test/04018.jpg,4
test/04019.jpg,6
test/04020.jpg,5
test/04021.jpg,2
test/04022.jpg,7
test/04023.jpg,1
test/04024.jpg,1
test/04025.jpg,1
test/04026.jpg,1
test/04027.jpg,0
test/04028.jpg,0
test/04029.jpg,1
test/04030.jpg,1
test/04031.jpg,7
test/04032.jpg,1
test/04033.jpg,6
test/04034.jpg,1
test/04035.jpg,0
test/04036.jpg,6
test/04037.jpg,1
test/04038.jpg,4
test/04039.jpg,1
test/04040.jpg,0
test/04041.jpg,3
test/04042.jpg,1
test/04043.jpg,2
test/04044.jpg,1
test/04045.jpg,5
test/04046.jpg,1
test/04047.jpg,3
test/04048.jpg,0
test/04049.jpg,6
test/04050.jpg,1
test/04051.jpg,1
test/04052.jpg,4
test/04053.jpg,7
test/04054.jpg,6
test/04055.jpg,1
test/04056.jpg,7
test/04057.jpg,0
test/04058.jpg,0
test/04059.jpg,2
test/04060.jpg,7
test/04061.jpg,0
test/04062.jpg,3
test/04063.jpg,0
test/04064.jpg,7
test/04065.jpg,0
test/04066.jpg,5
test/04067.jpg,6
test/04068.jpg,1
test/04069.jpg,3
test/04070.jpg,3
test/04071.jpg,1
test/04072.jpg,2
test/04073.jpg,4
test/04074.jpg,1
test/04075.jpg,0
test/04076.jpg,3
test/04077.jpg,5
test/04078.jpg,0
test/04079.jpg,0
test/04080.jpg,1
test/04081.jpg,1
test/04082.jpg,3
test/04083.jpg,7
test/04084.jpg,3
test/04085.jpg,7
test/04086.jpg,2
test/04087.jpg,3
test/04088.jpg,0
test/04089.jpg,0
test/04090.jpg,3
test/04091.jpg,3
test/04092.jpg,5
test/04093.jpg,1
test/04094.jpg,3
test/04095.jpg,3
test/04096.jpg,2
test/04097.jpg,0
test/04098.jpg,2
test/04099.jpg,4
test/04100.jpg,6
test/04101.jpg,2
test/04102.jpg,7
test/04103.jpg,3
test/04104.jpg,6
test/04105.jpg,0
test/04106.jpg,1
test/04107.jpg,1
test/04108.jpg,7
test/04109.jpg,0
test/04110.jpg,2
test/04111.jpg,2
test/04112.jpg,4
test/04113.jpg,1
test/04114.jpg,1
test/04115.jpg,6
test/04116.jpg,4
test/04117.jpg,0
test/04118.jpg,1
test/04119.jpg,0
test/04120.jpg,1
test/04121.jpg,4
test/04122.jpg,2
test/04123.jpg,0
test/04124.jpg,0
test/04125.jpg,4
test/04126.jpg,2
test/04127.jpg,0
test/04128.jpg,1
test/04129.jpg,1
test/04130.jpg,1
test/04131.jpg,6
test/04132.jpg,1
test/04133.jpg,3
test/04134.jpg,2
test/04135.jpg,3
test/04136.jpg,2
test/04137.jpg,0
test/04138.jpg,3
test/04139.jpg,5
test/04140.jpg,6
test/04141.jpg,0
test/04142.jpg,5
test/04143.jpg,1
test/04144.jpg,3
test/04145.jpg,0
test/04146.jpg,6
test/04147.jpg,4
test/04148.jpg,3
test/04149.jpg,3
test/04150.jpg,7
test/04151.jpg,1
test/04152.jpg,2
test/04153.jpg,1
test/04154.jpg,7
test/04155.jpg,0
test/04156.jpg,3
test/04157.jpg,6
test/04158.jpg,2
test/04159.jpg,0
test/04160.jpg,5
test/04161.jpg,3
test/04162.jpg,2
test/04163.jpg,1
test/04164.jpg,0
test/04165.jpg,3
test/04166.jpg,0
test/04167.jpg,7
test/04168.jpg,4
test/04169.jpg,4
test/04170.jpg,0
test/04171.jpg,5
test/04172.jpg,0
test/04173.jpg,7
test/04174.jpg,1
test/04175.jpg,7
test/04176.jpg,1
test/04177.jpg,7
test/04178.jpg,3
test/04179.jpg,3
test/04180.jpg,2
test/04181.jpg,3
test/04182.jpg,0
test/04183.jpg,2
test/04184.jpg,3
test/04185.jpg,2
test/04186.jpg,1
test/04187.jpg,2
test/04188.jpg,3
test/04189.jpg,3
test/04190.jpg,1
test/04191.jpg,1
test/04192.jpg,0
test/04193.jpg,0
test/04194.jpg,2
test/04195.jpg,0
test/04196.jpg,5
test/04197.jpg,2
test/04198.jpg,2
test/04199.jpg,0
test/04200.jpg,3
test/04201.jpg,7
test/04202.jpg,7
test/04203.jpg,1
test/04204.jpg,4
test/04205.jpg,0
test/04206.jpg,1
test/04207.jpg,1
test/04208.jpg,2
test/04209.jpg,1
test/04210.jpg,2
test/04211.jpg,1
test/04212.jpg,6
test/04213.jpg,3
test/04214.jpg,2
test/04215.jpg,1
test/04216.jpg,1
test/04217.jpg,0
test/04218.jpg,1
test/04219.jpg,1
test/04220.jpg,3
test/04221.jpg,3
test/04222.jpg,0
test/04223.jpg,2
test/04224.jpg,1
test/04225.jpg,2
test/04226.jpg,0
test/04227.jpg,3
test/04228.jpg,1
test/04229.jpg,0
test/04230.jpg,1
test/04231.jpg,1
test/04232.jpg,2
test/04233.jpg,2
test/04234.jpg,7
test/04235.jpg,1
test/04236.jpg,4
test/04237.jpg,2
test/04238.jpg,4
test/04239.jpg,7
test/04240.jpg,1
test/04241.jpg,3
test/04242.jpg,5
test/04243.jpg,0
test/04244.jpg,2
test/04245.jpg,7
test/04246.jpg,0
test/04247.jpg,2
test/04248.jpg,2
test/04249.jpg,0
test/04250.jpg,1
test/04251.jpg,3
test/04252.jpg,5
test/04253.jpg,1
test/04254.jpg,2
test/04255.jpg,2
test/04256.jpg,4
test/04257.jpg,0
test/04258.jpg,0
test/04259.jpg,1
test/04260.jpg,3
test/04261.jpg,7
test/04262.jpg,1
test/04263.jpg,3
test/04264.jpg,7
test/04265.jpg,1
test/04266.jpg,3
test/04267.jpg,2
test/04268.jpg,2
test/04269.jpg,0
test/04270.jpg,0
test/04271.jpg,3
test/04272.jpg,7
test/04273.jpg,2
test/04274.jpg,2
test/04275.jpg,3
test/04276.jpg,2
test/04277.jpg,2
test/04278.jpg,4
test/04279.jpg,7
test/04280.jpg,1
test/04281.jpg,1
test/04282.jpg,4
test/04283.jpg,7
test/04284.jpg,3
test/04285.jpg,2
test/04286.jpg,6
test/04287.jpg,1
test/04288.jpg,2
test/04289.jpg,6
test/04290.jpg,1
test/04291.jpg,1
test/04292.jpg,0
test/04293.jpg,0
test/04294.jpg,7
test/04295.jpg,3
test/04296.jpg,2
test/04297.jpg,2
test/04298.jpg,6
test/04299.jpg,5
test/04300.jpg,0
test/04301.jpg,2
test/04302.jpg,1
test/04303.jpg,4
test/04304.jpg,1
test/04305.jpg,0
test/04306.jpg,0
test/04307.jpg,3
test/04308.jpg,6
test/04309.jpg,2
test/04310.jpg,3
test/04311.jpg,1
test/04312.jpg,6
test/04313.jpg,2
test/04314.jpg,2
test/04315.jpg,2
test/04316.jpg,1
test/04317.jpg,2
test/04318.jpg,1
test/04319.jpg,1
test/04320.jpg,1
test/04321.jpg,2
test/04322.jpg,1
test/04323.jpg,1
test/04324.jpg,0
test/04325.jpg,0
test/04326.jpg,6
test/04327.jpg,2
test/04328.jpg,2
test/04329.jpg,1
test/04330.jpg,0
test/04331.jpg,3
test/04332.jpg,0
test/04333.jpg,3
test/04334.jpg,3
test/04335.jpg,1
test/04336.jpg,0
test/04337.jpg,7
test/04338.jpg,1
test/04339.jpg,6
test/04340.jpg,3
test/04341.jpg,5
test/04342.jpg,0
test/04343.jpg,0
test/04344.jpg,2
test/04345.jpg,4
test/04346.jpg,0
test/04347.jpg,1
test/04348.jpg,6
test/04349.jpg,0
test/04350.jpg,7
test/04351.jpg,3
test/04352.jpg,0
test/04353.jpg,1
test/04354.jpg,1
test/04355.jpg,6
test/04356.jpg,2
test/04357.jpg,3
test/04358.jpg,0
test/04359.jpg,0
test/04360.jpg,3
test/04361.jpg,1
test/04362.jpg,2
test/04363.jpg,0
test/04364.jpg,3
test/04365.jpg,3
test/04366.jpg,0
test/04367.jpg,2
test/04368.jpg,2
test/04369.jpg,0
test/04370.jpg,2
test/04371.jpg,2
test/04372.jpg,7
test/04373.jpg,0
test/04374.jpg,3
test/04375.jpg,1
test/04376.jpg,1
test/04377.jpg,6
test/04378.jpg,5
test/04379.jpg,1
test/04380.jpg,1
test/04381.jpg,1
test/04382.jpg,2
test/04383.jpg,1
test/04384.jpg,2
test/04385.jpg,1
test/04386.jpg,3
test/04387.jpg,7
test/04388.jpg,1
test/04389.jpg,2
test/04390.jpg,4
test/04391.jpg,1
test/04392.jpg,4
test/04393.jpg,1
test/04394.jpg,1
test/04395.jpg,1
test/04396.jpg,4
test/04397.jpg,1
test/04398.jpg,7
test/04399.jpg,4
test/04400.jpg,1
test/04401.jpg,7
test/04402.jpg,6
test/04403.jpg,1
test/04404.jpg,0
test/04405.jpg,1
test/04406.jpg,1
test/04407.jpg,1
test/04408.jpg,1
test/04409.jpg,0
test/04410.jpg,0
test/04411.jpg,7
test/04412.jpg,0
test/04413.jpg,3
test/04414.jpg,0
test/04415.jpg,4
test/04416.jpg,4
test/04417.jpg,0
test/04418.jpg,3
test/04419.jpg,0
test/04420.jpg,4
test/04421.jpg,2
test/04422.jpg,7
test/04423.jpg,5
test/04424.jpg,3
test/04425.jpg,2
test/04426.jpg,1
test/04427.jpg,1
test/04428.jpg,1
test/04429.jpg,2
test/04430.jpg,3
test/04431.jpg,0
test/04432.jpg,6
test/04433.jpg,0
test/04434.jpg,7
test/04435.jpg,7
test/04436.jpg,0
test/04437.jpg,1
test/04438.jpg,1
test/04439.jpg,1
test/04440.jpg,7
test/04441.jpg,1
test/04442.jpg,7
test/04443.jpg,4
test/04444.jpg,3
test/04445.jpg,1
test/04446.jpg,1
test/04447.jpg,1
test/04448.jpg,1
test/04449.jpg,3
test/04450.jpg,3
test/04451.jpg,1
test/04452.jpg,1
test/04453.jpg,3
test/04454.jpg,1
test/04455.jpg,1
test/04456.jpg,1
test/04457.jpg,5
test/04458.jpg,3
test/04459.jpg,2
test/04460.jpg,1
test/04461.jpg,4
test/04462.jpg,1
test/04463.jpg,1
test/04464.jpg,2
test/04465.jpg,0
test/04466.jpg,0
test/04467.jpg,0
test/04468.jpg,6
test/04469.jpg,0
test/04470.jpg,0
test/04471.jpg,2
test/04472.jpg,0
test/04473.jpg,2
test/04474.jpg,3
test/04475.jpg,5
test/04476.jpg,4
test/04477.jpg,2
test/04478.jpg,3
test/04479.jpg,2
test/04480.jpg,1
test/04481.jpg,2
test/04482.jpg,2
test/04483.jpg,4
test/04484.jpg,1
test/04485.jpg,3
test/04486.jpg,1
test/04487.jpg,1
test/04488.jpg,2
test/04489.jpg,2
test/04490.jpg,3
test/04491.jpg,2
test/04492.jpg,2
test/04493.jpg,1
test/04494.jpg,1
test/04495.jpg,4
test/04496.jpg,5
test/04497.jpg,5
test/04498.jpg,2
test/04499.jpg,0
test/04500.jpg,2
test/04501.jpg,0
test/04502.jpg,1
test/04503.jpg,0
test/04504.jpg,1
test/04505.jpg,1
test/04506.jpg,1
test/04507.jpg,1
test/04508.jpg,1
test/04509.jpg,3
test/04510.jpg,0
test/04511.jpg,7
test/04512.jpg,2
test/04513.jpg,2
test/04514.jpg,7
test/04515.jpg,0
test/04516.jpg,7
test/04517.jpg,4
test/04518.jpg,3
test/04519.jpg,4
test/04520.jpg,6
test/04521.jpg,2
test/04522.jpg,1
test/04523.jpg,3
test/04524.jpg,2
test/04525.jpg,5
test/04526.jpg,4
test/04527.jpg,0
test/04528.jpg,6
test/04529.jpg,2
test/04530.jpg,3
test/04531.jpg,1
test/04532.jpg,1
test/04533.jpg,2
test/04534.jpg,2
test/04535.jpg,2
test/04536.jpg,3
test/04537.jpg,7
test/04538.jpg,1
test/04539.jpg,2
test/04540.jpg,0
test/04541.jpg,6
test/04542.jpg,1
test/04543.jpg,2
test/04544.jpg,0
test/04545.jpg,2
test/04546.jpg,5
test/04547.jpg,1
test/04548.jpg,1
test/04549.jpg,1
test/04550.jpg,7
test/04551.jpg,1
test/04552.jpg,0
test/04553.jpg,0
test/04554.jpg,0
test/04555.jpg,2
test/04556.jpg,0
test/04557.jpg,3
test/04558.jpg,2
test/04559.jpg,0
test/04560.jpg,2
test/04561.jpg,1
test/04562.jpg,1
test/04563.jpg,3
test/04564.jpg,6
test/04565.jpg,5
test/04566.jpg,0
test/04567.jpg,7
test/04568.jpg,1
test/04569.jpg,1
test/04570.jpg,0
test/04571.jpg,4
test/04572.jpg,3
test/04573.jpg,0
test/04574.jpg,6
test/04575.jpg,1
test/04576.jpg,0
test/04577.jpg,2
test/04578.jpg,2
test/04579.jpg,7
test/04580.jpg,0
test/04581.jpg,2
test/04582.jpg,6
test/04583.jpg,4
test/04584.jpg,3
test/04585.jpg,4
test/04586.jpg,7
test/04587.jpg,2
test/04588.jpg,2
test/04589.jpg,7
test/04590.jpg,7
test/04591.jpg,6
test/04592.jpg,0
test/04593.jpg,1
test/04594.jpg,2
test/04595.jpg,1
test/04596.jpg,1
test/04597.jpg,7
test/04598.jpg,0
test/04599.jpg,2
test/04600.jpg,7
test/04601.jpg,1
test/04602.jpg,2
test/04603.jpg,1
test/04604.jpg,7
test/04605.jpg,7
test/04606.jpg,0
test/04607.jpg,3
test/04608.jpg,6
test/04609.jpg,2
test/04610.jpg,3
test/04611.jpg,1
test/04612.jpg,1
test/04613.jpg,7
test/04614.jpg,4
test/04615.jpg,0
test/04616.jpg,0
test/04617.jpg,7
test/04618.jpg,0
test/04619.jpg,5
test/04620.jpg,0
test/04621.jpg,6
test/04622.jpg,6
test/04623.jpg,0
test/04624.jpg,1
test/04625.jpg,0
test/04626.jpg,3
test/04627.jpg,2
test/04628.jpg,1
test/04629.jpg,1
test/04630.jpg,0
test/04631.jpg,3
test/04632.jpg,7
test/04633.jpg,3
test/04634.jpg,4
test/04635.jpg,2
test/04636.jpg,0
test/04637.jpg,0
test/04638.jpg,1
test/04639.jpg,7
test/04640.jpg,3
test/04641.jpg,4
test/04642.jpg,1
test/04643.jpg,7
test/04644.jpg,1
test/04645.jpg,2
test/04646.jpg,0
test/04647.jpg,5
test/04648.jpg,3
test/04649.jpg,6
test/04650.jpg,1
test/04651.jpg,1
test/04652.jpg,7
test/04653.jpg,1
test/04654.jpg,4
test/04655.jpg,6
test/04656.jpg,2
test/04657.jpg,1
test/04658.jpg,1
test/04659.jpg,1
test/04660.jpg,6
test/04661.jpg,3
test/04662.jpg,3
test/04663.jpg,1
test/04664.jpg,6
test/04665.jpg,4
test/04666.jpg,7
test/04667.jpg,2
test/04668.jpg,2
test/04669.jpg,1
test/04670.jpg,1
test/04671.jpg,0
test/04672.jpg,2
test/04673.jpg,0
test/04674.jpg,3
test/04675.jpg,3
test/04676.jpg,4
test/04677.jpg,2
test/04678.jpg,1
test/04679.jpg,6
test/04680.jpg,2
test/04681.jpg,1
test/04682.jpg,1
test/04683.jpg,3
test/04684.jpg,0
test/04685.jpg,2
test/04686.jpg,3
test/04687.jpg,3
test/04688.jpg,3
test/04689.jpg,3
test/04690.jpg,7
test/04691.jpg,5
test/04692.jpg,0
test/04693.jpg,1
test/04694.jpg,1
test/04695.jpg,1
test/04696.jpg,1
test/04697.jpg,7
test/04698.jpg,1
test/04699.jpg,2
test/04700.jpg,2
test/04701.jpg,3
test/04702.jpg,1
test/04703.jpg,5
test/04704.jpg,1
test/04705.jpg,5
test/04706.jpg,4
test/04707.jpg,1
test/04708.jpg,1
test/04709.jpg,3
test/04710.jpg,1
test/04711.jpg,5
test/04712.jpg,2
test/04713.jpg,2
test/04714.jpg,3
test/04715.jpg,3
test/04716.jpg,0
test/04717.jpg,1
test/04718.jpg,1
test/04719.jpg,5
test/04720.jpg,4
test/04721.jpg,2
test/04722.jpg,1
test/04723.jpg,0
test/04724.jpg,6
test/04725.jpg,3
test/04726.jpg,4
test/04727.jpg,6
test/04728.jpg,7
test/04729.jpg,1
test/04730.jpg,3
test/04731.jpg,3
test/04732.jpg,1
test/04733.jpg,2
test/04734.jpg,6
test/04735.jpg,2
test/04736.jpg,3
test/04737.jpg,6
test/04738.jpg,1
test/04739.jpg,1
test/04740.jpg,2
test/04741.jpg,2
test/04742.jpg,1
test/04743.jpg,0
test/04744.jpg,7
test/04745.jpg,2
test/04746.jpg,4
test/04747.jpg,4
test/04748.jpg,0
test/04749.jpg,7
test/04750.jpg,1
test/04751.jpg,4
test/04752.jpg,7
test/04753.jpg,1
test/04754.jpg,4
test/04755.jpg,2
test/04756.jpg,0
test/04757.jpg,1
test/04758.jpg,1
test/04759.jpg,7
test/04760.jpg,0
test/04761.jpg,6
test/04762.jpg,2
test/04763.jpg,3
test/04764.jpg,3
test/04765.jpg,1
test/04766.jpg,2
test/04767.jpg,1
test/04768.jpg,0
test/04769.jpg,0
test/04770.jpg,2
test/04771.jpg,3
test/04772.jpg,7
test/04773.jpg,1
test/04774.jpg,2
test/04775.jpg,1
test/04776.jpg,3
test/04777.jpg,1
test/04778.jpg,1
test/04779.jpg,7
test/04780.jpg,0
test/04781.jpg,1
test/04782.jpg,7
test/04783.jpg,0
test/04784.jpg,3
test/04785.jpg,1
test/04786.jpg,3
test/04787.jpg,2
test/04788.jpg,3
test/04789.jpg,0
test/04790.jpg,0
test/04791.jpg,7
test/04792.jpg,5
test/04793.jpg,5
test/04794.jpg,4
test/04795.jpg,2
test/04796.jpg,4
test/04797.jpg,1
test/04798.jpg,2
test/04799.jpg,1
test/04800.jpg,1
test/04801.jpg,1
test/04802.jpg,7
test/04803.jpg,0
test/04804.jpg,5
test/04805.jpg,1
test/04806.jpg,0
test/04807.jpg,2
test/04808.jpg,0
test/04809.jpg,1
test/04810.jpg,3
test/04811.jpg,1
test/04812.jpg,1
test/04813.jpg,6
test/04814.jpg,3
test/04815.jpg,1
test/04816.jpg,0
test/04817.jpg,3
test/04818.jpg,4
test/04819.jpg,1
test/04820.jpg,5
test/04821.jpg,0
test/04822.jpg,2
test/04823.jpg,7
test/04824.jpg,0
test/04825.jpg,1
test/04826.jpg,7
test/04827.jpg,2
test/04828.jpg,4
test/04829.jpg,4
test/04830.jpg,2
test/04831.jpg,1
test/04832.jpg,4
test/04833.jpg,7
test/04834.jpg,0
test/04835.jpg,3
test/04836.jpg,3
test/04837.jpg,1
test/04838.jpg,3
test/04839.jpg,2
test/04840.jpg,2
test/04841.jpg,1
test/04842.jpg,3
test/04843.jpg,0
test/04844.jpg,0
test/04845.jpg,0
test/04846.jpg,3
test/04847.jpg,7
test/04848.jpg,2
test/04849.jpg,0
test/04850.jpg,1
test/04851.jpg,4
test/04852.jpg,1
test/04853.jpg,1
test/04854.jpg,1
test/04855.jpg,1
test/04856.jpg,4
test/04857.jpg,4
test/04858.jpg,1
test/04859.jpg,1
test/04860.jpg,1
test/04861.jpg,4
test/04862.jpg,1
test/04863.jpg,7
test/04864.jpg,7
test/04865.jpg,2
test/04866.jpg,2
test/04867.jpg,1
test/04868.jpg,3
test/04869.jpg,1
test/04870.jpg,0
test/04871.jpg,0
test/04872.jpg,1
test/04873.jpg,6
test/04874.jpg,2
test/04875.jpg,1
test/04876.jpg,7
test/04877.jpg,0
test/04878.jpg,4
test/04879.jpg,1
test/04880.jpg,3
test/04881.jpg,0
test/04882.jpg,3
test/04883.jpg,0
test/04884.jpg,0
test/04885.jpg,0
test/04886.jpg,0
test/04887.jpg,2
test/04888.jpg,1
test/04889.jpg,1
test/04890.jpg,1
test/04891.jpg,7
test/04892.jpg,2
test/04893.jpg,2
test/04894.jpg,3
test/04895.jpg,1
test/04896.jpg,1
test/04897.jpg,1
test/04898.jpg,0
test/04899.jpg,2
test/04900.jpg,6
test/04901.jpg,0
test/04902.jpg,1
test/04903.jpg,0
test/04904.jpg,3
test/04905.jpg,1
test/04906.jpg,0
test/04907.jpg,4
test/04908.jpg,5
test/04909.jpg,4
test/04910.jpg,7
test/04911.jpg,2
test/04912.jpg,1
test/04913.jpg,2
test/04914.jpg,1
test/04915.jpg,1
test/04916.jpg,4
test/04917.jpg,3
test/04918.jpg,0
test/04919.jpg,1
test/04920.jpg,1
test/04921.jpg,3
test/04922.jpg,1
test/04923.jpg,1
test/04924.jpg,4
test/04925.jpg,1
test/04926.jpg,1
test/04927.jpg,3
test/04928.jpg,3
test/04929.jpg,2
test/04930.jpg,1
test/04931.jpg,2
test/04932.jpg,6
test/04933.jpg,2
test/04934.jpg,7
test/04935.jpg,2
test/04936.jpg,3
test/04937.jpg,6
test/04938.jpg,2
test/04939.jpg,3
test/04940.jpg,4
test/04941.jpg,0
test/04942.jpg,2
test/04943.jpg,0
test/04944.jpg,1
test/04945.jpg,6
test/04946.jpg,1
test/04947.jpg,1
test/04948.jpg,3
test/04949.jpg,0
test/04950.jpg,2
test/04951.jpg,2
test/04952.jpg,3
test/04953.jpg,3
test/04954.jpg,0
test/04955.jpg,3
test/04956.jpg,1
test/04957.jpg,3
test/04958.jpg,3
test/04959.jpg,3
test/04960.jpg,0
test/04961.jpg,1
test/04962.jpg,2
test/04963.jpg,1
test/04964.jpg,4
test/04965.jpg,1
test/04966.jpg,3
test/04967.jpg,1
test/04968.jpg,0
test/04969.jpg,5
test/04970.jpg,1
test/04971.jpg,0
test/04972.jpg,1
test/04973.jpg,3
test/04974.jpg,3
test/04975.jpg,1
test/04976.jpg,7
test/04977.jpg,0
test/04978.jpg,2
test/04979.jpg,4
test/04980.jpg,1
test/04981.jpg,4
test/04982.jpg,4
test/04983.jpg,7
test/04984.jpg,2
test/04985.jpg,2
test/04986.jpg,1
test/04987.jpg,3
test/04988.jpg,7
test/04989.jpg,1
test/04990.jpg,1
test/04991.jpg,4
test/04992.jpg,0
test/04993.jpg,1
test/04994.jpg,0
test/04995.jpg,5
test/04996.jpg,3
test/04997.jpg,2
test/04998.jpg,4
test/04999.jpg,1
test/05000.jpg,0
test/05001.jpg,7
test/05002.jpg,0
test/05003.jpg,2
test/05004.jpg,1
test/05005.jpg,6
test/05006.jpg,2
test/05007.jpg,1
test/05008.jpg,4
test/05009.jpg,2
test/05010.jpg,1
test/05011.jpg,0
test/05012.jpg,0
test/05013.jpg,1
test/05014.jpg,1
test/05015.jpg,5
test/05016.jpg,1
test/05017.jpg,1
test/05018.jpg,2
test/05019.jpg,4
test/05020.jpg,1
test/05021.jpg,0
test/05022.jpg,6
test/05023.jpg,0
test/05024.jpg,1
test/05025.jpg,3
test/05026.jpg,2
test/05027.jpg,1
test/05028.jpg,7
test/05029.jpg,1
test/05030.jpg,4
test/05031.jpg,2
test/05032.jpg,1
test/05033.jpg,2
test/05034.jpg,0
test/05035.jpg,3
test/05036.jpg,4
test/05037.jpg,2
test/05038.jpg,0
test/05039.jpg,0
test/05040.jpg,1
test/05041.jpg,0
test/05042.jpg,2
test/05043.jpg,4
test/05044.jpg,1
test/05045.jpg,0
test/05046.jpg,6
test/05047.jpg,2
test/05048.jpg,0
test/05049.jpg,0
test/05050.jpg,6
test/05051.jpg,7
test/05052.jpg,3
test/05053.jpg,1
test/05054.jpg,0
test/05055.jpg,4
test/05056.jpg,0
test/05057.jpg,1
test/05058.jpg,6
test/05059.jpg,7
test/05060.jpg,1
test/05061.jpg,1
test/05062.jpg,1
test/05063.jpg,5
test/05064.jpg,0
test/05065.jpg,2
test/05066.jpg,0
test/05067.jpg,3
test/05068.jpg,6
test/05069.jpg,0
test/05070.jpg,6
test/05071.jpg,7
test/05072.jpg,5
test/05073.jpg,0
test/05074.jpg,1
test/05075.jpg,3
test/05076.jpg,6
test/05077.jpg,1
test/05078.jpg,4
test/05079.jpg,6
test/05080.jpg,2
test/05081.jpg,2
test/05082.jpg,4
test/05083.jpg,2
test/05084.jpg,7
test/05085.jpg,4
test/05086.jpg,0
test/05087.jpg,2
test/05088.jpg,6
test/05089.jpg,2
test/05090.jpg,4
test/05091.jpg,2
test/05092.jpg,5
test/05093.jpg,2
test/05094.jpg,7
test/05095.jpg,1
test/05096.jpg,5
test/05097.jpg,6
test/05098.jpg,4
test/05099.jpg,0
test/05100.jpg,6
test/05101.jpg,3
test/05102.jpg,2
test/05103.jpg,5
test/05104.jpg,3
test/05105.jpg,1
test/05106.jpg,0
test/05107.jpg,7
test/05108.jpg,0
test/05109.jpg,0
test/05110.jpg,4
test/05111.jpg,3
test/05112.jpg,2
test/05113.jpg,6
test/05114.jpg,1
test/05115.jpg,2
test/05116.jpg,4
test/05117.jpg,1
test/05118.jpg,1
test/05119.jpg,1
test/05120.jpg,0
test/05121.jpg,2
test/05122.jpg,1
test/05123.jpg,7
test/05124.jpg,5
test/05125.jpg,2
test/05126.jpg,1
test/05127.jpg,1
test/05128.jpg,1
test/05129.jpg,1
test/05130.jpg,0
test/05131.jpg,7
test/05132.jpg,2
test/05133.jpg,1
test/05134.jpg,2
test/05135.jpg,1
test/05136.jpg,0
test/05137.jpg,2
test/05138.jpg,0
test/05139.jpg,0
test/05140.jpg,3
test/05141.jpg,3
test/05142.jpg,2
test/05143.jpg,6
test/05144.jpg,0
test/05145.jpg,3
test/05146.jpg,1
test/05147.jpg,0
test/05148.jpg,3
test/05149.jpg,0
test/05150.jpg,2
test/05151.jpg,4
test/05152.jpg,0
test/05153.jpg,3
test/05154.jpg,2
test/05155.jpg,1
test/05156.jpg,6
test/05157.jpg,5
test/05158.jpg,1
test/05159.jpg,0
test/05160.jpg,2
test/05161.jpg,0
test/05162.jpg,0
test/05163.jpg,3
test/05164.jpg,7
test/05165.jpg,1
test/05166.jpg,4
test/05167.jpg,3
test/05168.jpg,1
test/05169.jpg,0
test/05170.jpg,2
test/05171.jpg,2
test/05172.jpg,5
test/05173.jpg,1
test/05174.jpg,3
test/05175.jpg,7
test/05176.jpg,2
test/05177.jpg,0
test/05178.jpg,2
test/05179.jpg,2
test/05180.jpg,2
test/05181.jpg,2
test/05182.jpg,2
test/05183.jpg,1
test/05184.jpg,2
test/05185.jpg,0
test/05186.jpg,2
test/05187.jpg,1
test/05188.jpg,4
test/05189.jpg,3
test/05190.jpg,1
test/05191.jpg,3
test/05192.jpg,2
test/05193.jpg,2
test/05194.jpg,4
test/05195.jpg,0
test/05196.jpg,3
test/05197.jpg,1
test/05198.jpg,3
test/05199.jpg,1
test/05200.jpg,1
test/05201.jpg,1
test/05202.jpg,3
test/05203.jpg,2
test/05204.jpg,7
test/05205.jpg,7
test/05206.jpg,2
test/05207.jpg,1
test/05208.jpg,0
test/05209.jpg,2
test/05210.jpg,7
test/05211.jpg,1
test/05212.jpg,0
test/05213.jpg,2
test/05214.jpg,1
test/05215.jpg,5
test/05216.jpg,2
test/05217.jpg,7
test/05218.jpg,2
test/05219.jpg,3
test/05220.jpg,7
test/05221.jpg,4
test/05222.jpg,7
test/05223.jpg,7
test/05224.jpg,1
test/05225.jpg,7
test/05226.jpg,2
test/05227.jpg,3
test/05228.jpg,2
test/05229.jpg,3
test/05230.jpg,2
test/05231.jpg,0
test/05232.jpg,3
test/05233.jpg,5
test/05234.jpg,1
test/05235.jpg,2
test/05236.jpg,3
test/05237.jpg,7
test/05238.jpg,7
test/05239.jpg,3
test/05240.jpg,2
test/05241.jpg,7
test/05242.jpg,3
test/05243.jpg,6
test/05244.jpg,3
test/05245.jpg,7
test/05246.jpg,1
test/05247.jpg,1
test/05248.jpg,1
test/05249.jpg,1
test/05250.jpg,0
test/05251.jpg,2
test/05252.jpg,1
test/05253.jpg,3
test/05254.jpg,6
test/05255.jpg,6
test/05256.jpg,0
test/05257.jpg,1
test/05258.jpg,0
test/05259.jpg,6
test/05260.jpg,1
test/05261.jpg,4
test/05262.jpg,1
test/05263.jpg,0
test/05264.jpg,2
test/05265.jpg,7
test/05266.jpg,1
test/05267.jpg,2
test/05268.jpg,2
test/05269.jpg,4
test/05270.jpg,1
test/05271.jpg,4
test/05272.jpg,0
test/05273.jpg,4
test/05274.jpg,7
test/05275.jpg,0
test/05276.jpg,0
test/05277.jpg,3
test/05278.jpg,2
test/05279.jpg,0
test/05280.jpg,1
test/05281.jpg,2
test/05282.jpg,1
test/05283.jpg,1
test/05284.jpg,7
test/05285.jpg,0
test/05286.jpg,0
test/05287.jpg,1
test/05288.jpg,1
test/05289.jpg,7
test/05290.jpg,1
test/05291.jpg,5
test/05292.jpg,3
test/05293.jpg,2
test/05294.jpg,2
test/05295.jpg,1
test/05296.jpg,0
test/05297.jpg,1
test/05298.jpg,3
test/05299.jpg,4
test/05300.jpg,2
test/05301.jpg,6
test/05302.jpg,4
test/05303.jpg,1
test/05304.jpg,1
test/05305.jpg,4
test/05306.jpg,1
test/05307.jpg,0
test/05308.jpg,6
test/05309.jpg,2
test/05310.jpg,0
test/05311.jpg,1
test/05312.jpg,1
test/05313.jpg,2
test/05314.jpg,3
test/05315.jpg,2
test/05316.jpg,3
test/05317.jpg,3
test/05318.jpg,1
test/05319.jpg,1
test/05320.jpg,3
test/05321.jpg,0
test/05322.jpg,5
test/05323.jpg,3
test/05324.jpg,1
test/05325.jpg,1
test/05326.jpg,1
test/05327.jpg,7
test/05328.jpg,1
test/05329.jpg,3
test/05330.jpg,7
test/05331.jpg,1
test/05332.jpg,1
test/05333.jpg,2
test/05334.jpg,0
test/05335.jpg,1
test/05336.jpg,2
test/05337.jpg,7
test/05338.jpg,0
test/05339.jpg,3
test/05340.jpg,3
test/05341.jpg,2
test/05342.jpg,7
test/05343.jpg,1
test/05344.jpg,7
test/05345.jpg,1
test/05346.jpg,1
test/05347.jpg,2
test/05348.jpg,4
test/05349.jpg,4
test/05350.jpg,3
test/05351.jpg,7
test/05352.jpg,1
test/05353.jpg,2
test/05354.jpg,1
test/05355.jpg,1
test/05356.jpg,2
test/05357.jpg,0
test/05358.jpg,1
test/05359.jpg,6
test/05360.jpg,1
test/05361.jpg,0
test/05362.jpg,1
test/05363.jpg,0
test/05364.jpg,1
test/05365.jpg,3
test/05366.jpg,0
test/05367.jpg,2
test/05368.jpg,2
test/05369.jpg,0
test/05370.jpg,2
test/05371.jpg,0
test/05372.jpg,1
test/05373.jpg,1
test/05374.jpg,0
test/05375.jpg,2
test/05376.jpg,0
test/05377.jpg,5
test/05378.jpg,0
test/05379.jpg,2
test/05380.jpg,1
test/05381.jpg,4
test/05382.jpg,2
test/05383.jpg,2
test/05384.jpg,0
test/05385.jpg,0
test/05386.jpg,6
test/05387.jpg,6
test/05388.jpg,7
test/05389.jpg,2
test/05390.jpg,3
test/05391.jpg,3
test/05392.jpg,0
test/05393.jpg,6
test/05394.jpg,1
test/05395.jpg,1
test/05396.jpg,6
test/05397.jpg,3
test/05398.jpg,1
test/05399.jpg,1
test/05400.jpg,3
test/05401.jpg,0
test/05402.jpg,5
test/05403.jpg,4
test/05404.jpg,3
test/05405.jpg,2
test/05406.jpg,0
test/05407.jpg,0
test/05408.jpg,7
test/05409.jpg,1
test/05410.jpg,0
test/05411.jpg,2
test/05412.jpg,2
test/05413.jpg,2
test/05414.jpg,3
test/05415.jpg,2
test/05416.jpg,7
test/05417.jpg,6
test/05418.jpg,1
test/05419.jpg,0
test/05420.jpg,4
test/05421.jpg,1
test/05422.jpg,2
test/05423.jpg,0
test/05424.jpg,4
test/05425.jpg,1
test/05426.jpg,0
test/05427.jpg,1
test/05428.jpg,7
test/05429.jpg,2
test/05430.jpg,1
test/05431.jpg,4
test/05432.jpg,2
test/05433.jpg,5
test/05434.jpg,1
test/05435.jpg,1
test/05436.jpg,4
test/05437.jpg,1
test/05438.jpg,0
test/05439.jpg,0
test/05440.jpg,0
test/05441.jpg,0
test/05442.jpg,3
test/05443.jpg,4
test/05444.jpg,1
test/05445.jpg,7
test/05446.jpg,1
test/05447.jpg,0
test/05448.jpg,7
test/05449.jpg,1
test/05450.jpg,1
test/05451.jpg,7
test/05452.jpg,3
test/05453.jpg,1
test/05454.jpg,1
test/05455.jpg,1
test/05456.jpg,3
test/05457.jpg,0
test/05458.jpg,1
test/05459.jpg,0
test/05460.jpg,3
test/05461.jpg,1
test/05462.jpg,2
test/05463.jpg,7
test/05464.jpg,0
test/05465.jpg,5
test/05466.jpg,3
test/05467.jpg,3
test/05468.jpg,4
test/05469.jpg,2
test/05470.jpg,1
test/05471.jpg,2
test/05472.jpg,2
test/05473.jpg,1
test/05474.jpg,0
test/05475.jpg,3
test/05476.jpg,0
test/05477.jpg,5
test/05478.jpg,6
test/05479.jpg,3
test/05480.jpg,5
test/05481.jpg,0
test/05482.jpg,2
test/05483.jpg,3
test/05484.jpg,0
test/05485.jpg,7
test/05486.jpg,3
test/05487.jpg,6
test/05488.jpg,0
test/05489.jpg,2
test/05490.jpg,1
test/05491.jpg,1
test/05492.jpg,1
test/05493.jpg,2
test/05494.jpg,3
test/05495.jpg,3
test/05496.jpg,7
test/05497.jpg,1
test/05498.jpg,0
test/05499.jpg,2
test/05500.jpg,1
test/05501.jpg,1
test/05502.jpg,0
test/05503.jpg,3
test/05504.jpg,0
test/05505.jpg,0
test/05506.jpg,3
test/05507.jpg,1
test/05508.jpg,1
test/05509.jpg,1
test/05510.jpg,1
test/05511.jpg,0
test/05512.jpg,0
test/05513.jpg,2
test/05514.jpg,5
test/05515.jpg,2
test/05516.jpg,2
test/05517.jpg,1
test/05518.jpg,5
test/05519.jpg,2
test/05520.jpg,5
test/05521.jpg,0
test/05522.jpg,0
test/05523.jpg,1
test/05524.jpg,7
test/05525.jpg,1
test/05526.jpg,1
test/05527.jpg,2
test/05528.jpg,3
test/05529.jpg,1
test/05530.jpg,1
test/05531.jpg,4
test/05532.jpg,1
test/05533.jpg,0
test/05534.jpg,3
test/05535.jpg,2
test/05536.jpg,0
test/05537.jpg,2
test/05538.jpg,1
test/05539.jpg,0
test/05540.jpg,0
test/05541.jpg,2
test/05542.jpg,1
test/05543.jpg,1
test/05544.jpg,2
test/05545.jpg,4
test/05546.jpg,3
test/05547.jpg,0
test/05548.jpg,0
test/05549.jpg,2
test/05550.jpg,4
test/05551.jpg,0
test/05552.jpg,2
test/05553.jpg,0
test/05554.jpg,3
test/05555.jpg,1
test/05556.jpg,1
test/05557.jpg,0
test/05558.jpg,4
test/05559.jpg,6
test/05560.jpg,3
test/05561.jpg,7
test/05562.jpg,2
test/05563.jpg,2
test/05564.jpg,2
test/05565.jpg,3
test/05566.jpg,1
test/05567.jpg,1
test/05568.jpg,1
test/05569.jpg,2
test/05570.jpg,1
test/05571.jpg,1
test/05572.jpg,7
test/05573.jpg,1
test/05574.jpg,4
test/05575.jpg,1
test/05576.jpg,0
test/05577.jpg,3
test/05578.jpg,1
test/05579.jpg,1
test/05580.jpg,0
test/05581.jpg,2
test/05582.jpg,0
test/05583.jpg,6
test/05584.jpg,3
test/05585.jpg,0
test/05586.jpg,3
test/05587.jpg,2
test/05588.jpg,6
test/05589.jpg,2
test/05590.jpg,4
test/05591.jpg,3
test/05592.jpg,7
test/05593.jpg,0
test/05594.jpg,3
test/05595.jpg,7
test/05596.jpg,1
test/05597.jpg,7
test/05598.jpg,5
test/05599.jpg,1
test/05600.jpg,0
test/05601.jpg,6
test/05602.jpg,1
test/05603.jpg,1
test/05604.jpg,3
test/05605.jpg,0
test/05606.jpg,1
test/05607.jpg,0
test/05608.jpg,2
test/05609.jpg,4
test/05610.jpg,6
test/05611.jpg,1
test/05612.jpg,3
test/05613.jpg,7
test/05614.jpg,2
test/05615.jpg,1
test/05616.jpg,0
test/05617.jpg,1
test/05618.jpg,3
test/05619.jpg,3
test/05620.jpg,7
test/05621.jpg,3
test/05622.jpg,5
test/05623.jpg,1
test/05624.jpg,3
test/05625.jpg,6
test/05626.jpg,0
test/05627.jpg,4
test/05628.jpg,7
test/05629.jpg,7
test/05630.jpg,6
test/05631.jpg,0
test/05632.jpg,2
test/05633.jpg,1
test/05634.jpg,3
test/05635.jpg,0
test/05636.jpg,1
test/05637.jpg,1
test/05638.jpg,1
test/05639.jpg,1
test/05640.jpg,2
test/05641.jpg,0
test/05642.jpg,1
test/05643.jpg,1
test/05644.jpg,6
test/05645.jpg,6
test/05646.jpg,1
test/05647.jpg,1
test/05648.jpg,1
test/05649.jpg,5
test/05650.jpg,6
test/05651.jpg,0
test/05652.jpg,7
test/05653.jpg,1
test/05654.jpg,2
test/05655.jpg,2
test/05656.jpg,1
test/05657.jpg,1
test/05658.jpg,1
test/05659.jpg,0
test/05660.jpg,7
test/05661.jpg,0
test/05662.jpg,4
test/05663.jpg,3
test/05664.jpg,2
test/05665.jpg,2
test/05666.jpg,3
test/05667.jpg,2
test/05668.jpg,1
test/05669.jpg,7
test/05670.jpg,4
test/05671.jpg,7
test/05672.jpg,1
test/05673.jpg,0
test/05674.jpg,7
test/05675.jpg,2
test/05676.jpg,1
test/05677.jpg,1
test/05678.jpg,4
test/05679.jpg,4
test/05680.jpg,0
test/05681.jpg,7
test/05682.jpg,0
test/05683.jpg,1
test/05684.jpg,4
test/05685.jpg,3
test/05686.jpg,7
test/05687.jpg,2
test/05688.jpg,2
test/05689.jpg,2
test/05690.jpg,2
test/05691.jpg,2
test/05692.jpg,3
test/05693.jpg,0
test/05694.jpg,4
test/05695.jpg,4
test/05696.jpg,0
test/05697.jpg,1
test/05698.jpg,0
test/05699.jpg,2
test/05700.jpg,7
test/05701.jpg,1
test/05702.jpg,0
test/05703.jpg,1
test/05704.jpg,1
test/05705.jpg,1
test/05706.jpg,3
test/05707.jpg,0
test/05708.jpg,5
test/05709.jpg,1
test/05710.jpg,6
test/05711.jpg,1
test/05712.jpg,7
test/05713.jpg,0
test/05714.jpg,3
test/05715.jpg,3
test/05716.jpg,0
test/05717.jpg,1
test/05718.jpg,6
test/05719.jpg,5
test/05720.jpg,7
test/05721.jpg,3
test/05722.jpg,3
test/05723.jpg,3
test/05724.jpg,7
test/05725.jpg,6
test/05726.jpg,0
test/05727.jpg,7
test/05728.jpg,3
test/05729.jpg,4
test/05730.jpg,2
test/05731.jpg,6
test/05732.jpg,4
test/05733.jpg,0
test/05734.jpg,4
test/05735.jpg,0
test/05736.jpg,4
test/05737.jpg,4
test/05738.jpg,1
test/05739.jpg,2
test/05740.jpg,0
test/05741.jpg,5
test/05742.jpg,5
test/05743.jpg,0
test/05744.jpg,5
test/05745.jpg,1
test/05746.jpg,0
test/05747.jpg,2
test/05748.jpg,4
test/05749.jpg,7
test/05750.jpg,1
test/05751.jpg,1
test/05752.jpg,5
test/05753.jpg,3
test/05754.jpg,3
test/05755.jpg,0
test/05756.jpg,3
test/05757.jpg,2
test/05758.jpg,3
test/05759.jpg,6
test/05760.jpg,2
test/05761.jpg,3
test/05762.jpg,2
test/05763.jpg,0
test/05764.jpg,1
test/05765.jpg,2
test/05766.jpg,1
test/05767.jpg,1
test/05768.jpg,2
test/05769.jpg,2
test/05770.jpg,0
test/05771.jpg,0
test/05772.jpg,0
test/05773.jpg,0
test/05774.jpg,1
test/05775.jpg,2
test/05776.jpg,2
test/05777.jpg,1
test/05778.jpg,3
test/05779.jpg,2
test/05780.jpg,0
test/05781.jpg,6
test/05782.jpg,3
test/05783.jpg,1
test/05784.jpg,1
test/05785.jpg,0
test/05786.jpg,1
test/05787.jpg,6
test/05788.jpg,6
test/05789.jpg,3
test/05790.jpg,0
test/05791.jpg,0
test/05792.jpg,3
test/05793.jpg,4
test/05794.jpg,0
test/05795.jpg,4
test/05796.jpg,2
test/05797.jpg,1
test/05798.jpg,1
test/05799.jpg,0
test/05800.jpg,1
test/05801.jpg,0
test/05802.jpg,1
test/05803.jpg,3
test/05804.jpg,2
test/05805.jpg,0
test/05806.jpg,1
test/05807.jpg,4
test/05808.jpg,1
test/05809.jpg,0
test/05810.jpg,7
test/05811.jpg,3
test/05812.jpg,1
test/05813.jpg,1
test/05814.jpg,4
test/05815.jpg,3
test/05816.jpg,1
test/05817.jpg,7
test/05818.jpg,0
test/05819.jpg,1
test/05820.jpg,1
test/05821.jpg,6
test/05822.jpg,1
test/05823.jpg,2
test/05824.jpg,1
test/05825.jpg,4
test/05826.jpg,2
test/05827.jpg,6
test/05828.jpg,1
test/05829.jpg,0
test/05830.jpg,3
test/05831.jpg,5
test/05832.jpg,0
test/05833.jpg,3
test/05834.jpg,2
test/05835.jpg,2
test/05836.jpg,2
test/05837.jpg,3
test/05838.jpg,1
test/05839.jpg,4
test/05840.jpg,2
test/05841.jpg,1
test/05842.jpg,1
test/05843.jpg,1
test/05844.jpg,4
test/05845.jpg,6
test/05846.jpg,0
test/05847.jpg,3
test/05848.jpg,2
test/05849.jpg,1
test/05850.jpg,3
test/05851.jpg,4
test/05852.jpg,5
test/05853.jpg,6
test/05854.jpg,7
test/05855.jpg,1
test/05856.jpg,7
test/05857.jpg,2
test/05858.jpg,7
test/05859.jpg,3
test/05860.jpg,7
test/05861.jpg,0
test/05862.jpg,1
test/05863.jpg,0
test/05864.jpg,0
test/05865.jpg,3
test/05866.jpg,4
test/05867.jpg,4
test/05868.jpg,2
test/05869.jpg,4
test/05870.jpg,0
test/05871.jpg,1
test/05872.jpg,1
test/05873.jpg,6
test/05874.jpg,7
test/05875.jpg,3
test/05876.jpg,0
test/05877.jpg,7
test/05878.jpg,3
test/05879.jpg,1
test/05880.jpg,7
test/05881.jpg,1
test/05882.jpg,7
test/05883.jpg,6
test/05884.jpg,6
test/05885.jpg,2
test/05886.jpg,2
test/05887.jpg,0
test/05888.jpg,0
test/05889.jpg,3
test/05890.jpg,0
test/05891.jpg,1
test/05892.jpg,2
test/05893.jpg,4
test/05894.jpg,6
test/05895.jpg,2
test/05896.jpg,6
test/05897.jpg,3
test/05898.jpg,7
test/05899.jpg,0
test/05900.jpg,7
test/05901.jpg,1
test/05902.jpg,3
test/05903.jpg,0
test/05904.jpg,1
test/05905.jpg,0
test/05906.jpg,7
test/05907.jpg,1
test/05908.jpg,2
test/05909.jpg,1
test/05910.jpg,3
test/05911.jpg,1
test/05912.jpg,2
test/05913.jpg,3
test/05914.jpg,0
test/05915.jpg,3
test/05916.jpg,2
test/05917.jpg,7
test/05918.jpg,7
test/05919.jpg,3
test/05920.jpg,2
test/05921.jpg,3
test/05922.jpg,0
test/05923.jpg,7
test/05924.jpg,7
test/05925.jpg,4
test/05926.jpg,1
test/05927.jpg,1
test/05928.jpg,2
test/05929.jpg,1
test/05930.jpg,0
test/05931.jpg,4
test/05932.jpg,1
test/05933.jpg,2
test/05934.jpg,1
test/05935.jpg,1
test/05936.jpg,1
test/05937.jpg,3
test/05938.jpg,0
test/05939.jpg,1
test/05940.jpg,1
test/05941.jpg,2
test/05942.jpg,3
test/05943.jpg,0
test/05944.jpg,1
test/05945.jpg,1
test/05946.jpg,4
test/05947.jpg,2
test/05948.jpg,0
test/05949.jpg,6
test/05950.jpg,1
test/05951.jpg,2
test/05952.jpg,1
test/05953.jpg,0
test/05954.jpg,4
test/05955.jpg,6
test/05956.jpg,7
test/05957.jpg,1
test/05958.jpg,1
test/05959.jpg,5
test/05960.jpg,0
test/05961.jpg,1
test/05962.jpg,1
test/05963.jpg,0
test/05964.jpg,1
test/05965.jpg,2
test/05966.jpg,3
test/05967.jpg,3
test/05968.jpg,3
test/05969.jpg,1
test/05970.jpg,0
test/05971.jpg,0
test/05972.jpg,1
test/05973.jpg,1
test/05974.jpg,4
test/05975.jpg,5
test/05976.jpg,1
test/05977.jpg,5
test/05978.jpg,2
test/05979.jpg,4
test/05980.jpg,3
test/05981.jpg,2
test/05982.jpg,3
test/05983.jpg,6
test/05984.jpg,3
test/05985.jpg,7
test/05986.jpg,7
test/05987.jpg,3
test/05988.jpg,0
test/05989.jpg,6
test/05990.jpg,2
test/05991.jpg,4
test/05992.jpg,1
test/05993.jpg,1
test/05994.jpg,0
test/05995.jpg,6
test/05996.jpg,0
test/05997.jpg,1
test/05998.jpg,0
test/05999.jpg,0
test/06000.jpg,0
test/06001.jpg,3
test/06002.jpg,2
test/06003.jpg,7
test/06004.jpg,7
test/06005.jpg,3
test/06006.jpg,1
test/06007.jpg,6
test/06008.jpg,1
test/06009.jpg,2
test/06010.jpg,2
test/06011.jpg,3
test/06012.jpg,1
test/06013.jpg,1
test/06014.jpg,0
test/06015.jpg,0
test/06016.jpg,1
test/06017.jpg,2
test/06018.jpg,2
test/06019.jpg,0
test/06020.jpg,0
test/06021.jpg,1
test/06022.jpg,2
test/06023.jpg,7
test/06024.jpg,3
test/06025.jpg,7
test/06026.jpg,7
test/06027.jpg,4
test/06028.jpg,3
test/06029.jpg,3
test/06030.jpg,1
test/06031.jpg,2
test/06032.jpg,1
test/06033.jpg,1
test/06034.jpg,2
test/06035.jpg,0
test/06036.jpg,5
test/06037.jpg,0
test/06038.jpg,2
test/06039.jpg,6
test/06040.jpg,2
test/06041.jpg,2
test/06042.jpg,0
test/06043.jpg,1
test/06044.jpg,6
test/06045.jpg,0
test/06046.jpg,6
test/06047.jpg,5
test/06048.jpg,1
test/06049.jpg,2
test/06050.jpg,2
test/06051.jpg,0
test/06052.jpg,5
test/06053.jpg,3
test/06054.jpg,7
test/06055.jpg,2
test/06056.jpg,1
test/06057.jpg,1
test/06058.jpg,4
test/06059.jpg,1
test/06060.jpg,2
test/06061.jpg,0
test/06062.jpg,1
test/06063.jpg,1
test/06064.jpg,6
test/06065.jpg,3
test/06066.jpg,2
test/06067.jpg,1
test/06068.jpg,7
test/06069.jpg,0
test/06070.jpg,2
test/06071.jpg,3
test/06072.jpg,3
test/06073.jpg,0
test/06074.jpg,2
test/06075.jpg,2
test/06076.jpg,1
test/06077.jpg,0
test/06078.jpg,3
test/06079.jpg,3
test/06080.jpg,0
test/06081.jpg,1
test/06082.jpg,0
test/06083.jpg,1
test/06084.jpg,0
test/06085.jpg,0
test/06086.jpg,1
test/06087.jpg,1
test/06088.jpg,1
test/06089.jpg,0
test/06090.jpg,4
test/06091.jpg,1
test/06092.jpg,6
test/06093.jpg,2
test/06094.jpg,1
test/06095.jpg,7
test/06096.jpg,0
test/06097.jpg,6
test/06098.jpg,0
test/06099.jpg,3
test/06100.jpg,2
test/06101.jpg,3
test/06102.jpg,0
test/06103.jpg,1
test/06104.jpg,6
test/06105.jpg,7
test/06106.jpg,7
test/06107.jpg,2
test/06108.jpg,2
test/06109.jpg,3
test/06110.jpg,0
test/06111.jpg,0
test/06112.jpg,4
test/06113.jpg,5
test/06114.jpg,2
test/06115.jpg,1
test/06116.jpg,0
test/06117.jpg,4
test/06118.jpg,4
test/06119.jpg,1
test/06120.jpg,7
test/06121.jpg,0
test/06122.jpg,0
test/06123.jpg,7
test/06124.jpg,4
test/06125.jpg,0
test/06126.jpg,5
test/06127.jpg,7
test/06128.jpg,4
test/06129.jpg,1
test/06130.jpg,7
test/06131.jpg,0
test/06132.jpg,5
test/06133.jpg,1
test/06134.jpg,7
test/06135.jpg,2
test/06136.jpg,0
test/06137.jpg,7
test/06138.jpg,0
test/06139.jpg,0
test/06140.jpg,3
test/06141.jpg,0
test/06142.jpg,1
test/06143.jpg,1
test/06144.jpg,7
test/06145.jpg,3
test/06146.jpg,3
test/06147.jpg,2
test/06148.jpg,2
test/06149.jpg,1
test/06150.jpg,1
test/06151.jpg,1
test/06152.jpg,0
test/06153.jpg,6
test/06154.jpg,0
test/06155.jpg,1
test/06156.jpg,3
test/06157.jpg,1
test/06158.jpg,2
test/06159.jpg,1
test/06160.jpg,0
test/06161.jpg,2
test/06162.jpg,2
test/06163.jpg,0
test/06164.jpg,0
test/06165.jpg,1
test/06166.jpg,4
test/06167.jpg,0
test/06168.jpg,2
test/06169.jpg,0
test/06170.jpg,7
test/06171.jpg,4
test/06172.jpg,2
test/06173.jpg,2
test/06174.jpg,0
test/06175.jpg,5
test/06176.jpg,2
test/06177.jpg,3
test/06178.jpg,7
test/06179.jpg,3
test/06180.jpg,6
test/06181.jpg,2
test/06182.jpg,3
test/06183.jpg,3
test/06184.jpg,0
test/06185.jpg,0
test/06186.jpg,0
test/06187.jpg,3
test/06188.jpg,3
test/06189.jpg,0
test/06190.jpg,3
test/06191.jpg,0
test/06192.jpg,1
test/06193.jpg,2
test/06194.jpg,1
test/06195.jpg,2
test/06196.jpg,3
test/06197.jpg,2
test/06198.jpg,2
test/06199.jpg,1
test/06200.jpg,2
test/06201.jpg,0
test/06202.jpg,2
test/06203.jpg,4
test/06204.jpg,1
test/06205.jpg,0
test/06206.jpg,1
test/06207.jpg,5
test/06208.jpg,7
test/06209.jpg,4
test/06210.jpg,2
test/06211.jpg,0
test/06212.jpg,2
test/06213.jpg,2
test/06214.jpg,0
test/06215.jpg,0
test/06216.jpg,4
test/06217.jpg,0
test/06218.jpg,7
test/06219.jpg,5
test/06220.jpg,1
test/06221.jpg,1
test/06222.jpg,2
test/06223.jpg,0
test/06224.jpg,6
test/06225.jpg,0
test/06226.jpg,0
test/06227.jpg,7
test/06228.jpg,7
test/06229.jpg,1
test/06230.jpg,2
test/06231.jpg,6
test/06232.jpg,1
test/06233.jpg,7
test/06234.jpg,7
test/06235.jpg,3
test/06236.jpg,1
test/06237.jpg,3
test/06238.jpg,3
test/06239.jpg,1
test/06240.jpg,1
test/06241.jpg,3
test/06242.jpg,3
test/06243.jpg,4
test/06244.jpg,6
test/06245.jpg,1
test/06246.jpg,0
test/06247.jpg,1
test/06248.jpg,3
test/06249.jpg,6
test/06250.jpg,1
test/06251.jpg,3
test/06252.jpg,7
test/06253.jpg,7
test/06254.jpg,1
test/06255.jpg,6
test/06256.jpg,1
test/06257.jpg,0
test/06258.jpg,1
test/06259.jpg,0
test/06260.jpg,7
test/06261.jpg,1
test/06262.jpg,2
test/06263.jpg,2
test/06264.jpg,0
test/06265.jpg,2
test/06266.jpg,1
test/06267.jpg,4
test/06268.jpg,1
test/06269.jpg,1
test/06270.jpg,7
test/06271.jpg,6
test/06272.jpg,2
test/06273.jpg,1
test/06274.jpg,1
test/06275.jpg,6
test/06276.jpg,4
test/06277.jpg,2
test/06278.jpg,4
test/06279.jpg,1
test/06280.jpg,0
test/06281.jpg,0
test/06282.jpg,2
test/06283.jpg,1
test/06284.jpg,4
test/06285.jpg,1
test/06286.jpg,2
test/06287.jpg,6
test/06288.jpg,0
test/06289.jpg,1
test/06290.jpg,3
test/06291.jpg,3
test/06292.jpg,1
test/06293.jpg,3
test/06294.jpg,1
test/06295.jpg,3
test/06296.jpg,3
test/06297.jpg,6
test/06298.jpg,2
test/06299.jpg,2
test/06300.jpg,3
test/06301.jpg,1
test/06302.jpg,1
test/06303.jpg,7
test/06304.jpg,1
test/06305.jpg,7
test/06306.jpg,1
test/06307.jpg,1
test/06308.jpg,2
test/06309.jpg,1
test/06310.jpg,1
test/06311.jpg,3
test/06312.jpg,2
test/06313.jpg,1
test/06314.jpg,6
test/06315.jpg,2
test/06316.jpg,1
test/06317.jpg,0
test/06318.jpg,2
test/06319.jpg,1
test/06320.jpg,2
test/06321.jpg,2
test/06322.jpg,4
test/06323.jpg,1
test/06324.jpg,3
test/06325.jpg,7
test/06326.jpg,7
test/06327.jpg,2
test/06328.jpg,1
test/06329.jpg,4
test/06330.jpg,4
test/06331.jpg,7
test/06332.jpg,1
test/06333.jpg,7
test/06334.jpg,4
test/06335.jpg,1
test/06336.jpg,1
test/06337.jpg,5
test/06338.jpg,0
test/06339.jpg,3
test/06340.jpg,0
test/06341.jpg,1
test/06342.jpg,0
test/06343.jpg,1
test/06344.jpg,2
test/06345.jpg,2
test/06346.jpg,7
test/06347.jpg,3
test/06348.jpg,7
test/06349.jpg,2
test/06350.jpg,6
test/06351.jpg,2
test/06352.jpg,1
test/06353.jpg,0
test/06354.jpg,6
test/06355.jpg,1
test/06356.jpg,1
test/06357.jpg,2
test/06358.jpg,1
test/06359.jpg,1
test/06360.jpg,0
test/06361.jpg,4
test/06362.jpg,0
test/06363.jpg,1
test/06364.jpg,1
test/06365.jpg,6
test/06366.jpg,2
test/06367.jpg,4
test/06368.jpg,2
test/06369.jpg,1
test/06370.jpg,3
test/06371.jpg,0
test/06372.jpg,2
test/06373.jpg,4
test/06374.jpg,2
test/06375.jpg,7
test/06376.jpg,1
test/06377.jpg,1
test/06378.jpg,6
test/06379.jpg,2
test/06380.jpg,2
test/06381.jpg,1
test/06382.jpg,1
test/06383.jpg,1
test/06384.jpg,6
test/06385.jpg,6
test/06386.jpg,4
test/06387.jpg,2
test/06388.jpg,2
test/06389.jpg,7
test/06390.jpg,7
test/06391.jpg,6
test/06392.jpg,7
test/06393.jpg,0
test/06394.jpg,6
test/06395.jpg,0
test/06396.jpg,3
test/06397.jpg,3
test/06398.jpg,1
test/06399.jpg,0
test/06400.jpg,7
test/06401.jpg,2
test/06402.jpg,2
test/06403.jpg,3
test/06404.jpg,2
test/06405.jpg,7
test/06406.jpg,4
test/06407.jpg,1
test/06408.jpg,1
test/06409.jpg,1
test/06410.jpg,1
test/06411.jpg,7
test/06412.jpg,1
test/06413.jpg,0
test/06414.jpg,6
test/06415.jpg,4
test/06416.jpg,1
test/06417.jpg,5
test/06418.jpg,0
test/06419.jpg,7
test/06420.jpg,2
test/06421.jpg,1
test/06422.jpg,3
test/06423.jpg,1
test/06424.jpg,5
test/06425.jpg,7
test/06426.jpg,0
test/06427.jpg,2
test/06428.jpg,7
test/06429.jpg,2
test/06430.jpg,7
test/06431.jpg,7
test/06432.jpg,3
test/06433.jpg,0
test/06434.jpg,3
test/06435.jpg,1
test/06436.jpg,1
test/06437.jpg,1
test/06438.jpg,4
test/06439.jpg,3
test/06440.jpg,0
test/06441.jpg,1
test/06442.jpg,3
test/06443.jpg,4
test/06444.jpg,6
test/06445.jpg,4
test/06446.jpg,0
test/06447.jpg,0
test/06448.jpg,6
test/06449.jpg,3
test/06450.jpg,1
test/06451.jpg,2
test/06452.jpg,1
test/06453.jpg,3
test/06454.jpg,7
test/06455.jpg,1
test/06456.jpg,7
test/06457.jpg,7
test/06458.jpg,7
test/06459.jpg,1
test/06460.jpg,0
test/06461.jpg,5
test/06462.jpg,2
test/06463.jpg,2
test/06464.jpg,3
test/06465.jpg,0
test/06466.jpg,2
test/06467.jpg,1
test/06468.jpg,1
test/06469.jpg,1
test/06470.jpg,7
test/06471.jpg,1
test/06472.jpg,3
test/06473.jpg,1
test/06474.jpg,2
test/06475.jpg,0
test/06476.jpg,6
test/06477.jpg,1
test/06478.jpg,1
test/06479.jpg,3
test/06480.jpg,1
test/06481.jpg,2
test/06482.jpg,4
test/06483.jpg,2
test/06484.jpg,3
test/06485.jpg,1
test/06486.jpg,1
test/06487.jpg,0
test/06488.jpg,3
test/06489.jpg,1
test/06490.jpg,2
test/06491.jpg,1
test/06492.jpg,2
test/06493.jpg,6
test/06494.jpg,7
test/06495.jpg,0
test/06496.jpg,1
test/06497.jpg,0
test/06498.jpg,0
test/06499.jpg,1
test/06500.jpg,5
test/06501.jpg,2
test/06502.jpg,0
test/06503.jpg,2
test/06504.jpg,0
test/06505.jpg,6
test/06506.jpg,0
test/06507.jpg,0
test/06508.jpg,0
test/06509.jpg,0
test/06510.jpg,0
test/06511.jpg,1
test/06512.jpg,7
test/06513.jpg,7
test/06514.jpg,2
test/06515.jpg,1
test/06516.jpg,2
test/06517.jpg,0
test/06518.jpg,2
test/06519.jpg,1
test/06520.jpg,2
test/06521.jpg,1
test/06522.jpg,1
test/06523.jpg,2
test/06524.jpg,0
test/06525.jpg,6
test/06526.jpg,1
test/06527.jpg,6
test/06528.jpg,2
test/06529.jpg,0
test/06530.jpg,3
test/06531.jpg,0
test/06532.jpg,1
test/06533.jpg,7
test/06534.jpg,2
test/06535.jpg,4
test/06536.jpg,1
test/06537.jpg,1
test/06538.jpg,0
test/06539.jpg,1
test/06540.jpg,1
test/06541.jpg,2
test/06542.jpg,1
test/06543.jpg,1
test/06544.jpg,1
test/06545.jpg,3
test/06546.jpg,2
test/06547.jpg,1
test/06548.jpg,0
test/06549.jpg,7
test/06550.jpg,2
test/06551.jpg,7
test/06552.jpg,7
test/06553.jpg,5
test/06554.jpg,0
test/06555.jpg,1
test/06556.jpg,1
test/06557.jpg,1
test/06558.jpg,1
test/06559.jpg,1
test/06560.jpg,3
test/06561.jpg,1
test/06562.jpg,6
test/06563.jpg,7
test/06564.jpg,1
test/06565.jpg,0
test/06566.jpg,7
test/06567.jpg,1
test/06568.jpg,3
test/06569.jpg,3
test/06570.jpg,0
test/06571.jpg,2
test/06572.jpg,6
test/06573.jpg,0
test/06574.jpg,6
test/06575.jpg,2
test/06576.jpg,2
test/06577.jpg,1
test/06578.jpg,0
test/06579.jpg,7
test/06580.jpg,0
test/06581.jpg,6
test/06582.jpg,1
test/06583.jpg,1
test/06584.jpg,1
test/06585.jpg,1
test/06586.jpg,6
test/06587.jpg,5
test/06588.jpg,2
test/06589.jpg,1
test/06590.jpg,0
test/06591.jpg,2
test/06592.jpg,0
test/06593.jpg,0
test/06594.jpg,5
test/06595.jpg,1
test/06596.jpg,4
test/06597.jpg,2
test/06598.jpg,0
test/06599.jpg,4
test/06600.jpg,0
test/06601.jpg,1
test/06602.jpg,1
test/06603.jpg,1
test/06604.jpg,5
test/06605.jpg,3
test/06606.jpg,2
test/06607.jpg,3
test/06608.jpg,6
test/06609.jpg,1
test/06610.jpg,5
test/06611.jpg,1
test/06612.jpg,1
test/06613.jpg,4
test/06614.jpg,4
test/06615.jpg,3
test/06616.jpg,3
test/06617.jpg,2
test/06618.jpg,4
test/06619.jpg,1
test/06620.jpg,1
test/06621.jpg,5
test/06622.jpg,2
test/06623.jpg,1
test/06624.jpg,0
test/06625.jpg,6
test/06626.jpg,0
test/06627.jpg,2
test/06628.jpg,0
test/06629.jpg,1
test/06630.jpg,7
test/06631.jpg,3
test/06632.jpg,7
test/06633.jpg,2
test/06634.jpg,2
test/06635.jpg,1
test/06636.jpg,2
test/06637.jpg,0
test/06638.jpg,1
test/06639.jpg,2
test/06640.jpg,7
test/06641.jpg,3
test/06642.jpg,3
test/06643.jpg,1
test/06644.jpg,1
test/06645.jpg,3
test/06646.jpg,2
test/06647.jpg,3
test/06648.jpg,7
test/06649.jpg,0
test/06650.jpg,7
test/06651.jpg,0
test/06652.jpg,4
test/06653.jpg,0
test/06654.jpg,1
test/06655.jpg,3
test/06656.jpg,0
test/06657.jpg,1
test/06658.jpg,1
test/06659.jpg,2
test/06660.jpg,2
test/06661.jpg,3
test/06662.jpg,2
test/06663.jpg,1
test/06664.jpg,1
test/06665.jpg,7
test/06666.jpg,0
test/06667.jpg,1
test/06668.jpg,2
test/06669.jpg,7
test/06670.jpg,1
test/06671.jpg,1
test/06672.jpg,7
test/06673.jpg,6
test/06674.jpg,0
test/06675.jpg,6
test/06676.jpg,5
test/06677.jpg,7
test/06678.jpg,1
test/06679.jpg,2
test/06680.jpg,3
test/06681.jpg,1
test/06682.jpg,7
test/06683.jpg,1
test/06684.jpg,0
test/06685.jpg,1
test/06686.jpg,6
test/06687.jpg,3
test/06688.jpg,7
test/06689.jpg,1
test/06690.jpg,3
test/06691.jpg,7
test/06692.jpg,2
test/06693.jpg,2
test/06694.jpg,4
test/06695.jpg,1
test/06696.jpg,0
test/06697.jpg,3
test/06698.jpg,1
test/06699.jpg,2
test/06700.jpg,7
test/06701.jpg,2
test/06702.jpg,0
test/06703.jpg,1
test/06704.jpg,3
test/06705.jpg,0
test/06706.jpg,0
test/06707.jpg,2
test/06708.jpg,0
test/06709.jpg,1
test/06710.jpg,3
test/06711.jpg,1
test/06712.jpg,6
test/06713.jpg,1
test/06714.jpg,7
test/06715.jpg,7
test/06716.jpg,7
test/06717.jpg,2
test/06718.jpg,6
test/06719.jpg,1
test/06720.jpg,1
test/06721.jpg,7
test/06722.jpg,3
test/06723.jpg,1
test/06724.jpg,2
test/06725.jpg,1
test/06726.jpg,1
test/06727.jpg,3
test/06728.jpg,0
test/06729.jpg,2
test/06730.jpg,2
test/06731.jpg,4
test/06732.jpg,1
test/06733.jpg,7
test/06734.jpg,4
test/06735.jpg,3
test/06736.jpg,3
test/06737.jpg,3
test/06738.jpg,0
test/06739.jpg,0
test/06740.jpg,6
test/06741.jpg,0
test/06742.jpg,7
test/06743.jpg,3
test/06744.jpg,6
test/06745.jpg,0
test/06746.jpg,2
test/06747.jpg,0
test/06748.jpg,3
test/06749.jpg,2
test/06750.jpg,2
test/06751.jpg,3
test/06752.jpg,2
test/06753.jpg,2
test/06754.jpg,7
test/06755.jpg,0
test/06756.jpg,1
test/06757.jpg,5
test/06758.jpg,5
test/06759.jpg,3
test/06760.jpg,1
test/06761.jpg,0
test/06762.jpg,1
test/06763.jpg,5
test/06764.jpg,1
test/06765.jpg,6
test/06766.jpg,1
test/06767.jpg,1
test/06768.jpg,2
test/06769.jpg,7
test/06770.jpg,1
test/06771.jpg,7
test/06772.jpg,2
test/06773.jpg,4
test/06774.jpg,0
test/06775.jpg,6
test/06776.jpg,0
test/06777.jpg,2
test/06778.jpg,0
test/06779.jpg,2
test/06780.jpg,7
test/06781.jpg,2
test/06782.jpg,0
test/06783.jpg,3
test/06784.jpg,7
test/06785.jpg,3
test/06786.jpg,2
test/06787.jpg,2
test/06788.jpg,1
test/06789.jpg,1
test/06790.jpg,4
test/06791.jpg,2
test/06792.jpg,2
test/06793.jpg,6
test/06794.jpg,3
test/06795.jpg,0
test/06796.jpg,2
test/06797.jpg,3
test/06798.jpg,3
test/06799.jpg,2
test/06800.jpg,1
test/06801.jpg,7
test/06802.jpg,1
test/06803.jpg,1
test/06804.jpg,1
test/06805.jpg,1
test/06806.jpg,1
test/06807.jpg,4
test/06808.jpg,2
test/06809.jpg,2
test/06810.jpg,1
test/06811.jpg,1
test/06812.jpg,1
test/06813.jpg,6
test/06814.jpg,0
test/06815.jpg,3
test/06816.jpg,1
test/06817.jpg,1
test/06818.jpg,0
test/06819.jpg,2
test/06820.jpg,3
test/06821.jpg,6
test/06822.jpg,2
test/06823.jpg,3
test/06824.jpg,3
test/06825.jpg,1
test/06826.jpg,7
test/06827.jpg,1
test/06828.jpg,6
test/06829.jpg,6
test/06830.jpg,1
test/06831.jpg,0
test/06832.jpg,2
test/06833.jpg,4
test/06834.jpg,0
test/06835.jpg,1
test/06836.jpg,7
test/06837.jpg,1
test/06838.jpg,3
test/06839.jpg,0
test/06840.jpg,4
test/06841.jpg,4
test/06842.jpg,2
test/06843.jpg,0
test/06844.jpg,5
test/06845.jpg,1
test/06846.jpg,3
test/06847.jpg,3
test/06848.jpg,3
test/06849.jpg,6
test/06850.jpg,2
test/06851.jpg,5
test/06852.jpg,2
test/06853.jpg,7
test/06854.jpg,0
test/06855.jpg,1
test/06856.jpg,3
test/06857.jpg,5
test/06858.jpg,2
test/06859.jpg,2
test/06860.jpg,2
test/06861.jpg,0
test/06862.jpg,0
test/06863.jpg,1
test/06864.jpg,1
test/06865.jpg,1
test/06866.jpg,1
test/06867.jpg,7
test/06868.jpg,3
test/06869.jpg,0
test/06870.jpg,6
test/06871.jpg,1
test/06872.jpg,3
test/06873.jpg,5
test/06874.jpg,2
test/06875.jpg,4
test/06876.jpg,4
test/06877.jpg,7
test/06878.jpg,3
test/06879.jpg,3
test/06880.jpg,1
test/06881.jpg,1
test/06882.jpg,3
test/06883.jpg,4
test/06884.jpg,0
test/06885.jpg,4
test/06886.jpg,3
test/06887.jpg,1
test/06888.jpg,1
test/06889.jpg,0
test/06890.jpg,1
test/06891.jpg,2
test/06892.jpg,4
test/06893.jpg,3
test/06894.jpg,4
test/06895.jpg,7
test/06896.jpg,0
test/06897.jpg,3
test/06898.jpg,0
test/06899.jpg,2
test/06900.jpg,3
test/06901.jpg,5
test/06902.jpg,1
test/06903.jpg,5
test/06904.jpg,0
test/06905.jpg,2
test/06906.jpg,6
test/06907.jpg,1
test/06908.jpg,6
test/06909.jpg,1
test/06910.jpg,4
test/06911.jpg,1
test/06912.jpg,1
test/06913.jpg,3
test/06914.jpg,2
test/06915.jpg,4
test/06916.jpg,2
test/06917.jpg,1
test/06918.jpg,0
test/06919.jpg,2
test/06920.jpg,1
test/06921.jpg,1
test/06922.jpg,1
test/06923.jpg,0
test/06924.jpg,3
test/06925.jpg,1
test/06926.jpg,0
test/06927.jpg,0
test/06928.jpg,2
test/06929.jpg,6
test/06930.jpg,2
test/06931.jpg,4
test/06932.jpg,0
test/06933.jpg,6
test/06934.jpg,7
test/06935.jpg,2
test/06936.jpg,0
test/06937.jpg,0
test/06938.jpg,1
test/06939.jpg,3
test/06940.jpg,1
test/06941.jpg,2
test/06942.jpg,0
test/06943.jpg,0
test/06944.jpg,0
test/06945.jpg,2
test/06946.jpg,0
test/06947.jpg,1
test/06948.jpg,1
test/06949.jpg,4
test/06950.jpg,1
test/06951.jpg,7
test/06952.jpg,3
test/06953.jpg,1
test/06954.jpg,0
test/06955.jpg,6
test/06956.jpg,3
test/06957.jpg,5
test/06958.jpg,3
test/06959.jpg,0
test/06960.jpg,4
test/06961.jpg,2
test/06962.jpg,4
test/06963.jpg,1
test/06964.jpg,1
test/06965.jpg,1
test/06966.jpg,2
test/06967.jpg,1
test/06968.jpg,2
test/06969.jpg,0
test/06970.jpg,1
test/06971.jpg,1
test/06972.jpg,1
test/06973.jpg,6
test/06974.jpg,2
test/06975.jpg,0
test/06976.jpg,2
test/06977.jpg,7
test/06978.jpg,2
test/06979.jpg,1
test/06980.jpg,3
test/06981.jpg,0
test/06982.jpg,7
test/06983.jpg,5
test/06984.jpg,2
test/06985.jpg,1
test/06986.jpg,0
test/06987.jpg,6
test/06988.jpg,7
test/06989.jpg,1
test/06990.jpg,1
test/06991.jpg,1
test/06992.jpg,0
test/06993.jpg,1
test/06994.jpg,1
test/06995.jpg,0
test/06996.jpg,3
test/06997.jpg,2
test/06998.jpg,0
test/06999.jpg,6
test/07000.jpg,3
test/07001.jpg,7
test/07002.jpg,0
test/07003.jpg,1
test/07004.jpg,7
test/07005.jpg,7
test/07006.jpg,1
test/07007.jpg,0
test/07008.jpg,1
test/07009.jpg,0
test/07010.jpg,3
test/07011.jpg,1
test/07012.jpg,6
test/07013.jpg,2
test/07014.jpg,1
test/07015.jpg,1
test/07016.jpg,2
test/07017.jpg,1
test/07018.jpg,2
test/07019.jpg,6
test/07020.jpg,1
test/07021.jpg,0
test/07022.jpg,1
test/07023.jpg,1
test/07024.jpg,1
test/07025.jpg,3
test/07026.jpg,6
test/07027.jpg,7
test/07028.jpg,4
test/07029.jpg,2
test/07030.jpg,2
test/07031.jpg,1
test/07032.jpg,7
test/07033.jpg,0
test/07034.jpg,7
test/07035.jpg,2
test/07036.jpg,3
test/07037.jpg,3
test/07038.jpg,0
test/07039.jpg,3
test/07040.jpg,7
test/07041.jpg,1
test/07042.jpg,1
test/07043.jpg,1
test/07044.jpg,6
test/07045.jpg,7
test/07046.jpg,3
test/07047.jpg,3
test/07048.jpg,1
test/07049.jpg,1
test/07050.jpg,7
test/07051.jpg,1
test/07052.jpg,0
test/07053.jpg,7
test/07054.jpg,3
test/07055.jpg,3
test/07056.jpg,1
test/07057.jpg,1
test/07058.jpg,3
test/07059.jpg,1
test/07060.jpg,0
test/07061.jpg,2
test/07062.jpg,1
test/07063.jpg,3
test/07064.jpg,2
test/07065.jpg,5
test/07066.jpg,4
test/07067.jpg,4
test/07068.jpg,6
test/07069.jpg,0
test/07070.jpg,2
test/07071.jpg,1
test/07072.jpg,0
test/07073.jpg,1
test/07074.jpg,1
test/07075.jpg,0
test/07076.jpg,1
test/07077.jpg,0
test/07078.jpg,0
test/07079.jpg,0
test/07080.jpg,0
test/07081.jpg,7
test/07082.jpg,0
test/07083.jpg,0
test/07084.jpg,3
test/07085.jpg,0
test/07086.jpg,1
test/07087.jpg,2
test/07088.jpg,7
test/07089.jpg,1
test/07090.jpg,0
test/07091.jpg,1
test/07092.jpg,3
test/07093.jpg,0
test/07094.jpg,2
test/07095.jpg,4
test/07096.jpg,3
test/07097.jpg,4
test/07098.jpg,0
test/07099.jpg,6
test/07100.jpg,5
test/07101.jpg,3
test/07102.jpg,2
test/07103.jpg,0
test/07104.jpg,1
test/07105.jpg,1
test/07106.jpg,2
test/07107.jpg,2
test/07108.jpg,2
test/07109.jpg,2
test/07110.jpg,6
test/07111.jpg,4
test/07112.jpg,3
test/07113.jpg,6
test/07114.jpg,2
test/07115.jpg,2
test/07116.jpg,1
test/07117.jpg,6
test/07118.jpg,0
test/07119.jpg,7
test/07120.jpg,3
test/07121.jpg,4
test/07122.jpg,1
test/07123.jpg,7
test/07124.jpg,6
test/07125.jpg,3
test/07126.jpg,1
test/07127.jpg,2
test/07128.jpg,2
test/07129.jpg,2
test/07130.jpg,2
test/07131.jpg,0
test/07132.jpg,0
test/07133.jpg,4
test/07134.jpg,6
test/07135.jpg,7
test/07136.jpg,1
test/07137.jpg,1
test/07138.jpg,1
test/07139.jpg,2
test/07140.jpg,7
test/07141.jpg,6
test/07142.jpg,2
test/07143.jpg,0
test/07144.jpg,2
test/07145.jpg,7
test/07146.jpg,1
test/07147.jpg,4
test/07148.jpg,6
test/07149.jpg,2
test/07150.jpg,2
test/07151.jpg,4
test/07152.jpg,0
test/07153.jpg,0
test/07154.jpg,7
test/07155.jpg,7
test/07156.jpg,3
test/07157.jpg,0
test/07158.jpg,3
test/07159.jpg,2
test/07160.jpg,1
test/07161.jpg,1
test/07162.jpg,6
test/07163.jpg,7
test/07164.jpg,7
test/07165.jpg,2
test/07166.jpg,4
test/07167.jpg,3
test/07168.jpg,1
test/07169.jpg,7
test/07170.jpg,0
test/07171.jpg,1
test/07172.jpg,0
test/07173.jpg,3
test/07174.jpg,1
test/07175.jpg,7
test/07176.jpg,7
test/07177.jpg,6
test/07178.jpg,1
test/07179.jpg,1
test/07180.jpg,0
test/07181.jpg,2
test/07182.jpg,7
test/07183.jpg,7
test/07184.jpg,0
test/07185.jpg,2
test/07186.jpg,3
test/07187.jpg,1
test/07188.jpg,1
test/07189.jpg,1
test/07190.jpg,6
test/07191.jpg,1
test/07192.jpg,2
test/07193.jpg,7
test/07194.jpg,0
test/07195.jpg,1
test/07196.jpg,5
test/07197.jpg,0
test/07198.jpg,0
test/07199.jpg,0
test/07200.jpg,2
test/07201.jpg,1
test/07202.jpg,0
test/07203.jpg,3
test/07204.jpg,1
test/07205.jpg,0
test/07206.jpg,0
test/07207.jpg,1
test/07208.jpg,7
test/07209.jpg,1
test/07210.jpg,1
test/07211.jpg,1
test/07212.jpg,6
test/07213.jpg,2
test/07214.jpg,1
test/07215.jpg,7
test/07216.jpg,2
test/07217.jpg,1
test/07218.jpg,2
test/07219.jpg,0
test/07220.jpg,0
test/07221.jpg,4
test/07222.jpg,1
test/07223.jpg,1
test/07224.jpg,1
test/07225.jpg,1
test/07226.jpg,4
test/07227.jpg,5
test/07228.jpg,0
test/07229.jpg,0
test/07230.jpg,2
test/07231.jpg,7
test/07232.jpg,4
test/07233.jpg,1
test/07234.jpg,0
test/07235.jpg,2
test/07236.jpg,3
test/07237.jpg,0
test/07238.jpg,2
test/07239.jpg,0
test/07240.jpg,0
test/07241.jpg,0
test/07242.jpg,2
test/07243.jpg,0
test/07244.jpg,3
test/07245.jpg,2
test/07246.jpg,3
test/07247.jpg,7
test/07248.jpg,1
test/07249.jpg,7
test/07250.jpg,2
test/07251.jpg,4
test/07252.jpg,1
test/07253.jpg,2
test/07254.jpg,0
test/07255.jpg,1
test/07256.jpg,0
test/07257.jpg,5
test/07258.jpg,0
test/07259.jpg,1
test/07260.jpg,3
test/07261.jpg,3
test/07262.jpg,1
test/07263.jpg,4
test/07264.jpg,1
test/07265.jpg,3
test/07266.jpg,0
test/07267.jpg,6
test/07268.jpg,3
test/07269.jpg,3
test/07270.jpg,4
test/07271.jpg,2
test/07272.jpg,3
test/07273.jpg,2
test/07274.jpg,1
test/07275.jpg,2
test/07276.jpg,3
test/07277.jpg,4
test/07278.jpg,1
test/07279.jpg,7
test/07280.jpg,0
test/07281.jpg,0
test/07282.jpg,5
test/07283.jpg,3
test/07284.jpg,1
test/07285.jpg,2
test/07286.jpg,0
test/07287.jpg,7
test/07288.jpg,2
test/07289.jpg,3
test/07290.jpg,1
test/07291.jpg,1
test/07292.jpg,0
test/07293.jpg,0
test/07294.jpg,0
test/07295.jpg,1
test/07296.jpg,6
test/07297.jpg,0
test/07298.jpg,6
test/07299.jpg,0
test/07300.jpg,1
test/07301.jpg,1
test/07302.jpg,7
test/07303.jpg,0
test/07304.jpg,7
test/07305.jpg,1
test/07306.jpg,1
test/07307.jpg,3
test/07308.jpg,6
test/07309.jpg,5
test/07310.jpg,3
test/07311.jpg,4
test/07312.jpg,1
test/07313.jpg,5
test/07314.jpg,7
test/07315.jpg,7
test/07316.jpg,1
test/07317.jpg,1
test/07318.jpg,2
test/07319.jpg,2
test/07320.jpg,3
test/07321.jpg,7
test/07322.jpg,7
test/07323.jpg,1
test/07324.jpg,5
test/07325.jpg,6
test/07326.jpg,0
test/07327.jpg,0
test/07328.jpg,1
test/07329.jpg,1
test/07330.jpg,1
test/07331.jpg,3
test/07332.jpg,6
test/07333.jpg,1
test/07334.jpg,2
test/07335.jpg,6
test/07336.jpg,0
test/07337.jpg,3
test/07338.jpg,7
test/07339.jpg,3
test/07340.jpg,7
test/07341.jpg,7
test/07342.jpg,3
test/07343.jpg,0
test/07344.jpg,2
test/07345.jpg,0
test/07346.jpg,3
test/07347.jpg,1
test/07348.jpg,1
test/07349.jpg,6
test/07350.jpg,1
test/07351.jpg,5
test/07352.jpg,1
test/07353.jpg,1
test/07354.jpg,4
test/07355.jpg,0
test/07356.jpg,2
test/07357.jpg,7
test/07358.jpg,2
test/07359.jpg,4
test/07360.jpg,1
test/07361.jpg,4
test/07362.jpg,1
test/07363.jpg,4
test/07364.jpg,2
test/07365.jpg,5
test/07366.jpg,3
test/07367.jpg,7
test/07368.jpg,1
test/07369.jpg,1
test/07370.jpg,1
test/07371.jpg,1
test/07372.jpg,3
test/07373.jpg,0
test/07374.jpg,0
test/07375.jpg,7
test/07376.jpg,6
test/07377.jpg,1
test/07378.jpg,1
test/07379.jpg,3
test/07380.jpg,2
test/07381.jpg,1
test/07382.jpg,1
test/07383.jpg,0
test/07384.jpg,3
test/07385.jpg,2
test/07386.jpg,2
test/07387.jpg,3
test/07388.jpg,0
test/07389.jpg,5
test/07390.jpg,0
test/07391.jpg,2
test/07392.jpg,6
test/07393.jpg,0
test/07394.jpg,4
test/07395.jpg,2
test/07396.jpg,7
test/07397.jpg,3
test/07398.jpg,3
test/07399.jpg,3
test/07400.jpg,2
test/07401.jpg,0
test/07402.jpg,3
test/07403.jpg,2
test/07404.jpg,7
test/07405.jpg,3
test/07406.jpg,0
test/07407.jpg,2
test/07408.jpg,4
test/07409.jpg,2
test/07410.jpg,0
test/07411.jpg,0
test/07412.jpg,1
test/07413.jpg,1
test/07414.jpg,1
test/07415.jpg,1
test/07416.jpg,2
test/07417.jpg,5
test/07418.jpg,3
test/07419.jpg,5
test/07420.jpg,3
test/07421.jpg,2
test/07422.jpg,7
test/07423.jpg,2
test/07424.jpg,7
test/07425.jpg,2
test/07426.jpg,2
test/07427.jpg,6
test/07428.jpg,5
test/07429.jpg,0
test/07430.jpg,1
test/07431.jpg,3
test/07432.jpg,4
test/07433.jpg,0
test/07434.jpg,1
test/07435.jpg,0
test/07436.jpg,2
test/07437.jpg,2
test/07438.jpg,7
test/07439.jpg,1
test/07440.jpg,2
test/07441.jpg,3
test/07442.jpg,3
test/07443.jpg,3
test/07444.jpg,0
test/07445.jpg,1
test/07446.jpg,2
test/07447.jpg,7
test/07448.jpg,1
test/07449.jpg,1
test/07450.jpg,2
test/07451.jpg,0
test/07452.jpg,4
test/07453.jpg,0
test/07454.jpg,0
test/07455.jpg,1
test/07456.jpg,1
test/07457.jpg,7
test/07458.jpg,0
test/07459.jpg,0
test/07460.jpg,7
test/07461.jpg,0
test/07462.jpg,3
test/07463.jpg,1
test/07464.jpg,1
test/07465.jpg,4
test/07466.jpg,1
test/07467.jpg,3
test/07468.jpg,2
test/07469.jpg,7
test/07470.jpg,6
test/07471.jpg,0
test/07472.jpg,2
test/07473.jpg,3
test/07474.jpg,0
test/07475.jpg,4
test/07476.jpg,6
test/07477.jpg,7
test/07478.jpg,2
test/07479.jpg,1
test/07480.jpg,2
test/07481.jpg,1
test/07482.jpg,5
test/07483.jpg,5
test/07484.jpg,1
test/07485.jpg,6
test/07486.jpg,0
test/07487.jpg,3
test/07488.jpg,0
test/07489.jpg,4
test/07490.jpg,0
test/07491.jpg,1
test/07492.jpg,3
test/07493.jpg,1
test/07494.jpg,4
test/07495.jpg,3
test/07496.jpg,1
test/07497.jpg,1
test/07498.jpg,1
test/07499.jpg,1
test/07500.jpg,2
test/07501.jpg,5
test/07502.jpg,2
test/07503.jpg,2
test/07504.jpg,2
test/07505.jpg,4
test/07506.jpg,1
test/07507.jpg,2
test/07508.jpg,0
test/07509.jpg,5
test/07510.jpg,3
test/07511.jpg,1
test/07512.jpg,0
test/07513.jpg,1
test/07514.jpg,1
test/07515.jpg,1
test/07516.jpg,2
test/07517.jpg,3
test/07518.jpg,2
test/07519.jpg,3
test/07520.jpg,0
test/07521.jpg,7
test/07522.jpg,2
test/07523.jpg,4
test/07524.jpg,3
test/07525.jpg,1
test/07526.jpg,1
test/07527.jpg,1
test/07528.jpg,6
test/07529.jpg,0
test/07530.jpg,0
test/07531.jpg,0
test/07532.jpg,0
test/07533.jpg,7
test/07534.jpg,1
test/07535.jpg,0
test/07536.jpg,7
test/07537.jpg,0
test/07538.jpg,6
test/07539.jpg,3
test/07540.jpg,5
test/07541.jpg,3
test/07542.jpg,2
test/07543.jpg,4
test/07544.jpg,2
test/07545.jpg,7
test/07546.jpg,4
test/07547.jpg,0
test/07548.jpg,0
test/07549.jpg,2
test/07550.jpg,6
test/07551.jpg,1
test/07552.jpg,1
test/07553.jpg,3
test/07554.jpg,2
test/07555.jpg,0
test/07556.jpg,7
test/07557.jpg,1
test/07558.jpg,4
test/07559.jpg,1
test/07560.jpg,1
test/07561.jpg,3
test/07562.jpg,0
test/07563.jpg,6
test/07564.jpg,1
test/07565.jpg,1
test/07566.jpg,1
test/07567.jpg,2
test/07568.jpg,1
test/07569.jpg,0
test/07570.jpg,2
test/07571.jpg,3
test/07572.jpg,4
test/07573.jpg,1
test/07574.jpg,0
test/07575.jpg,2
test/07576.jpg,2
test/07577.jpg,6
test/07578.jpg,1
test/07579.jpg,2
test/07580.jpg,1
test/07581.jpg,3
test/07582.jpg,1
test/07583.jpg,2
test/07584.jpg,1
test/07585.jpg,1
test/07586.jpg,6
test/07587.jpg,2
test/07588.jpg,5
test/07589.jpg,4
test/07590.jpg,4
test/07591.jpg,7
test/07592.jpg,3
test/07593.jpg,7
test/07594.jpg,3
test/07595.jpg,3
test/07596.jpg,3
test/07597.jpg,2
test/07598.jpg,7
test/07599.jpg,3
test/07600.jpg,1
test/07601.jpg,4
test/07602.jpg,0
test/07603.jpg,4
test/07604.jpg,7
test/07605.jpg,0
test/07606.jpg,5
test/07607.jpg,0
test/07608.jpg,0
test/07609.jpg,0
test/07610.jpg,1
test/07611.jpg,5
test/07612.jpg,2
test/07613.jpg,1
test/07614.jpg,1
test/07615.jpg,2
test/07616.jpg,6
test/07617.jpg,3
test/07618.jpg,0
test/07619.jpg,6
test/07620.jpg,3
test/07621.jpg,7
test/07622.jpg,3
test/07623.jpg,1
test/07624.jpg,0
test/07625.jpg,7
test/07626.jpg,2
test/07627.jpg,7
test/07628.jpg,2
test/07629.jpg,1
test/07630.jpg,3
test/07631.jpg,2
test/07632.jpg,1
test/07633.jpg,1
test/07634.jpg,1
test/07635.jpg,6
test/07636.jpg,1
test/07637.jpg,1
test/07638.jpg,0
test/07639.jpg,6
test/07640.jpg,1
test/07641.jpg,7
test/07642.jpg,0
test/07643.jpg,0
test/07644.jpg,3
test/07645.jpg,2
test/07646.jpg,1
test/07647.jpg,0
test/07648.jpg,1
test/07649.jpg,2
test/07650.jpg,1
test/07651.jpg,1
test/07652.jpg,7
test/07653.jpg,5
test/07654.jpg,0
test/07655.jpg,1
test/07656.jpg,3
test/07657.jpg,3
test/07658.jpg,0
test/07659.jpg,0
test/07660.jpg,1
test/07661.jpg,7
test/07662.jpg,4
test/07663.jpg,6
test/07664.jpg,0
test/07665.jpg,7
test/07666.jpg,0
test/07667.jpg,3
test/07668.jpg,3
test/07669.jpg,2
test/07670.jpg,7
test/07671.jpg,0
test/07672.jpg,7
test/07673.jpg,6
test/07674.jpg,3
test/07675.jpg,6
test/07676.jpg,1
test/07677.jpg,3
test/07678.jpg,5
test/07679.jpg,0
test/07680.jpg,0
test/07681.jpg,1
test/07682.jpg,2
test/07683.jpg,2
test/07684.jpg,0
test/07685.jpg,7
test/07686.jpg,4
test/07687.jpg,0
test/07688.jpg,5
test/07689.jpg,2
test/07690.jpg,1
test/07691.jpg,4
test/07692.jpg,6
test/07693.jpg,2
test/07694.jpg,0
test/07695.jpg,0
test/07696.jpg,0
test/07697.jpg,4
test/07698.jpg,0
test/07699.jpg,6
test/07700.jpg,1
test/07701.jpg,0
test/07702.jpg,7
test/07703.jpg,6
test/07704.jpg,0
test/07705.jpg,1
test/07706.jpg,6
test/07707.jpg,7
test/07708.jpg,1
test/07709.jpg,2
test/07710.jpg,1
test/07711.jpg,0
test/07712.jpg,7
test/07713.jpg,6
test/07714.jpg,5
test/07715.jpg,3
test/07716.jpg,1
test/07717.jpg,3
test/07718.jpg,3
test/07719.jpg,0
test/07720.jpg,2
test/07721.jpg,1
test/07722.jpg,0
test/07723.jpg,1
test/07724.jpg,3
test/07725.jpg,1
test/07726.jpg,6
test/07727.jpg,6
test/07728.jpg,1
test/07729.jpg,4
test/07730.jpg,0
test/07731.jpg,2
test/07732.jpg,0
test/07733.jpg,7
test/07734.jpg,5
test/07735.jpg,3
test/07736.jpg,7
test/07737.jpg,6
test/07738.jpg,2
test/07739.jpg,1
test/07740.jpg,0
test/07741.jpg,1
test/07742.jpg,3
test/07743.jpg,0
test/07744.jpg,2
test/07745.jpg,4
test/07746.jpg,4
test/07747.jpg,3
test/07748.jpg,1
test/07749.jpg,2
test/07750.jpg,1
test/07751.jpg,7
test/07752.jpg,7
test/07753.jpg,1
test/07754.jpg,0
test/07755.jpg,0
test/07756.jpg,2
test/07757.jpg,0
test/07758.jpg,1
test/07759.jpg,4
test/07760.jpg,1
test/07761.jpg,3
test/07762.jpg,1
test/07763.jpg,1
test/07764.jpg,2
test/07765.jpg,2
test/07766.jpg,7
test/07767.jpg,0
test/07768.jpg,3
test/07769.jpg,3
test/07770.jpg,0
test/07771.jpg,1
test/07772.jpg,1
test/07773.jpg,1
test/07774.jpg,7
test/07775.jpg,7
test/07776.jpg,1
test/07777.jpg,6
test/07778.jpg,1
test/07779.jpg,1
test/07780.jpg,4
test/07781.jpg,3
test/07782.jpg,3
test/07783.jpg,7
test/07784.jpg,2
test/07785.jpg,0
test/07786.jpg,5
test/07787.jpg,1
test/07788.jpg,7
test/07789.jpg,1
test/07790.jpg,0
test/07791.jpg,5
test/07792.jpg,3
test/07793.jpg,6
test/07794.jpg,0
test/07795.jpg,0
test/07796.jpg,2
test/07797.jpg,7
test/07798.jpg,0
test/07799.jpg,4
test/07800.jpg,3
test/07801.jpg,4
test/07802.jpg,0
test/07803.jpg,2
test/07804.jpg,2
test/07805.jpg,7
test/07806.jpg,6
test/07807.jpg,3
test/07808.jpg,2
test/07809.jpg,1
test/07810.jpg,5
test/07811.jpg,1
test/07812.jpg,3
test/07813.jpg,7
test/07814.jpg,3
test/07815.jpg,2
test/07816.jpg,1
test/07817.jpg,1
test/07818.jpg,6
test/07819.jpg,0
test/07820.jpg,0
test/07821.jpg,1
test/07822.jpg,4
test/07823.jpg,5
test/07824.jpg,0
test/07825.jpg,1
test/07826.jpg,4
test/07827.jpg,4
test/07828.jpg,1
test/07829.jpg,1
test/07830.jpg,2
test/07831.jpg,2
test/07832.jpg,0
test/07833.jpg,4
test/07834.jpg,1
test/07835.jpg,3
test/07836.jpg,2
test/07837.jpg,4
test/07838.jpg,0
test/07839.jpg,5
test/07840.jpg,1
test/07841.jpg,1
test/07842.jpg,2
test/07843.jpg,1
test/07844.jpg,0
test/07845.jpg,0
test/07846.jpg,1
test/07847.jpg,3
test/07848.jpg,1
test/07849.jpg,7
test/07850.jpg,0
test/07851.jpg,2
test/07852.jpg,3
test/07853.jpg,3
test/07854.jpg,7
test/07855.jpg,3
test/07856.jpg,4
test/07857.jpg,0
test/07858.jpg,4
test/07859.jpg,1
test/07860.jpg,1
test/07861.jpg,7
test/07862.jpg,1
test/07863.jpg,1
test/07864.jpg,7
test/07865.jpg,2
test/07866.jpg,1
test/07867.jpg,0
test/07868.jpg,2
test/07869.jpg,2
test/07870.jpg,2
test/07871.jpg,7
test/07872.jpg,0
test/07873.jpg,2
test/07874.jpg,3
test/07875.jpg,1
test/07876.jpg,1
test/07877.jpg,1
test/07878.jpg,0
test/07879.jpg,0
test/07880.jpg,1
test/07881.jpg,1
test/07882.jpg,7
test/07883.jpg,4
test/07884.jpg,2
test/07885.jpg,0
test/07886.jpg,2
test/07887.jpg,0
test/07888.jpg,1
test/07889.jpg,2
test/07890.jpg,2
test/07891.jpg,1
test/07892.jpg,4
test/07893.jpg,0
test/07894.jpg,6
test/07895.jpg,3
test/07896.jpg,3
test/07897.jpg,7
test/07898.jpg,6
test/07899.jpg,0
test/07900.jpg,2
test/07901.jpg,2
test/07902.jpg,1
test/07903.jpg,3
test/07904.jpg,2
test/07905.jpg,1
test/07906.jpg,0
test/07907.jpg,2
test/07908.jpg,1
test/07909.jpg,0
test/07910.jpg,0
test/07911.jpg,1
test/07912.jpg,1
test/07913.jpg,1
test/07914.jpg,2
test/07915.jpg,1
test/07916.jpg,1
test/07917.jpg,0
test/07918.jpg,1
test/07919.jpg,1
test/07920.jpg,3
test/07921.jpg,4
test/07922.jpg,6
test/07923.jpg,1
test/07924.jpg,7
test/07925.jpg,2
test/07926.jpg,0
test/07927.jpg,7
test/07928.jpg,0
test/07929.jpg,1
test/07930.jpg,7
test/07931.jpg,0
test/07932.jpg,4
test/07933.jpg,3
test/07934.jpg,0
test/07935.jpg,0
test/07936.jpg,1
test/07937.jpg,1
test/07938.jpg,0
test/07939.jpg,4
test/07940.jpg,2
test/07941.jpg,0
test/07942.jpg,4
test/07943.jpg,1
test/07944.jpg,2
test/07945.jpg,3
test/07946.jpg,6
test/07947.jpg,3
test/07948.jpg,0
test/07949.jpg,6
test/07950.jpg,0
test/07951.jpg,0
test/07952.jpg,1
test/07953.jpg,1
test/07954.jpg,2
test/07955.jpg,3
test/07956.jpg,5
test/07957.jpg,6
test/07958.jpg,1
test/07959.jpg,2
test/07960.jpg,4
test/07961.jpg,1
test/07962.jpg,1
test/07963.jpg,0
test/07964.jpg,2
test/07965.jpg,4
test/07966.jpg,1
test/07967.jpg,1
test/07968.jpg,2
test/07969.jpg,4
test/07970.jpg,7
test/07971.jpg,3
test/07972.jpg,1
test/07973.jpg,4
test/07974.jpg,2
test/07975.jpg,1
test/07976.jpg,6
test/07977.jpg,1
test/07978.jpg,1
test/07979.jpg,1
test/07980.jpg,1
test/07981.jpg,0
test/07982.jpg,2
test/07983.jpg,0
test/07984.jpg,0
test/07985.jpg,7
test/07986.jpg,1
test/07987.jpg,1
test/07988.jpg,0
test/07989.jpg,3
test/07990.jpg,1
test/07991.jpg,6
test/07992.jpg,7
test/07993.jpg,1
test/07994.jpg,6
test/07995.jpg,6
test/07996.jpg,6
test/07997.jpg,3
test/07998.jpg,0
test/07999.jpg,0
test/08000.jpg,0
test/08001.jpg,4
test/08002.jpg,7
test/08003.jpg,1
test/08004.jpg,4
test/08005.jpg,2
test/08006.jpg,3
test/08007.jpg,6
test/08008.jpg,3
test/08009.jpg,0
test/08010.jpg,1
test/08011.jpg,5
test/08012.jpg,2
test/08013.jpg,3
test/08014.jpg,0
test/08015.jpg,1
test/08016.jpg,4
test/08017.jpg,0
test/08018.jpg,7
test/08019.jpg,2
test/08020.jpg,1
test/08021.jpg,0
test/08022.jpg,1
test/08023.jpg,3
test/08024.jpg,7
test/08025.jpg,2
test/08026.jpg,4
test/08027.jpg,7
test/08028.jpg,1
test/08029.jpg,2
test/08030.jpg,7
test/08031.jpg,1
test/08032.jpg,7
test/08033.jpg,7
test/08034.jpg,2
test/08035.jpg,0
test/08036.jpg,1
test/08037.jpg,1
test/08038.jpg,1
test/08039.jpg,1
test/08040.jpg,3
test/08041.jpg,0
train/00001.jpg,2
train/00002.jpg,1
train/00003.jpg,7
train/00004.jpg,1
train/00005.jpg,7
train/00006.jpg,3
train/00007.jpg,0
train/00008.jpg,1
train/00009.jpg,1
train/00010.jpg,0
train/00011.jpg,1
train/00012.jpg,0
train/00013.jpg,1
train/00014.jpg,6
train/00015.jpg,4
train/00016.jpg,2
train/00017.jpg,2
train/00018.jpg,1
train/00019.jpg,4
train/00020.jpg,2
train/00021.jpg,1
train/00022.jpg,3
train/00023.jpg,0
train/00024.jpg,4
train/00025.jpg,1
train/00026.jpg,1
train/00027.jpg,1
train/00028.jpg,7
train/00029.jpg,2
train/00030.jpg,1
train/00031.jpg,0
train/00032.jpg,4
train/00033.jpg,2
train/00034.jpg,0
train/00035.jpg,0
train/00036.jpg,2
train/00037.jpg,3
train/00038.jpg,1
train/00039.jpg,1
train/00040.jpg,0
train/00041.jpg,2
train/00042.jpg,4
train/00043.jpg,6
train/00044.jpg,3
train/00045.jpg,0
train/00046.jpg,2
train/00047.jpg,1
train/00048.jpg,1
train/00049.jpg,1
train/00050.jpg,2
train/00051.jpg,7
train/00052.jpg,0
train/00053.jpg,2
train/00054.jpg,1
train/00055.jpg,2
train/00056.jpg,7
train/00057.jpg,1
train/00058.jpg,7
train/00059.jpg,7
train/00060.jpg,7
train/00061.jpg,7
train/00062.jpg,4
train/00063.jpg,2
train/00064.jpg,1
train/00065.jpg,3
train/00066.jpg,1
train/00067.jpg,7
train/00068.jpg,7
train/00069.jpg,1
train/00070.jpg,1
train/00071.jpg,6
train/00072.jpg,0
train/00073.jpg,7
train/00074.jpg,7
train/00075.jpg,1
train/00076.jpg,3
train/00077.jpg,0
train/00078.jpg,2
train/00079.jpg,0
train/00080.jpg,7
train/00081.jpg,3
train/00082.jpg,4
train/00083.jpg,5
train/00084.jpg,6
train/00085.jpg,1
train/00086.jpg,0
train/00087.jpg,1
train/00088.jpg,4
train/00089.jpg,1
train/00090.jpg,7
train/00091.jpg,1
train/00092.jpg,1
train/00093.jpg,3
train/00094.jpg,2
train/00095.jpg,7
train/00096.jpg,2
train/00097.jpg,2
train/00098.jpg,1
train/00099.jpg,0
train/00100.jpg,6
train/00101.jpg,4
train/00102.jpg,1
train/00103.jpg,1
train/00104.jpg,7
train/00105.jpg,0
train/00106.jpg,1
train/00107.jpg,0
train/00108.jpg,6
train/00109.jpg,0
train/00110.jpg,2
train/00111.jpg,2
train/00112.jpg,1
train/00113.jpg,0
train/00114.jpg,6
train/00115.jpg,5
train/00116.jpg,0
train/00117.jpg,2
train/00118.jpg,1
train/00119.jpg,0
train/00120.jpg,3
train/00121.jpg,0
train/00122.jpg,2
train/00123.jpg,2
train/00124.jpg,7
train/00125.jpg,1
train/00126.jpg,2
train/00127.jpg,1
train/00128.jpg,2
train/00129.jpg,1
train/00130.jpg,0
train/00131.jpg,2
train/00132.jpg,0
train/00133.jpg,1
train/00134.jpg,3
train/00135.jpg,0
train/00136.jpg,7
train/00137.jpg,4
train/00138.jpg,2
train/00139.jpg,1
train/00140.jpg,4
train/00141.jpg,1
train/00142.jpg,5
train/00143.jpg,0
train/00144.jpg,6
train/00145.jpg,1
train/00146.jpg,2
train/00147.jpg,0
train/00148.jpg,1
train/00149.jpg,7
train/00150.jpg,3
train/00151.jpg,1
train/00152.jpg,1
train/00153.jpg,5
train/00154.jpg,5
train/00155.jpg,0
train/00156.jpg,6
train/00157.jpg,1
train/00158.jpg,3
train/00159.jpg,1
train/00160.jpg,2
train/00161.jpg,1
train/00162.jpg,1
train/00163.jpg,0
train/00164.jpg,0
train/00165.jpg,3
train/00166.jpg,6
train/00167.jpg,1
train/00168.jpg,1
train/00169.jpg,6
train/00170.jpg,6
train/00171.jpg,4
train/00172.jpg,2
train/00173.jpg,0
train/00174.jpg,7
train/00175.jpg,6
train/00176.jpg,2
train/00177.jpg,0
train/00178.jpg,7
train/00179.jpg,0
train/00180.jpg,0
train/00181.jpg,0
train/00182.jpg,4
train/00183.jpg,3
train/00184.jpg,3
train/00185.jpg,0
train/00186.jpg,7
train/00187.jpg,2
train/00188.jpg,2
train/00189.jpg,4
train/00190.jpg,3
train/00191.jpg,0
train/00192.jpg,0
train/00193.jpg,0
train/00194.jpg,1
train/00195.jpg,3
train/00196.jpg,4
train/00197.jpg,0
train/00198.jpg,2
train/00199.jpg,4
train/00200.jpg,1
train/00201.jpg,3
train/00202.jpg,7
train/00203.jpg,1
train/00204.jpg,2
train/00205.jpg,1
train/00206.jpg,2
train/00207.jpg,2
train/00208.jpg,3
train/00209.jpg,1
train/00210.jpg,1
train/00211.jpg,1
train/00212.jpg,2
train/00213.jpg,0
train/00214.jpg,7
train/00215.jpg,2
train/00216.jpg,6
train/00217.jpg,5
train/00218.jpg,3
train/00219.jpg,5
train/00220.jpg,3
train/00221.jpg,3
train/00222.jpg,3
train/00223.jpg,4
train/00224.jpg,6
train/00225.jpg,0
train/00226.jpg,7
train/00227.jpg,1
train/00228.jpg,2
train/00229.jpg,1
train/00230.jpg,4
train/00231.jpg,7
train/00232.jpg,5
train/00233.jpg,1
train/00234.jpg,0
train/00235.jpg,7
train/00236.jpg,4
train/00237.jpg,7
train/00238.jpg,1
train/00239.jpg,1
train/00240.jpg,1
train/00241.jpg,4
train/00242.jpg,3
train/00243.jpg,4
train/00244.jpg,4
train/00245.jpg,1
train/00246.jpg,1
train/00247.jpg,1
train/00248.jpg,1
train/00249.jpg,2
train/00250.jpg,4
train/00251.jpg,1
train/00252.jpg,1
train/00253.jpg,0
train/00254.jpg,0
train/00255.jpg,2
train/00256.jpg,3
train/00257.jpg,3
train/00258.jpg,1
train/00259.jpg,1
train/00260.jpg,1
train/00261.jpg,1
train/00262.jpg,3
train/00263.jpg,1
train/00264.jpg,7
train/00265.jpg,3
train/00266.jpg,1
train/00267.jpg,2
train/00268.jpg,7
train/00269.jpg,1
train/00270.jpg,7
train/00271.jpg,6
train/00272.jpg,3
train/00273.jpg,7
train/00274.jpg,1
train/00275.jpg,4
train/00276.jpg,0
train/00277.jpg,1
train/00278.jpg,1
train/00279.jpg,1
train/00280.jpg,3
train/00281.jpg,2
train/00282.jpg,1
train/00283.jpg,1
train/00284.jpg,0
train/00285.jpg,1
train/00286.jpg,0
train/00287.jpg,7
train/00288.jpg,0
train/00289.jpg,2
train/00290.jpg,1
train/00291.jpg,0
train/00292.jpg,3
train/00293.jpg,2
train/00294.jpg,0
train/00295.jpg,0
train/00296.jpg,0
train/00297.jpg,7
train/00298.jpg,1
train/00299.jpg,0
train/00300.jpg,6
train/00301.jpg,0
train/00302.jpg,4
train/00303.jpg,3
train/00304.jpg,1
train/00305.jpg,0
train/00306.jpg,5
train/00307.jpg,0
train/00308.jpg,2
train/00309.jpg,6
train/00310.jpg,0
train/00311.jpg,2
train/00312.jpg,1
train/00313.jpg,1
train/00314.jpg,7
train/00315.jpg,4
train/00316.jpg,3
train/00317.jpg,3
train/00318.jpg,2
train/00319.jpg,1
train/00320.jpg,4
train/00321.jpg,0
train/00322.jpg,7
train/00323.jpg,1
train/00324.jpg,0
train/00325.jpg,2
train/00326.jpg,4
train/00327.jpg,2
train/00328.jpg,0
train/00329.jpg,7
train/00330.jpg,6
train/00331.jpg,1
train/00332.jpg,2
train/00333.jpg,3
train/00334.jpg,2
train/00335.jpg,7
train/00336.jpg,2
train/00337.jpg,3
train/00338.jpg,7
train/00339.jpg,2
train/00340.jpg,2
train/00341.jpg,1
train/00342.jpg,6
train/00343.jpg,0
train/00344.jpg,0
train/00345.jpg,7
train/00346.jpg,1
train/00347.jpg,0
train/00348.jpg,3
train/00349.jpg,0
train/00350.jpg,7
train/00351.jpg,2
train/00352.jpg,0
train/00353.jpg,1
train/00354.jpg,2
train/00355.jpg,4
train/00356.jpg,1
train/00357.jpg,3
train/00358.jpg,1
train/00359.jpg,0
train/00360.jpg,7
train/00361.jpg,6
train/00362.jpg,0
train/00363.jpg,2
train/00364.jpg,7
train/00365.jpg,7
train/00366.jpg,0
train/00367.jpg,1
train/00368.jpg,3
train/00369.jpg,2
train/00370.jpg,3
train/00371.jpg,5
train/00372.jpg,4
train/00373.jpg,2
train/00374.jpg,2
train/00375.jpg,1
train/00376.jpg,1
train/00377.jpg,0
train/00378.jpg,1
train/00379.jpg,7
train/00380.jpg,4
train/00381.jpg,7
train/00382.jpg,0
train/00383.jpg,0
train/00384.jpg,3
train/00385.jpg,2
train/00386.jpg,2
train/00387.jpg,1
train/00388.jpg,0
train/00389.jpg,0
train/00390.jpg,2
train/00391.jpg,6
train/00392.jpg,1
train/00393.jpg,0
train/00394.jpg,0
train/00395.jpg,0
train/00396.jpg,1
train/00397.jpg,1
train/00398.jpg,1
train/00399.jpg,1
train/00400.jpg,1
train/00401.jpg,6
train/00402.jpg,1
train/00403.jpg,0
train/00404.jpg,2
train/00405.jpg,3
train/00406.jpg,7
train/00407.jpg,3
train/00408.jpg,4
train/00409.jpg,0
train/00410.jpg,1
train/00411.jpg,2
train/00412.jpg,1
train/00413.jpg,3
train/00414.jpg,7
train/00415.jpg,3
train/00416.jpg,2
train/00417.jpg,0
train/00418.jpg,2
train/00419.jpg,1
train/00420.jpg,4
train/00421.jpg,2
train/00422.jpg,1
train/00423.jpg,6
train/00424.jpg,1
train/00425.jpg,4
train/00426.jpg,1
train/00427.jpg,1
train/00428.jpg,3
train/00429.jpg,1
train/00430.jpg,1
train/00431.jpg,1
train/00432.jpg,2
train/00433.jpg,1
train/00434.jpg,2
train/00435.jpg,6
train/00436.jpg,1
train/00437.jpg,4
train/00438.jpg,1
train/00439.jpg,1
train/00440.jpg,3
train/00441.jpg,1
train/00442.jpg,4
train/00443.jpg,0
train/00444.jpg,1
train/00445.jpg,2
train/00446.jpg,1
train/00447.jpg,1
train/00448.jpg,4
train/00449.jpg,2
train/00450.jpg,2
train/00451.jpg,0
train/00452.jpg,6
train/00453.jpg,0
train/00454.jpg,1
train/00455.jpg,1
train/00456.jpg,2
train/00457.jpg,0
train/00458.jpg,6
train/00459.jpg,5
train/00460.jpg,1
train/00461.jpg,3
train/00462.jpg,0
train/00463.jpg,0
train/00464.jpg,0
train/00465.jpg,1
train/00466.jpg,4
train/00467.jpg,2
train/00468.jpg,7
train/00469.jpg,2
train/00470.jpg,5
train/00471.jpg,5
train/00472.jpg,1
train/00473.jpg,7
train/00474.jpg,1
train/00475.jpg,4
train/00476.jpg,2
train/00477.jpg,7
train/00478.jpg,6
train/00479.jpg,0
train/00480.jpg,0
train/00481.jpg,2
train/00482.jpg,1
train/00483.jpg,7
train/00484.jpg,6
train/00485.jpg,3
train/00486.jpg,0
train/00487.jpg,0
train/00488.jpg,2
train/00489.jpg,1
train/00490.jpg,1
train/00491.jpg,0
train/00492.jpg,1
train/00493.jpg,7
train/00494.jpg,1
train/00495.jpg,7
train/00496.jpg,3
train/00497.jpg,1
train/00498.jpg,6
train/00499.jpg,0
train/00500.jpg,5
train/00501.jpg,3
train/00502.jpg,6
train/00503.jpg,2
train/00504.jpg,1
train/00505.jpg,1
train/00506.jpg,1
train/00507.jpg,4
train/00508.jpg,1
train/00509.jpg,3
train/00510.jpg,7
train/00511.jpg,4
train/00512.jpg,2
train/00513.jpg,1
train/00514.jpg,0
train/00515.jpg,1
train/00516.jpg,7
train/00517.jpg,2
train/00518.jpg,0
train/00519.jpg,1
train/00520.jpg,1
train/00521.jpg,2
train/00522.jpg,0
train/00523.jpg,1
train/00524.jpg,6
train/00525.jpg,0
train/00526.jpg,6
train/00527.jpg,4
train/00528.jpg,0
train/00529.jpg,1
train/00530.jpg,3
train/00531.jpg,2
train/00532.jpg,3
train/00533.jpg,1
train/00534.jpg,4
train/00535.jpg,0
train/00536.jpg,7
train/00537.jpg,2
train/00538.jpg,3
train/00539.jpg,4
train/00540.jpg,2
train/00541.jpg,7
train/00542.jpg,7
train/00543.jpg,0
train/00544.jpg,3
train/00545.jpg,0
train/00546.jpg,2
train/00547.jpg,1
train/00548.jpg,2
train/00549.jpg,2
train/00550.jpg,4
train/00551.jpg,2
train/00552.jpg,2
train/00553.jpg,1
train/00554.jpg,1
train/00555.jpg,2
train/00556.jpg,2
train/00557.jpg,1
train/00558.jpg,5
train/00559.jpg,1
train/00560.jpg,3
train/00561.jpg,3
train/00562.jpg,3
train/00563.jpg,4
train/00564.jpg,2
train/00565.jpg,4
train/00566.jpg,1
train/00567.jpg,5
train/00568.jpg,1
train/00569.jpg,0
train/00570.jpg,7
train/00571.jpg,0
train/00572.jpg,4
train/00573.jpg,4
train/00574.jpg,5
train/00575.jpg,0
train/00576.jpg,6
train/00577.jpg,6
train/00578.jpg,3
train/00579.jpg,0
train/00580.jpg,4
train/00581.jpg,1
train/00582.jpg,1
train/00583.jpg,4
train/00584.jpg,1
train/00585.jpg,0
train/00586.jpg,4
train/00587.jpg,2
train/00588.jpg,0
train/00589.jpg,1
train/00590.jpg,1
train/00591.jpg,0
train/00592.jpg,2
train/00593.jpg,3
train/00594.jpg,6
train/00595.jpg,7
train/00596.jpg,3
train/00597.jpg,7
train/00598.jpg,2
train/00599.jpg,0
train/00600.jpg,1
train/00601.jpg,1
train/00602.jpg,1
train/00603.jpg,1
train/00604.jpg,3
train/00605.jpg,2
train/00606.jpg,4
train/00607.jpg,3
train/00608.jpg,2
train/00609.jpg,3
train/00610.jpg,0
train/00611.jpg,3
train/00612.jpg,1
train/00613.jpg,6
train/00614.jpg,1
train/00615.jpg,7
train/00616.jpg,4
train/00617.jpg,7
train/00618.jpg,0
train/00619.jpg,3
train/00620.jpg,0
train/00621.jpg,0
train/00622.jpg,0
train/00623.jpg,3
train/00624.jpg,5
train/00625.jpg,0
train/00626.jpg,7
train/00627.jpg,1
train/00628.jpg,7
train/00629.jpg,0
train/00630.jpg,0
train/00631.jpg,1
train/00632.jpg,1
train/00633.jpg,3
train/00634.jpg,2
train/00635.jpg,2
train/00636.jpg,2
train/00637.jpg,2
train/00638.jpg,2
train/00639.jpg,0
train/00640.jpg,2
train/00641.jpg,1
train/00642.jpg,1
train/00643.jpg,1
train/00644.jpg,0
train/00645.jpg,7
train/00646.jpg,5
train/00647.jpg,1
train/00648.jpg,1
train/00649.jpg,1
train/00650.jpg,0
train/00651.jpg,1
train/00652.jpg,0
train/00653.jpg,1
train/00654.jpg,1
train/00655.jpg,3
train/00656.jpg,1
train/00657.jpg,3
train/00658.jpg,1
train/00659.jpg,6
train/00660.jpg,2
train/00661.jpg,1
train/00662.jpg,7
train/00663.jpg,5
train/00664.jpg,1
train/00665.jpg,1
train/00666.jpg,1
train/00667.jpg,1
train/00668.jpg,3
train/00669.jpg,7
train/00670.jpg,1
train/00671.jpg,1
train/00672.jpg,6
train/00673.jpg,7
train/00674.jpg,6
train/00675.jpg,3
train/00676.jpg,1
train/00677.jpg,3
train/00678.jpg,3
train/00679.jpg,2
train/00680.jpg,1
train/00681.jpg,1
train/00682.jpg,7
train/00683.jpg,1
train/00684.jpg,2
train/00685.jpg,1
train/00686.jpg,2
train/00687.jpg,1
train/00688.jpg,1
train/00689.jpg,1
train/00690.jpg,3
train/00691.jpg,1
train/00692.jpg,0
train/00693.jpg,7
train/00694.jpg,0
train/00695.jpg,7
train/00696.jpg,7
train/00697.jpg,1
train/00698.jpg,1
train/00699.jpg,1
train/00700.jpg,1
train/00701.jpg,3
train/00702.jpg,1
train/00703.jpg,1
train/00704.jpg,1
train/00705.jpg,0
train/00706.jpg,0
train/00707.jpg,0
train/00708.jpg,1
train/00709.jpg,3
train/00710.jpg,2
train/00711.jpg,6
train/00712.jpg,0
train/00713.jpg,7
train/00714.jpg,5
train/00715.jpg,7
train/00716.jpg,3
train/00717.jpg,7
train/00718.jpg,0
train/00719.jpg,1
train/00720.jpg,3
train/00721.jpg,1
train/00722.jpg,7
train/00723.jpg,4
train/00724.jpg,1
train/00725.jpg,1
train/00726.jpg,1
train/00727.jpg,2
train/00728.jpg,1
train/00729.jpg,1
train/00730.jpg,0
train/00731.jpg,3
train/00732.jpg,1
train/00733.jpg,1
train/00734.jpg,1
train/00735.jpg,4
train/00736.jpg,3
train/00737.jpg,6
train/00738.jpg,3
train/00739.jpg,0
train/00740.jpg,1
train/00741.jpg,7
train/00742.jpg,1
train/00743.jpg,7
train/00744.jpg,1
train/00745.jpg,1
train/00746.jpg,1
train/00747.jpg,1
train/00748.jpg,7
train/00749.jpg,1
train/00750.jpg,1
train/00751.jpg,3
train/00752.jpg,4
train/00753.jpg,7
train/00754.jpg,0
train/00755.jpg,3
train/00756.jpg,2
train/00757.jpg,7
train/00758.jpg,1
train/00759.jpg,1
train/00760.jpg,4
train/00761.jpg,7
train/00762.jpg,2
train/00763.jpg,6
train/00764.jpg,1
train/00765.jpg,3
train/00766.jpg,6
train/00767.jpg,2
train/00768.jpg,5
train/00769.jpg,1
train/00770.jpg,1
train/00771.jpg,4
train/00772.jpg,1
train/00773.jpg,0
train/00774.jpg,7
train/00775.jpg,1
train/00776.jpg,6
train/00777.jpg,0
train/00778.jpg,2
train/00779.jpg,0
train/00780.jpg,5
train/00781.jpg,6
train/00782.jpg,2
train/00783.jpg,1
train/00784.jpg,3
train/00785.jpg,2
train/00786.jpg,4
train/00787.jpg,2
train/00788.jpg,1
train/00789.jpg,1
train/00790.jpg,0
train/00791.jpg,1
train/00792.jpg,1
train/00793.jpg,1
train/00794.jpg,4
train/00795.jpg,1
train/00796.jpg,1
train/00797.jpg,4
train/00798.jpg,3
train/00799.jpg,2
train/00800.jpg,3
train/00801.jpg,3
train/00802.jpg,2
train/00803.jpg,1
train/00804.jpg,6
train/00805.jpg,4
train/00806.jpg,5
train/00807.jpg,0
train/00808.jpg,6
train/00809.jpg,2
train/00810.jpg,7
train/00811.jpg,1
train/00812.jpg,0
train/00813.jpg,4
train/00814.jpg,5
train/00815.jpg,1
train/00816.jpg,2
train/00817.jpg,0
train/00818.jpg,2
train/00819.jpg,1
train/00820.jpg,1
train/00821.jpg,6
train/00822.jpg,2
train/00823.jpg,0
train/00824.jpg,7
train/00825.jpg,1
train/00826.jpg,0
train/00827.jpg,0
train/00828.jpg,2
train/00829.jpg,1
train/00830.jpg,0
train/00831.jpg,1
train/00832.jpg,7
train/00833.jpg,1
train/00834.jpg,0
train/00835.jpg,1
train/00836.jpg,1
train/00837.jpg,6
train/00838.jpg,4
train/00839.jpg,0
train/00840.jpg,0
train/00841.jpg,2
train/00842.jpg,7
train/00843.jpg,0
train/00844.jpg,2
train/00845.jpg,1
train/00846.jpg,7
train/00847.jpg,0
train/00848.jpg,2
train/00849.jpg,5
train/00850.jpg,1
train/00851.jpg,0
train/00852.jpg,0
train/00853.jpg,2
train/00854.jpg,6
train/00855.jpg,1
train/00856.jpg,1
train/00857.jpg,0
train/00858.jpg,1
train/00859.jpg,5
train/00860.jpg,2
train/00861.jpg,3
train/00862.jpg,6
train/00863.jpg,3
train/00864.jpg,3
train/00865.jpg,1
train/00866.jpg,0
train/00867.jpg,7
train/00868.jpg,6
train/00869.jpg,1
train/00870.jpg,2
train/00871.jpg,3
train/00872.jpg,3
train/00873.jpg,2
train/00874.jpg,7
train/00875.jpg,1
train/00876.jpg,7
train/00877.jpg,6
train/00878.jpg,2
train/00879.jpg,7
train/00880.jpg,3
train/00881.jpg,4
train/00882.jpg,1
train/00883.jpg,0
train/00884.jpg,7
train/00885.jpg,4
train/00886.jpg,1
train/00887.jpg,0
train/00888.jpg,2
train/00889.jpg,2
train/00890.jpg,6
train/00891.jpg,1
train/00892.jpg,0
train/00893.jpg,3
train/00894.jpg,6
train/00895.jpg,0
train/00896.jpg,1
train/00897.jpg,1
train/00898.jpg,2
train/00899.jpg,1
train/00900.jpg,3
train/00901.jpg,2
train/00902.jpg,0
train/00903.jpg,4
train/00904.jpg,2
train/00905.jpg,1
train/00906.jpg,1
train/00907.jpg,7
train/00908.jpg,7
train/00909.jpg,0
train/00910.jpg,1
train/00911.jpg,1
train/00912.jpg,4
train/00913.jpg,2
train/00914.jpg,0
train/00915.jpg,0
train/00916.jpg,0
train/00917.jpg,5
train/00918.jpg,1
train/00919.jpg,0
train/00920.jpg,1
train/00921.jpg,1
train/00922.jpg,3
train/00923.jpg,1
train/00924.jpg,1
train/00925.jpg,1
train/00926.jpg,2
train/00927.jpg,6
train/00928.jpg,2
train/00929.jpg,2
train/00930.jpg,0
train/00931.jpg,4
train/00932.jpg,3
train/00933.jpg,1
train/00934.jpg,1
train/00935.jpg,0
train/00936.jpg,2
train/00937.jpg,2
train/00938.jpg,2
train/00939.jpg,2
train/00940.jpg,3
train/00941.jpg,6
train/00942.jpg,0
train/00943.jpg,0
train/00944.jpg,2
train/00945.jpg,6
train/00946.jpg,0
train/00947.jpg,3
train/00948.jpg,3
train/00949.jpg,6
train/00950.jpg,4
train/00951.jpg,0
train/00952.jpg,0
train/00953.jpg,2
train/00954.jpg,0
train/00955.jpg,3
train/00956.jpg,1
train/00957.jpg,7
train/00958.jpg,4
train/00959.jpg,2
train/00960.jpg,6
train/00961.jpg,3
train/00962.jpg,0
train/00963.jpg,3
train/00964.jpg,6
train/00965.jpg,1
train/00966.jpg,3
train/00967.jpg,0
train/00968.jpg,1
train/00969.jpg,1
train/00970.jpg,0
train/00971.jpg,2
train/00972.jpg,6
train/00973.jpg,5
train/00974.jpg,1
train/00975.jpg,1
train/00976.jpg,4
train/00977.jpg,0
train/00978.jpg,0
train/00979.jpg,7
train/00980.jpg,2
train/00981.jpg,0
train/00982.jpg,1
train/00983.jpg,2
train/00984.jpg,1
train/00985.jpg,0
train/00986.jpg,0
train/00987.jpg,1
train/00988.jpg,1
train/00989.jpg,7
train/00990.jpg,3
train/00991.jpg,3
train/00992.jpg,4
train/00993.jpg,1
train/00994.jpg,2
train/00995.jpg,1
train/00996.jpg,2
train/00997.jpg,5
train/00998.jpg,0
train/00999.jpg,0
train/01000.jpg,6
train/01001.jpg,2
train/01002.jpg,2
train/01003.jpg,4
train/01004.jpg,2
train/01005.jpg,7
train/01006.jpg,4
train/01007.jpg,1
train/01008.jpg,2
train/01009.jpg,7
train/01010.jpg,2
train/01011.jpg,2
train/01012.jpg,2
train/01013.jpg,2
train/01014.jpg,3
train/01015.jpg,1
train/01016.jpg,4
train/01017.jpg,6
train/01018.jpg,1
train/01019.jpg,4
train/01020.jpg,5
train/01021.jpg,1
train/01022.jpg,1
train/01023.jpg,1
train/01024.jpg,0
train/01025.jpg,1
train/01026.jpg,7
train/01027.jpg,0
train/01028.jpg,2
train/01029.jpg,7
train/01030.jpg,0
train/01031.jpg,1
train/01032.jpg,7
train/01033.jpg,1
train/01034.jpg,1
train/01035.jpg,1
train/01036.jpg,3
train/01037.jpg,6
train/01038.jpg,1
train/01039.jpg,1
train/01040.jpg,6
train/01041.jpg,6
train/01042.jpg,1
train/01043.jpg,7
train/01044.jpg,7
train/01045.jpg,0
train/01046.jpg,4
train/01047.jpg,5
train/01048.jpg,1
train/01049.jpg,1
train/01050.jpg,0
train/01051.jpg,2
train/01052.jpg,2
train/01053.jpg,2
train/01054.jpg,2
train/01055.jpg,7
train/01056.jpg,1
train/01057.jpg,1
train/01058.jpg,2
train/01059.jpg,1
train/01060.jpg,7
train/01061.jpg,0
train/01062.jpg,1
train/01063.jpg,6
train/01064.jpg,0
train/01065.jpg,2
train/01066.jpg,2
train/01067.jpg,7
train/01068.jpg,4
train/01069.jpg,3
train/01070.jpg,7
train/01071.jpg,5
train/01072.jpg,1
train/01073.jpg,1
train/01074.jpg,7
train/01075.jpg,7
train/01076.jpg,3
train/01077.jpg,3
train/01078.jpg,1
train/01079.jpg,0
train/01080.jpg,4
train/01081.jpg,3
train/01082.jpg,5
train/01083.jpg,7
train/01084.jpg,1
train/01085.jpg,2
train/01086.jpg,3
train/01087.jpg,1
train/01088.jpg,0
train/01089.jpg,5
train/01090.jpg,2
train/01091.jpg,2
train/01092.jpg,2
train/01093.jpg,2
train/01094.jpg,2
train/01095.jpg,2
train/01096.jpg,0
train/01097.jpg,5
train/01098.jpg,2
train/01099.jpg,3
train/01100.jpg,0
train/01101.jpg,2
train/01102.jpg,7
train/01103.jpg,0
train/01104.jpg,1
train/01105.jpg,4
train/01106.jpg,1
train/01107.jpg,2
train/01108.jpg,3
train/01109.jpg,1
train/01110.jpg,1
train/01111.jpg,0
train/01112.jpg,4
train/01113.jpg,6
train/01114.jpg,6
train/01115.jpg,1
train/01116.jpg,3
train/01117.jpg,0
train/01118.jpg,0
train/01119.jpg,2
train/01120.jpg,1
train/01121.jpg,4
train/01122.jpg,2
train/01123.jpg,1
train/01124.jpg,2
train/01125.jpg,7
train/01126.jpg,3
train/01127.jpg,1
train/01128.jpg,5
train/01129.jpg,3
train/01130.jpg,2
train/01131.jpg,7
train/01132.jpg,0
train/01133.jpg,2
train/01134.jpg,1
train/01135.jpg,3
train/01136.jpg,0
train/01137.jpg,7
train/01138.jpg,3
train/01139.jpg,1
train/01140.jpg,4
train/01141.jpg,4
train/01142.jpg,3
train/01143.jpg,0
train/01144.jpg,4
train/01145.jpg,0
train/01146.jpg,2
train/01147.jpg,6
train/01148.jpg,3
train/01149.jpg,1
train/01150.jpg,2
train/01151.jpg,2
train/01152.jpg,6
train/01153.jpg,1
train/01154.jpg,0
train/01155.jpg,1
train/01156.jpg,0
train/01157.jpg,2
train/01158.jpg,1
train/01159.jpg,0
train/01160.jpg,1
train/01161.jpg,5
train/01162.jpg,6
train/01163.jpg,7
train/01164.jpg,3
train/01165.jpg,3
train/01166.jpg,3
train/01167.jpg,3
train/01168.jpg,2
train/01169.jpg,1
train/01170.jpg,2
train/01171.jpg,6
train/01172.jpg,7
train/01173.jpg,0
train/01174.jpg,7
train/01175.jpg,7
train/01176.jpg,7
train/01177.jpg,1
train/01178.jpg,2
train/01179.jpg,2
train/01180.jpg,1
train/01181.jpg,6
train/01182.jpg,3
train/01183.jpg,2
train/01184.jpg,2
train/01185.jpg,0
train/01186.jpg,3
train/01187.jpg,3
train/01188.jpg,0
train/01189.jpg,2
train/01190.jpg,1
train/01191.jpg,6
train/01192.jpg,5
train/01193.jpg,0
train/01194.jpg,3
train/01195.jpg,1
train/01196.jpg,2
train/01197.jpg,3
train/01198.jpg,7
train/01199.jpg,0
train/01200.jpg,0
train/01201.jpg,0
train/01202.jpg,3
train/01203.jpg,2
train/01204.jpg,1
train/01205.jpg,1
train/01206.jpg,2
train/01207.jpg,0
train/01208.jpg,5
train/01209.jpg,6
train/01210.jpg,2
train/01211.jpg,6
train/01212.jpg,7
train/01213.jpg,1
train/01214.jpg,1
train/01215.jpg,7
train/01216.jpg,1
train/01217.jpg,0
train/01218.jpg,3
train/01219.jpg,3
train/01220.jpg,0
train/01221.jpg,0
train/01222.jpg,6
train/01223.jpg,0
train/01224.jpg,3
train/01225.jpg,1
train/01226.jpg,0
train/01227.jpg,0
train/01228.jpg,3
train/01229.jpg,5
train/01230.jpg,7
train/01231.jpg,0
train/01232.jpg,2
train/01233.jpg,1
train/01234.jpg,1
train/01235.jpg,1
train/01236.jpg,2
train/01237.jpg,1
train/01238.jpg,7
train/01239.jpg,2
train/01240.jpg,1
train/01241.jpg,3
train/01242.jpg,0
train/01243.jpg,0
train/01244.jpg,0
train/01245.jpg,4
train/01246.jpg,0
train/01247.jpg,1
train/01248.jpg,2
train/01249.jpg,2
train/01250.jpg,1
train/01251.jpg,1
train/01252.jpg,3
train/01253.jpg,0
train/01254.jpg,0
train/01255.jpg,2
train/01256.jpg,6
train/01257.jpg,0
train/01258.jpg,0
train/01259.jpg,0
train/01260.jpg,0
train/01261.jpg,6
train/01262.jpg,5
train/01263.jpg,0
train/01264.jpg,1
train/01265.jpg,1
train/01266.jpg,7
train/01267.jpg,6
train/01268.jpg,7
train/01269.jpg,2
train/01270.jpg,1
train/01271.jpg,3
train/01272.jpg,0
train/01273.jpg,3
train/01274.jpg,2
train/01275.jpg,1
train/01276.jpg,2
train/01277.jpg,0
train/01278.jpg,3
train/01279.jpg,0
train/01280.jpg,7
train/01281.jpg,1
train/01282.jpg,1
train/01283.jpg,3
train/01284.jpg,1
train/01285.jpg,0
train/01286.jpg,4
train/01287.jpg,2
train/01288.jpg,0
train/01289.jpg,7
train/01290.jpg,1
train/01291.jpg,1
train/01292.jpg,2
train/01293.jpg,2
train/01294.jpg,3
train/01295.jpg,0
train/01296.jpg,1
train/01297.jpg,3
train/01298.jpg,1
train/01299.jpg,0
train/01300.jpg,0
train/01301.jpg,2
train/01302.jpg,4
train/01303.jpg,4
train/01304.jpg,1
train/01305.jpg,0
train/01306.jpg,3
train/01307.jpg,3
train/01308.jpg,1
train/01309.jpg,7
train/01310.jpg,2
train/01311.jpg,6
train/01312.jpg,7
train/01313.jpg,3
train/01314.jpg,3
train/01315.jpg,0
train/01316.jpg,2
train/01317.jpg,4
train/01318.jpg,1
train/01319.jpg,1
train/01320.jpg,1
train/01321.jpg,1
train/01322.jpg,4
train/01323.jpg,7
train/01324.jpg,3
train/01325.jpg,7
train/01326.jpg,1
train/01327.jpg,7
train/01328.jpg,3
train/01329.jpg,1
train/01330.jpg,7
train/01331.jpg,3
train/01332.jpg,6
train/01333.jpg,4
train/01334.jpg,3
train/01335.jpg,3
train/01336.jpg,0
train/01337.jpg,1
train/01338.jpg,1
train/01339.jpg,0
train/01340.jpg,5
train/01341.jpg,1
train/01342.jpg,3
train/01343.jpg,4
train/01344.jpg,6
train/01345.jpg,7
train/01346.jpg,2
train/01347.jpg,3
train/01348.jpg,0
train/01349.jpg,2
train/01350.jpg,3
train/01351.jpg,2
train/01352.jpg,1
train/01353.jpg,3
train/01354.jpg,1
train/01355.jpg,1
train/01356.jpg,4
train/01357.jpg,1
train/01358.jpg,3
train/01359.jpg,3
train/01360.jpg,3
train/01361.jpg,2
train/01362.jpg,7
train/01363.jpg,1
train/01364.jpg,0
train/01365.jpg,1
train/01366.jpg,1
train/01367.jpg,3
train/01368.jpg,0
train/01369.jpg,3
train/01370.jpg,3
train/01371.jpg,5
train/01372.jpg,2
train/01373.jpg,4
train/01374.jpg,0
train/01375.jpg,4
train/01376.jpg,0
train/01377.jpg,1
train/01378.jpg,7
train/01379.jpg,4
train/01380.jpg,7
train/01381.jpg,2
train/01382.jpg,7
train/01383.jpg,7
train/01384.jpg,6
train/01385.jpg,6
train/01386.jpg,4
train/01387.jpg,0
train/01388.jpg,0
train/01389.jpg,2
train/01390.jpg,1
train/01391.jpg,1
train/01392.jpg,1
train/01393.jpg,6
train/01394.jpg,1
train/01395.jpg,5
train/01396.jpg,0
train/01397.jpg,1
train/01398.jpg,7
train/01399.jpg,2
train/01400.jpg,1
train/01401.jpg,2
train/01402.jpg,0
train/01403.jpg,2
train/01404.jpg,2
train/01405.jpg,0
train/01406.jpg,2
train/01407.jpg,4
train/01408.jpg,4
train/01409.jpg,2
train/01410.jpg,0
train/01411.jpg,3
train/01412.jpg,0
train/01413.jpg,3
train/01414.jpg,7
train/01415.jpg,2
train/01416.jpg,4
train/01417.jpg,1
train/01418.jpg,5
train/01419.jpg,7
train/01420.jpg,1
train/01421.jpg,1
train/01422.jpg,2
train/01423.jpg,3
train/01424.jpg,3
train/01425.jpg,2
train/01426.jpg,2
train/01427.jpg,0
train/01428.jpg,3
train/01429.jpg,6
train/01430.jpg,7
train/01431.jpg,1
train/01432.jpg,7
train/01433.jpg,1
train/01434.jpg,4
train/01435.jpg,0
train/01436.jpg,2
train/01437.jpg,3
train/01438.jpg,0
train/01439.jpg,2
train/01440.jpg,6
train/01441.jpg,0
train/01442.jpg,6
train/01443.jpg,2
train/01444.jpg,0
train/01445.jpg,0
train/01446.jpg,2
train/01447.jpg,7
train/01448.jpg,0
train/01449.jpg,0
train/01450.jpg,2
train/01451.jpg,3
train/01452.jpg,7
train/01453.jpg,4
train/01454.jpg,7
train/01455.jpg,2
train/01456.jpg,0
train/01457.jpg,2
train/01458.jpg,7
train/01459.jpg,0
train/01460.jpg,6
train/01461.jpg,1
train/01462.jpg,0
train/01463.jpg,1
train/01464.jpg,4
train/01465.jpg,1
train/01466.jpg,0
train/01467.jpg,4
train/01468.jpg,4
train/01469.jpg,3
train/01470.jpg,1
train/01471.jpg,7
train/01472.jpg,0
train/01473.jpg,0
train/01474.jpg,0
train/01475.jpg,4
train/01476.jpg,1
train/01477.jpg,7
train/01478.jpg,6
train/01479.jpg,1
train/01480.jpg,2
train/01481.jpg,7
train/01482.jpg,0
train/01483.jpg,3
train/01484.jpg,2
train/01485.jpg,2
train/01486.jpg,2
train/01487.jpg,1
train/01488.jpg,1
train/01489.jpg,2
train/01490.jpg,1
train/01491.jpg,2
train/01492.jpg,0
train/01493.jpg,1
train/01494.jpg,1
train/01495.jpg,1
train/01496.jpg,2
train/01497.jpg,0
train/01498.jpg,4
train/01499.jpg,2
train/01500.jpg,2
train/01501.jpg,1
train/01502.jpg,1
train/01503.jpg,2
train/01504.jpg,4
train/01505.jpg,3
train/01506.jpg,3
train/01507.jpg,1
train/01508.jpg,1
train/01509.jpg,1
train/01510.jpg,2
train/01511.jpg,0
train/01512.jpg,1
train/01513.jpg,0
train/01514.jpg,6
train/01515.jpg,2
train/01516.jpg,2
train/01517.jpg,6
train/01518.jpg,1
train/01519.jpg,1
train/01520.jpg,1
train/01521.jpg,2
train/01522.jpg,1
train/01523.jpg,4
train/01524.jpg,2
train/01525.jpg,3
train/01526.jpg,1
train/01527.jpg,1
train/01528.jpg,0
train/01529.jpg,0
train/01530.jpg,1
train/01531.jpg,1
train/01532.jpg,0
train/01533.jpg,7
train/01534.jpg,4
train/01535.jpg,1
train/01536.jpg,7
train/01537.jpg,4
train/01538.jpg,1
train/01539.jpg,0
train/01540.jpg,4
train/01541.jpg,6
train/01542.jpg,1
train/01543.jpg,1
train/01544.jpg,6
train/01545.jpg,2
train/01546.jpg,7
train/01547.jpg,0
train/01548.jpg,1
train/01549.jpg,2
train/01550.jpg,1
train/01551.jpg,2
train/01552.jpg,1
train/01553.jpg,2
train/01554.jpg,1
train/01555.jpg,7
train/01556.jpg,3
train/01557.jpg,0
train/01558.jpg,2
train/01559.jpg,6
train/01560.jpg,6
train/01561.jpg,4
train/01562.jpg,6
train/01563.jpg,0
train/01564.jpg,1
train/01565.jpg,1
train/01566.jpg,1
train/01567.jpg,1
train/01568.jpg,0
train/01569.jpg,1
train/01570.jpg,1
train/01571.jpg,2
train/01572.jpg,3
train/01573.jpg,3
train/01574.jpg,3
train/01575.jpg,2
train/01576.jpg,2
train/01577.jpg,3
train/01578.jpg,2
train/01579.jpg,0
train/01580.jpg,0
train/01581.jpg,2
train/01582.jpg,1
train/01583.jpg,0
train/01584.jpg,1
train/01585.jpg,2
train/01586.jpg,2
train/01587.jpg,4
train/01588.jpg,3
train/01589.jpg,2
train/01590.jpg,1
train/01591.jpg,5
train/01592.jpg,0
train/01593.jpg,3
train/01594.jpg,4
train/01595.jpg,0
train/01596.jpg,2
train/01597.jpg,0
train/01598.jpg,7
train/01599.jpg,2
train/01600.jpg,1
train/01601.jpg,0
train/01602.jpg,0
train/01603.jpg,0
train/01604.jpg,1
train/01605.jpg,2
train/01606.jpg,3
train/01607.jpg,3
train/01608.jpg,2
train/01609.jpg,5
train/01610.jpg,1
train/01611.jpg,4
train/01612.jpg,7
train/01613.jpg,0
train/01614.jpg,1
train/01615.jpg,0
train/01616.jpg,5
train/01617.jpg,2
train/01618.jpg,1
train/01619.jpg,4
train/01620.jpg,1
train/01621.jpg,0
train/01622.jpg,5
train/01623.jpg,1
train/01624.jpg,1
train/01625.jpg,1
train/01626.jpg,0
train/01627.jpg,7
train/01628.jpg,3
train/01629.jpg,2
train/01630.jpg,7
train/01631.jpg,4
train/01632.jpg,2
train/01633.jpg,3
train/01634.jpg,2
train/01635.jpg,0
train/01636.jpg,7
train/01637.jpg,2
train/01638.jpg,5
train/01639.jpg,2
train/01640.jpg,3
train/01641.jpg,1
train/01642.jpg,6
train/01643.jpg,1
train/01644.jpg,4
train/01645.jpg,5
train/01646.jpg,3
train/01647.jpg,7
train/01648.jpg,0
train/01649.jpg,7
train/01650.jpg,1
train/01651.jpg,0
train/01652.jpg,7
train/01653.jpg,1
train/01654.jpg,1
train/01655.jpg,7
train/01656.jpg,0
train/01657.jpg,0
train/01658.jpg,3
train/01659.jpg,4
train/01660.jpg,3
train/01661.jpg,0
train/01662.jpg,1
train/01663.jpg,3
train/01664.jpg,6
train/01665.jpg,1
train/01666.jpg,2
train/01667.jpg,0
train/01668.jpg,6
train/01669.jpg,0
train/01670.jpg,4
train/01671.jpg,1
train/01672.jpg,0
train/01673.jpg,3
train/01674.jpg,1
train/01675.jpg,1
train/01676.jpg,4
train/01677.jpg,1
train/01678.jpg,3
train/01679.jpg,6
train/01680.jpg,2
train/01681.jpg,0
train/01682.jpg,5
train/01683.jpg,7
train/01684.jpg,2
train/01685.jpg,2
train/01686.jpg,7
train/01687.jpg,5
train/01688.jpg,7
train/01689.jpg,3
train/01690.jpg,7
train/01691.jpg,0
train/01692.jpg,1
train/01693.jpg,0
train/01694.jpg,7
train/01695.jpg,0
train/01696.jpg,1
train/01697.jpg,0
train/01698.jpg,3
train/01699.jpg,0
train/01700.jpg,5
train/01701.jpg,0
train/01702.jpg,5
train/01703.jpg,2
train/01704.jpg,5
train/01705.jpg,1
train/01706.jpg,4
train/01707.jpg,2
train/01708.jpg,2
train/01709.jpg,1
train/01710.jpg,3
train/01711.jpg,0
train/01712.jpg,6
train/01713.jpg,2
train/01714.jpg,1
train/01715.jpg,2
train/01716.jpg,1
train/01717.jpg,2
train/01718.jpg,0
train/01719.jpg,3
train/01720.jpg,1
train/01721.jpg,1
train/01722.jpg,1
train/01723.jpg,3
train/01724.jpg,1
train/01725.jpg,4
train/01726.jpg,1
train/01727.jpg,6
train/01728.jpg,1
train/01729.jpg,2
train/01730.jpg,2
train/01731.jpg,1
train/01732.jpg,7
train/01733.jpg,2
train/01734.jpg,1
train/01735.jpg,1
train/01736.jpg,7
train/01737.jpg,0
train/01738.jpg,1
train/01739.jpg,0
train/01740.jpg,0
train/01741.jpg,4
train/01742.jpg,0
train/01743.jpg,3
train/01744.jpg,2
train/01745.jpg,6
train/01746.jpg,1
train/01747.jpg,6
train/01748.jpg,4
train/01749.jpg,3
train/01750.jpg,1
train/01751.jpg,7
train/01752.jpg,5
train/01753.jpg,2
train/01754.jpg,0
train/01755.jpg,2
train/01756.jpg,2
train/01757.jpg,3
train/01758.jpg,7
train/01759.jpg,1
train/01760.jpg,3
train/01761.jpg,4
train/01762.jpg,3
train/01763.jpg,3
train/01764.jpg,0
train/01765.jpg,7
train/01766.jpg,7
train/01767.jpg,2
train/01768.jpg,2
train/01769.jpg,0
train/01770.jpg,1
train/01771.jpg,1
train/01772.jpg,3
train/01773.jpg,6
train/01774.jpg,0
train/01775.jpg,3
train/01776.jpg,3
train/01777.jpg,2
train/01778.jpg,2
train/01779.jpg,2
train/01780.jpg,4
train/01781.jpg,1
train/01782.jpg,1
train/01783.jpg,2
train/01784.jpg,0
train/01785.jpg,1
train/01786.jpg,3
train/01787.jpg,3
train/01788.jpg,6
train/01789.jpg,7
train/01790.jpg,7
train/01791.jpg,4
train/01792.jpg,3
train/01793.jpg,6
train/01794.jpg,4
train/01795.jpg,6
train/01796.jpg,6
train/01797.jpg,0
train/01798.jpg,2
train/01799.jpg,5
train/01800.jpg,7
train/01801.jpg,0
train/01802.jpg,0
train/01803.jpg,2
train/01804.jpg,2
train/01805.jpg,2
train/01806.jpg,7
train/01807.jpg,2
train/01808.jpg,7
train/01809.jpg,1
train/01810.jpg,3
train/01811.jpg,0
train/01812.jpg,3
train/01813.jpg,0
train/01814.jpg,1
train/01815.jpg,7
train/01816.jpg,6
train/01817.jpg,0
train/01818.jpg,2
train/01819.jpg,3
train/01820.jpg,1
train/01821.jpg,1
train/01822.jpg,4
train/01823.jpg,3
train/01824.jpg,0
train/01825.jpg,1
train/01826.jpg,6
train/01827.jpg,1
train/01828.jpg,1
train/01829.jpg,4
train/01830.jpg,0
train/01831.jpg,6
train/01832.jpg,0
train/01833.jpg,2
train/01834.jpg,7
train/01835.jpg,7
train/01836.jpg,7
train/01837.jpg,7
train/01838.jpg,3
train/01839.jpg,1
train/01840.jpg,2
train/01841.jpg,1
train/01842.jpg,2
train/01843.jpg,0
train/01844.jpg,1
train/01845.jpg,1
train/01846.jpg,2
train/01847.jpg,3
train/01848.jpg,1
train/01849.jpg,0
train/01850.jpg,1
train/01851.jpg,3
train/01852.jpg,3
train/01853.jpg,1
train/01854.jpg,1
train/01855.jpg,1
train/01856.jpg,0
train/01857.jpg,1
train/01858.jpg,1
train/01859.jpg,2
train/01860.jpg,4
train/01861.jpg,0
train/01862.jpg,3
train/01863.jpg,6
train/01864.jpg,2
train/01865.jpg,4
train/01866.jpg,4
train/01867.jpg,0
train/01868.jpg,1
train/01869.jpg,7
train/01870.jpg,1
train/01871.jpg,1
train/01872.jpg,1
train/01873.jpg,3
train/01874.jpg,7
train/01875.jpg,1
train/01876.jpg,1
train/01877.jpg,2
train/01878.jpg,0
train/01879.jpg,3
train/01880.jpg,2
train/01881.jpg,1
train/01882.jpg,0
train/01883.jpg,2
train/01884.jpg,7
train/01885.jpg,4
train/01886.jpg,3
train/01887.jpg,2
train/01888.jpg,6
train/01889.jpg,3
train/01890.jpg,1
train/01891.jpg,1
train/01892.jpg,0
train/01893.jpg,6
train/01894.jpg,1
train/01895.jpg,0
train/01896.jpg,0
train/01897.jpg,7
train/01898.jpg,1
train/01899.jpg,1
train/01900.jpg,1
train/01901.jpg,4
train/01902.jpg,7
train/01903.jpg,6
train/01904.jpg,0
train/01905.jpg,7
train/01906.jpg,0
train/01907.jpg,7
train/01908.jpg,1
train/01909.jpg,3
train/01910.jpg,4
train/01911.jpg,2
train/01912.jpg,6
train/01913.jpg,1
train/01914.jpg,6
train/01915.jpg,1
train/01916.jpg,3
train/01917.jpg,0
train/01918.jpg,0
train/01919.jpg,3
train/01920.jpg,6
train/01921.jpg,7
train/01922.jpg,1
train/01923.jpg,2
train/01924.jpg,0
train/01925.jpg,6
train/01926.jpg,3
train/01927.jpg,0
train/01928.jpg,5
train/01929.jpg,2
train/01930.jpg,1
train/01931.jpg,1
train/01932.jpg,0
train/01933.jpg,1
train/01934.jpg,1
train/01935.jpg,2
train/01936.jpg,0
train/01937.jpg,3
train/01938.jpg,7
train/01939.jpg,6
train/01940.jpg,1
train/01941.jpg,7
train/01942.jpg,6
train/01943.jpg,5
train/01944.jpg,2
train/01945.jpg,0
train/01946.jpg,6
train/01947.jpg,7
train/01948.jpg,2
train/01949.jpg,6
train/01950.jpg,2
train/01951.jpg,0
train/01952.jpg,0
train/01953.jpg,2
train/01954.jpg,4
train/01955.jpg,1
train/01956.jpg,2
train/01957.jpg,1
train/01958.jpg,6
train/01959.jpg,2
train/01960.jpg,6
train/01961.jpg,1
train/01962.jpg,2
train/01963.jpg,2
train/01964.jpg,5
train/01965.jpg,6
train/01966.jpg,0
train/01967.jpg,7
train/01968.jpg,1
train/01969.jpg,5
train/01970.jpg,1
train/01971.jpg,3
train/01972.jpg,1
train/01973.jpg,3
train/01974.jpg,4
train/01975.jpg,2
train/01976.jpg,3
train/01977.jpg,7
train/01978.jpg,1
train/01979.jpg,3
train/01980.jpg,0
train/01981.jpg,3
train/01982.jpg,3
train/01983.jpg,7
train/01984.jpg,2
train/01985.jpg,1
train/01986.jpg,6
train/01987.jpg,0
train/01988.jpg,1
train/01989.jpg,2
train/01990.jpg,0
train/01991.jpg,0
train/01992.jpg,1
train/01993.jpg,2
train/01994.jpg,3
train/01995.jpg,2
train/01996.jpg,1
train/01997.jpg,4
train/01998.jpg,6
train/01999.jpg,7
train/02000.jpg,1
train/02001.jpg,0
train/02002.jpg,0
train/02003.jpg,2
train/02004.jpg,1
train/02005.jpg,2
train/02006.jpg,2
train/02007.jpg,2
train/02008.jpg,1
train/02009.jpg,2
train/02010.jpg,0
train/02011.jpg,4
train/02012.jpg,7
train/02013.jpg,4
train/02014.jpg,7
train/02015.jpg,1
train/02016.jpg,3
train/02017.jpg,5
train/02018.jpg,0
train/02019.jpg,0
train/02020.jpg,2
train/02021.jpg,0
train/02022.jpg,1
train/02023.jpg,5
train/02024.jpg,0
train/02025.jpg,2
train/02026.jpg,7
train/02027.jpg,2
train/02028.jpg,3
train/02029.jpg,3
train/02030.jpg,0
train/02031.jpg,7
train/02032.jpg,1
train/02033.jpg,2
train/02034.jpg,7
train/02035.jpg,0
train/02036.jpg,6
train/02037.jpg,3
train/02038.jpg,1
train/02039.jpg,1
train/02040.jpg,1
train/02041.jpg,3
train/02042.jpg,3
train/02043.jpg,0
train/02044.jpg,1
train/02045.jpg,1
train/02046.jpg,0
train/02047.jpg,2
train/02048.jpg,0
train/02049.jpg,7
train/02050.jpg,0
train/02051.jpg,1
train/02052.jpg,1
train/02053.jpg,7
train/02054.jpg,3
train/02055.jpg,2
train/02056.jpg,1
train/02057.jpg,3
train/02058.jpg,2
train/02059.jpg,1
train/02060.jpg,0
train/02061.jpg,4
train/02062.jpg,6
train/02063.jpg,1
train/02064.jpg,0
train/02065.jpg,1
train/02066.jpg,4
train/02067.jpg,1
train/02068.jpg,1
train/02069.jpg,4
train/02070.jpg,0
train/02071.jpg,6
train/02072.jpg,0
train/02073.jpg,2
train/02074.jpg,7
train/02075.jpg,3
train/02076.jpg,3
train/02077.jpg,3
train/02078.jpg,1
train/02079.jpg,7
train/02080.jpg,0
train/02081.jpg,0
train/02082.jpg,0
train/02083.jpg,2
train/02084.jpg,2
train/02085.jpg,6
train/02086.jpg,4
train/02087.jpg,5
train/02088.jpg,0
train/02089.jpg,3
train/02090.jpg,0
train/02091.jpg,2
train/02092.jpg,1
train/02093.jpg,7
train/02094.jpg,0
train/02095.jpg,2
train/02096.jpg,1
train/02097.jpg,7
train/02098.jpg,0
train/02099.jpg,7
train/02100.jpg,0
train/02101.jpg,7
train/02102.jpg,6
train/02103.jpg,3
train/02104.jpg,1
train/02105.jpg,2
train/02106.jpg,0
train/02107.jpg,7
train/02108.jpg,0
train/02109.jpg,0
train/02110.jpg,1
train/02111.jpg,1
train/02112.jpg,7
train/02113.jpg,3
train/02114.jpg,1
train/02115.jpg,1
train/02116.jpg,5
train/02117.jpg,2
train/02118.jpg,2
train/02119.jpg,1
train/02120.jpg,0
train/02121.jpg,0
train/02122.jpg,3
train/02123.jpg,1
train/02124.jpg,1
train/02125.jpg,7
train/02126.jpg,0
train/02127.jpg,3
train/02128.jpg,1
train/02129.jpg,0
train/02130.jpg,4
train/02131.jpg,0
train/02132.jpg,7
train/02133.jpg,1
train/02134.jpg,2
train/02135.jpg,7
train/02136.jpg,0
train/02137.jpg,1
train/02138.jpg,1
train/02139.jpg,3
train/02140.jpg,1
train/02141.jpg,3
train/02142.jpg,7
train/02143.jpg,2
train/02144.jpg,1
train/02145.jpg,0
train/02146.jpg,3
train/02147.jpg,4
train/02148.jpg,0
train/02149.jpg,0
train/02150.jpg,6
train/02151.jpg,0
train/02152.jpg,3
train/02153.jpg,6
train/02154.jpg,1
train/02155.jpg,3
train/02156.jpg,3
train/02157.jpg,0
train/02158.jpg,3
train/02159.jpg,2
train/02160.jpg,6
train/02161.jpg,0
train/02162.jpg,3
train/02163.jpg,4
train/02164.jpg,3
train/02165.jpg,1
train/02166.jpg,1
train/02167.jpg,3
train/02168.jpg,2
train/02169.jpg,7
train/02170.jpg,7
train/02171.jpg,5
train/02172.jpg,2
train/02173.jpg,1
train/02174.jpg,0
train/02175.jpg,1
train/02176.jpg,1
train/02177.jpg,2
train/02178.jpg,6
train/02179.jpg,0
train/02180.jpg,4
train/02181.jpg,0
train/02182.jpg,3
train/02183.jpg,0
train/02184.jpg,2
train/02185.jpg,1
train/02186.jpg,4
train/02187.jpg,0
train/02188.jpg,5
train/02189.jpg,2
train/02190.jpg,2
train/02191.jpg,1
train/02192.jpg,0
train/02193.jpg,6
train/02194.jpg,2
train/02195.jpg,2
train/02196.jpg,7
train/02197.jpg,3
train/02198.jpg,1
train/02199.jpg,2
train/02200.jpg,5
train/02201.jpg,2
train/02202.jpg,2
train/02203.jpg,2
train/02204.jpg,1
train/02205.jpg,0
train/02206.jpg,0
train/02207.jpg,1
train/02208.jpg,3
train/02209.jpg,7
train/02210.jpg,1
train/02211.jpg,6
train/02212.jpg,7
train/02213.jpg,1
train/02214.jpg,5
train/02215.jpg,0
train/02216.jpg,3
train/02217.jpg,4
train/02218.jpg,0
train/02219.jpg,0
train/02220.jpg,2
train/02221.jpg,0
train/02222.jpg,3
train/02223.jpg,6
train/02224.jpg,3
train/02225.jpg,7
train/02226.jpg,1
train/02227.jpg,1
train/02228.jpg,1
train/02229.jpg,3
train/02230.jpg,7
train/02231.jpg,1
train/02232.jpg,1
train/02233.jpg,2
train/02234.jpg,3
train/02235.jpg,2
train/02236.jpg,3
train/02237.jpg,3
train/02238.jpg,1
train/02239.jpg,0
train/02240.jpg,1
train/02241.jpg,3
train/02242.jpg,6
train/02243.jpg,6
train/02244.jpg,2
train/02245.jpg,0
train/02246.jpg,1
train/02247.jpg,7
train/02248.jpg,1
train/02249.jpg,4
train/02250.jpg,1
train/02251.jpg,5
train/02252.jpg,1
train/02253.jpg,3
train/02254.jpg,7
train/02255.jpg,1
train/02256.jpg,2
train/02257.jpg,2
train/02258.jpg,1
train/02259.jpg,1
train/02260.jpg,1
train/02261.jpg,1
train/02262.jpg,4
train/02263.jpg,1
train/02264.jpg,3
train/02265.jpg,7
train/02266.jpg,0
train/02267.jpg,4
train/02268.jpg,6
train/02269.jpg,0
train/02270.jpg,2
train/02271.jpg,7
train/02272.jpg,4
train/02273.jpg,1
train/02274.jpg,1
train/02275.jpg,0
train/02276.jpg,2
train/02277.jpg,1
train/02278.jpg,0
train/02279.jpg,1
train/02280.jpg,0
train/02281.jpg,2
train/02282.jpg,2
train/02283.jpg,0
train/02284.jpg,1
train/02285.jpg,6
train/02286.jpg,3
train/02287.jpg,2
train/02288.jpg,7
train/02289.jpg,1
train/02290.jpg,6
train/02291.jpg,0
train/02292.jpg,5
train/02293.jpg,4
train/02294.jpg,7
train/02295.jpg,7
train/02296.jpg,0
train/02297.jpg,0
train/02298.jpg,7
train/02299.jpg,0
train/02300.jpg,1
train/02301.jpg,0
train/02302.jpg,6
train/02303.jpg,0
train/02304.jpg,1
train/02305.jpg,3
train/02306.jpg,3
train/02307.jpg,2
train/02308.jpg,1
train/02309.jpg,2
train/02310.jpg,3
train/02311.jpg,0
train/02312.jpg,2
train/02313.jpg,1
train/02314.jpg,1
train/02315.jpg,2
train/02316.jpg,6
train/02317.jpg,6
train/02318.jpg,7
train/02319.jpg,0
train/02320.jpg,0
train/02321.jpg,2
train/02322.jpg,3
train/02323.jpg,2
train/02324.jpg,1
train/02325.jpg,2
train/02326.jpg,3
train/02327.jpg,0
train/02328.jpg,2
train/02329.jpg,2
train/02330.jpg,1
train/02331.jpg,0
train/02332.jpg,0
train/02333.jpg,7
train/02334.jpg,2
train/02335.jpg,3
train/02336.jpg,0
train/02337.jpg,2
train/02338.jpg,2
train/02339.jpg,5
train/02340.jpg,5
train/02341.jpg,5
train/02342.jpg,1
train/02343.jpg,3
train/02344.jpg,1
train/02345.jpg,0
train/02346.jpg,3
train/02347.jpg,0
train/02348.jpg,3
train/02349.jpg,1
train/02350.jpg,1
train/02351.jpg,1
train/02352.jpg,2
train/02353.jpg,1
train/02354.jpg,0
train/02355.jpg,1
train/02356.jpg,4
train/02357.jpg,3
train/02358.jpg,6
train/02359.jpg,4
train/02360.jpg,7
train/02361.jpg,0
train/02362.jpg,6
train/02363.jpg,0
train/02364.jpg,1
train/02365.jpg,7
train/02366.jpg,0
train/02367.jpg,1
train/02368.jpg,2
train/02369.jpg,0
train/02370.jpg,2
train/02371.jpg,1
train/02372.jpg,5
train/02373.jpg,1
train/02374.jpg,1
train/02375.jpg,0
train/02376.jpg,4
train/02377.jpg,3
train/02378.jpg,2
train/02379.jpg,1
train/02380.jpg,2
train/02381.jpg,3
train/02382.jpg,1
train/02383.jpg,6
train/02384.jpg,4
train/02385.jpg,7
train/02386.jpg,1
train/02387.jpg,2
train/02388.jpg,5
train/02389.jpg,6
train/02390.jpg,0
train/02391.jpg,0
train/02392.jpg,3
train/02393.jpg,0
train/02394.jpg,0
train/02395.jpg,3
train/02396.jpg,7
train/02397.jpg,1
train/02398.jpg,7
train/02399.jpg,0
train/02400.jpg,5
train/02401.jpg,4
train/02402.jpg,0
train/02403.jpg,0
train/02404.jpg,0
train/02405.jpg,1
train/02406.jpg,1
train/02407.jpg,3
train/02408.jpg,0
train/02409.jpg,6
train/02410.jpg,0
train/02411.jpg,0
train/02412.jpg,1
train/02413.jpg,0
train/02414.jpg,1
train/02415.jpg,1
train/02416.jpg,2
train/02417.jpg,4
train/02418.jpg,3
train/02419.jpg,5
train/02420.jpg,1
train/02421.jpg,0
train/02422.jpg,1
train/02423.jpg,1
train/02424.jpg,4
train/02425.jpg,0
train/02426.jpg,1
train/02427.jpg,2
train/02428.jpg,3
train/02429.jpg,4
train/02430.jpg,6
train/02431.jpg,2
train/02432.jpg,0
train/02433.jpg,1
train/02434.jpg,4
train/02435.jpg,3
train/02436.jpg,1
train/02437.jpg,1
train/02438.jpg,4
train/02439.jpg,6
train/02440.jpg,0
train/02441.jpg,1
train/02442.jpg,1
train/02443.jpg,7
train/02444.jpg,7
train/02445.jpg,0
train/02446.jpg,2
train/02447.jpg,6
train/02448.jpg,7
train/02449.jpg,6
train/02450.jpg,1
train/02451.jpg,3
train/02452.jpg,1
train/02453.jpg,7
train/02454.jpg,0
train/02455.jpg,7
train/02456.jpg,2
train/02457.jpg,1
train/02458.jpg,3
train/02459.jpg,2
train/02460.jpg,0
train/02461.jpg,4
train/02462.jpg,0
train/02463.jpg,1
train/02464.jpg,2
train/02465.jpg,1
train/02466.jpg,7
train/02467.jpg,4
train/02468.jpg,1
train/02469.jpg,4
train/02470.jpg,4
train/02471.jpg,2
train/02472.jpg,1
train/02473.jpg,3
train/02474.jpg,2
train/02475.jpg,2
train/02476.jpg,0
train/02477.jpg,2
train/02478.jpg,3
train/02479.jpg,5
train/02480.jpg,2
train/02481.jpg,1
train/02482.jpg,7
train/02483.jpg,6
train/02484.jpg,3
train/02485.jpg,0
train/02486.jpg,0
train/02487.jpg,2
train/02488.jpg,7
train/02489.jpg,2
train/02490.jpg,0
train/02491.jpg,1
train/02492.jpg,1
train/02493.jpg,1
train/02494.jpg,7
train/02495.jpg,1
train/02496.jpg,0
train/02497.jpg,2
train/02498.jpg,6
train/02499.jpg,0
train/02500.jpg,1
train/02501.jpg,3
train/02502.jpg,1
train/02503.jpg,0
train/02504.jpg,2
train/02505.jpg,5
train/02506.jpg,6
train/02507.jpg,1
train/02508.jpg,0
train/02509.jpg,0
train/02510.jpg,2
train/02511.jpg,0
train/02512.jpg,7
train/02513.jpg,0
train/02514.jpg,0
train/02515.jpg,7
train/02516.jpg,3
train/02517.jpg,1
train/02518.jpg,7
train/02519.jpg,6
train/02520.jpg,2
train/02521.jpg,1
train/02522.jpg,0
train/02523.jpg,1
train/02524.jpg,7
train/02525.jpg,1
train/02526.jpg,2
train/02527.jpg,2
train/02528.jpg,3
train/02529.jpg,1
train/02530.jpg,1
train/02531.jpg,0
train/02532.jpg,4
train/02533.jpg,3
train/02534.jpg,1
train/02535.jpg,4
train/02536.jpg,6
train/02537.jpg,3
train/02538.jpg,6
train/02539.jpg,4
train/02540.jpg,1
train/02541.jpg,3
train/02542.jpg,0
train/02543.jpg,3
train/02544.jpg,2
train/02545.jpg,5
train/02546.jpg,7
train/02547.jpg,7
train/02548.jpg,6
train/02549.jpg,3
train/02550.jpg,1
train/02551.jpg,7
train/02552.jpg,1
train/02553.jpg,2
train/02554.jpg,6
train/02555.jpg,0
train/02556.jpg,3
train/02557.jpg,6
train/02558.jpg,0
train/02559.jpg,3
train/02560.jpg,1
train/02561.jpg,1
train/02562.jpg,1
train/02563.jpg,6
train/02564.jpg,6
train/02565.jpg,0
train/02566.jpg,1
train/02567.jpg,1
train/02568.jpg,2
train/02569.jpg,2
train/02570.jpg,3
train/02571.jpg,0
train/02572.jpg,1
train/02573.jpg,2
train/02574.jpg,1
train/02575.jpg,1
train/02576.jpg,0
train/02577.jpg,2
train/02578.jpg,7
train/02579.jpg,5
train/02580.jpg,2
train/02581.jpg,1
train/02582.jpg,1
train/02583.jpg,1
train/02584.jpg,3
train/02585.jpg,5
train/02586.jpg,1
train/02587.jpg,1
train/02588.jpg,7
train/02589.jpg,1
train/02590.jpg,1
train/02591.jpg,2
train/02592.jpg,6
train/02593.jpg,3
train/02594.jpg,3
train/02595.jpg,1
train/02596.jpg,3
train/02597.jpg,7
train/02598.jpg,2
train/02599.jpg,7
train/02600.jpg,1
train/02601.jpg,0
train/02602.jpg,1
train/02603.jpg,1
train/02604.jpg,3
train/02605.jpg,2
train/02606.jpg,0
train/02607.jpg,0
train/02608.jpg,0
train/02609.jpg,6
train/02610.jpg,7
train/02611.jpg,5
train/02612.jpg,4
train/02613.jpg,2
train/02614.jpg,3
train/02615.jpg,6
train/02616.jpg,2
train/02617.jpg,1
train/02618.jpg,7
train/02619.jpg,1
train/02620.jpg,3
train/02621.jpg,1
train/02622.jpg,7
train/02623.jpg,4
train/02624.jpg,3
train/02625.jpg,2
train/02626.jpg,1
train/02627.jpg,2
train/02628.jpg,7
train/02629.jpg,4
train/02630.jpg,1
train/02631.jpg,1
train/02632.jpg,2
train/02633.jpg,5
train/02634.jpg,7
train/02635.jpg,1
train/02636.jpg,2
train/02637.jpg,6
train/02638.jpg,0
train/02639.jpg,5
train/02640.jpg,7
train/02641.jpg,2
train/02642.jpg,1
train/02643.jpg,0
train/02644.jpg,7
train/02645.jpg,2
train/02646.jpg,1
train/02647.jpg,2
train/02648.jpg,5
train/02649.jpg,2
train/02650.jpg,1
train/02651.jpg,1
train/02652.jpg,0
train/02653.jpg,1
train/02654.jpg,2
train/02655.jpg,0
train/02656.jpg,1
train/02657.jpg,2
train/02658.jpg,6
train/02659.jpg,0
train/02660.jpg,2
train/02661.jpg,0
train/02662.jpg,5
train/02663.jpg,1
train/02664.jpg,2
train/02665.jpg,4
train/02666.jpg,1
train/02667.jpg,2
train/02668.jpg,5
train/02669.jpg,1
train/02670.jpg,1
train/02671.jpg,4
train/02672.jpg,6
train/02673.jpg,3
train/02674.jpg,2
train/02675.jpg,1
train/02676.jpg,2
train/02677.jpg,0
train/02678.jpg,0
train/02679.jpg,0
train/02680.jpg,1
train/02681.jpg,3
train/02682.jpg,2
train/02683.jpg,2
train/02684.jpg,7
train/02685.jpg,6
train/02686.jpg,3
train/02687.jpg,1
train/02688.jpg,1
train/02689.jpg,5
train/02690.jpg,0
train/02691.jpg,2
train/02692.jpg,4
train/02693.jpg,3
train/02694.jpg,1
train/02695.jpg,2
train/02696.jpg,3
train/02697.jpg,0
train/02698.jpg,6
train/02699.jpg,2
train/02700.jpg,0
train/02701.jpg,2
train/02702.jpg,0
train/02703.jpg,0
train/02704.jpg,2
train/02705.jpg,4
train/02706.jpg,7
train/02707.jpg,1
train/02708.jpg,1
train/02709.jpg,3
train/02710.jpg,4
train/02711.jpg,6
train/02712.jpg,0
train/02713.jpg,2
train/02714.jpg,2
train/02715.jpg,1
train/02716.jpg,5
train/02717.jpg,3
train/02718.jpg,1
train/02719.jpg,2
train/02720.jpg,0
train/02721.jpg,6
train/02722.jpg,3
train/02723.jpg,2
train/02724.jpg,6
train/02725.jpg,2
train/02726.jpg,2
train/02727.jpg,3
train/02728.jpg,1
train/02729.jpg,0
train/02730.jpg,1
train/02731.jpg,3
train/02732.jpg,6
train/02733.jpg,6
train/02734.jpg,6
train/02735.jpg,2
train/02736.jpg,1
train/02737.jpg,3
train/02738.jpg,2
train/02739.jpg,1
train/02740.jpg,2
train/02741.jpg,1
train/02742.jpg,4
train/02743.jpg,0
train/02744.jpg,1
train/02745.jpg,2
train/02746.jpg,5
train/02747.jpg,0
train/02748.jpg,6
train/02749.jpg,2
train/02750.jpg,1
train/02751.jpg,5
train/02752.jpg,2
train/02753.jpg,6
train/02754.jpg,4
train/02755.jpg,4
train/02756.jpg,6
train/02757.jpg,1
train/02758.jpg,2
train/02759.jpg,0
train/02760.jpg,2
train/02761.jpg,7
train/02762.jpg,2
train/02763.jpg,0
train/02764.jpg,2
train/02765.jpg,0
train/02766.jpg,2
train/02767.jpg,2
train/02768.jpg,0
train/02769.jpg,0
train/02770.jpg,1
train/02771.jpg,2
train/02772.jpg,2
train/02773.jpg,3
train/02774.jpg,3
train/02775.jpg,7
train/02776.jpg,3
train/02777.jpg,3
train/02778.jpg,0
train/02779.jpg,0
train/02780.jpg,0
train/02781.jpg,3
train/02782.jpg,1
train/02783.jpg,1
train/02784.jpg,2
train/02785.jpg,3
train/02786.jpg,2
train/02787.jpg,1
train/02788.jpg,3
train/02789.jpg,1
train/02790.jpg,7
train/02791.jpg,3
train/02792.jpg,7
train/02793.jpg,7
train/02794.jpg,1
train/02795.jpg,0
train/02796.jpg,5
train/02797.jpg,3
train/02798.jpg,1
train/02799.jpg,3
train/02800.jpg,1
train/02801.jpg,1
train/02802.jpg,3
train/02803.jpg,2
train/02804.jpg,1
train/02805.jpg,7
train/02806.jpg,2
train/02807.jpg,1
train/02808.jpg,7
train/02809.jpg,3
train/02810.jpg,1
train/02811.jpg,0
train/02812.jpg,1
train/02813.jpg,3
train/02814.jpg,4
train/02815.jpg,6
train/02816.jpg,4
train/02817.jpg,3
train/02818.jpg,6
train/02819.jpg,0
train/02820.jpg,3
train/02821.jpg,0
train/02822.jpg,4
train/02823.jpg,1
train/02824.jpg,2
train/02825.jpg,2
train/02826.jpg,1
train/02827.jpg,1
train/02828.jpg,3
train/02829.jpg,0
train/02830.jpg,7
train/02831.jpg,4
train/02832.jpg,1
train/02833.jpg,1
train/02834.jpg,1
train/02835.jpg,1
train/02836.jpg,2
train/02837.jpg,1
train/02838.jpg,4
train/02839.jpg,2
train/02840.jpg,7
train/02841.jpg,4
train/02842.jpg,7
train/02843.jpg,1
train/02844.jpg,3
train/02845.jpg,1
train/02846.jpg,7
train/02847.jpg,1
train/02848.jpg,0
train/02849.jpg,1
train/02850.jpg,0
train/02851.jpg,1
train/02852.jpg,1
train/02853.jpg,0
train/02854.jpg,0
train/02855.jpg,6
train/02856.jpg,3
train/02857.jpg,3
train/02858.jpg,0
train/02859.jpg,7
train/02860.jpg,4
train/02861.jpg,3
train/02862.jpg,6
train/02863.jpg,6
train/02864.jpg,4
train/02865.jpg,2
train/02866.jpg,3
train/02867.jpg,3
train/02868.jpg,2
train/02869.jpg,4
train/02870.jpg,1
train/02871.jpg,7
train/02872.jpg,0
train/02873.jpg,3
train/02874.jpg,5
train/02875.jpg,2
train/02876.jpg,1
train/02877.jpg,7
train/02878.jpg,6
train/02879.jpg,0
train/02880.jpg,6
train/02881.jpg,0
train/02882.jpg,1
train/02883.jpg,0
train/02884.jpg,2
train/02885.jpg,3
train/02886.jpg,0
train/02887.jpg,1
train/02888.jpg,1
train/02889.jpg,2
train/02890.jpg,4
train/02891.jpg,2
train/02892.jpg,2
train/02893.jpg,7
train/02894.jpg,2
train/02895.jpg,4
train/02896.jpg,2
train/02897.jpg,1
train/02898.jpg,3
train/02899.jpg,2
train/02900.jpg,1
train/02901.jpg,0
train/02902.jpg,3
train/02903.jpg,7
train/02904.jpg,2
train/02905.jpg,1
train/02906.jpg,1
train/02907.jpg,2
train/02908.jpg,2
train/02909.jpg,1
train/02910.jpg,2
train/02911.jpg,2
train/02912.jpg,7
train/02913.jpg,1
train/02914.jpg,1
train/02915.jpg,2
train/02916.jpg,6
train/02917.jpg,4
train/02918.jpg,3
train/02919.jpg,2
train/02920.jpg,7
train/02921.jpg,2
train/02922.jpg,3
train/02923.jpg,2
train/02924.jpg,1
train/02925.jpg,2
train/02926.jpg,7
train/02927.jpg,2
train/02928.jpg,3
train/02929.jpg,5
train/02930.jpg,0
train/02931.jpg,4
train/02932.jpg,0
train/02933.jpg,3
train/02934.jpg,7
train/02935.jpg,0
train/02936.jpg,3
train/02937.jpg,4
train/02938.jpg,7
train/02939.jpg,2
train/02940.jpg,0
train/02941.jpg,2
train/02942.jpg,0
train/02943.jpg,1
train/02944.jpg,1
train/02945.jpg,7
train/02946.jpg,7
train/02947.jpg,2
train/02948.jpg,2
train/02949.jpg,1
train/02950.jpg,0
train/02951.jpg,1
train/02952.jpg,1
train/02953.jpg,4
train/02954.jpg,0
train/02955.jpg,2
train/02956.jpg,6
train/02957.jpg,1
train/02958.jpg,1
train/02959.jpg,4
train/02960.jpg,0
train/02961.jpg,3
train/02962.jpg,7
train/02963.jpg,0
train/02964.jpg,2
train/02965.jpg,0
train/02966.jpg,7
train/02967.jpg,2
train/02968.jpg,1
train/02969.jpg,1
train/02970.jpg,2
train/02971.jpg,0
train/02972.jpg,1
train/02973.jpg,1
train/02974.jpg,1
train/02975.jpg,0
train/02976.jpg,7
train/02977.jpg,0
train/02978.jpg,1
train/02979.jpg,2
train/02980.jpg,1
train/02981.jpg,3
train/02982.jpg,2
train/02983.jpg,6
train/02984.jpg,6
train/02985.jpg,0
train/02986.jpg,1
train/02987.jpg,1
train/02988.jpg,1
train/02989.jpg,4
train/02990.jpg,1
train/02991.jpg,5
train/02992.jpg,5
train/02993.jpg,3
train/02994.jpg,2
train/02995.jpg,1
train/02996.jpg,0
train/02997.jpg,4
train/02998.jpg,3
train/02999.jpg,0
train/03000.jpg,7
train/03001.jpg,3
train/03002.jpg,3
train/03003.jpg,4
train/03004.jpg,4
train/03005.jpg,3
train/03006.jpg,3
train/03007.jpg,0
train/03008.jpg,0
train/03009.jpg,2
train/03010.jpg,5
train/03011.jpg,1
train/03012.jpg,5
train/03013.jpg,1
train/03014.jpg,3
train/03015.jpg,1
train/03016.jpg,3
train/03017.jpg,0
train/03018.jpg,1
train/03019.jpg,2
train/03020.jpg,7
train/03021.jpg,4
train/03022.jpg,0
train/03023.jpg,5
train/03024.jpg,6
train/03025.jpg,1
train/03026.jpg,1
train/03027.jpg,4
train/03028.jpg,2
train/03029.jpg,3
train/03030.jpg,1
train/03031.jpg,2
train/03032.jpg,5
train/03033.jpg,4
train/03034.jpg,3
train/03035.jpg,1
train/03036.jpg,0
train/03037.jpg,1
train/03038.jpg,1
train/03039.jpg,0
train/03040.jpg,7
train/03041.jpg,0
train/03042.jpg,1
train/03043.jpg,3
train/03044.jpg,4
train/03045.jpg,0
train/03046.jpg,3
train/03047.jpg,2
train/03048.jpg,5
train/03049.jpg,3
train/03050.jpg,1
train/03051.jpg,1
train/03052.jpg,4
train/03053.jpg,2
train/03054.jpg,1
train/03055.jpg,2
train/03056.jpg,6
train/03057.jpg,4
train/03058.jpg,4
train/03059.jpg,0
train/03060.jpg,5
train/03061.jpg,7
train/03062.jpg,7
train/03063.jpg,1
train/03064.jpg,2
train/03065.jpg,0
train/03066.jpg,3
train/03067.jpg,1
train/03068.jpg,1
train/03069.jpg,2
train/03070.jpg,1
train/03071.jpg,3
train/03072.jpg,7
train/03073.jpg,5
train/03074.jpg,7
train/03075.jpg,2
train/03076.jpg,3
train/03077.jpg,4
train/03078.jpg,7
train/03079.jpg,2
train/03080.jpg,1
train/03081.jpg,1
train/03082.jpg,2
train/03083.jpg,7
train/03084.jpg,4
train/03085.jpg,1
train/03086.jpg,1
train/03087.jpg,1
train/03088.jpg,2
train/03089.jpg,0
train/03090.jpg,0
train/03091.jpg,3
train/03092.jpg,1
train/03093.jpg,0
train/03094.jpg,7
train/03095.jpg,6
train/03096.jpg,1
train/03097.jpg,7
train/03098.jpg,3
train/03099.jpg,6
train/03100.jpg,1
train/03101.jpg,3
train/03102.jpg,1
train/03103.jpg,1
train/03104.jpg,1
train/03105.jpg,0
train/03106.jpg,3
train/03107.jpg,1
train/03108.jpg,0
train/03109.jpg,0
train/03110.jpg,0
train/03111.jpg,1
train/03112.jpg,4
train/03113.jpg,1
train/03114.jpg,4
train/03115.jpg,3
train/03116.jpg,0
train/03117.jpg,7
train/03118.jpg,7
train/03119.jpg,1
train/03120.jpg,6
train/03121.jpg,2
train/03122.jpg,2
train/03123.jpg,7
train/03124.jpg,1
train/03125.jpg,4
train/03126.jpg,0
train/03127.jpg,1
train/03128.jpg,2
train/03129.jpg,0
train/03130.jpg,2
train/03131.jpg,0
train/03132.jpg,7
train/03133.jpg,0
train/03134.jpg,0
train/03135.jpg,0
train/03136.jpg,2
train/03137.jpg,6
train/03138.jpg,0
train/03139.jpg,2
train/03140.jpg,0
train/03141.jpg,4
train/03142.jpg,0
train/03143.jpg,0
train/03144.jpg,2
train/03145.jpg,7
train/03146.jpg,0
train/03147.jpg,4
train/03148.jpg,1
train/03149.jpg,1
train/03150.jpg,0
train/03151.jpg,2
train/03152.jpg,1
train/03153.jpg,3
train/03154.jpg,0
train/03155.jpg,0
train/03156.jpg,0
train/03157.jpg,1
train/03158.jpg,6
train/03159.jpg,3
train/03160.jpg,1
train/03161.jpg,4
train/03162.jpg,3
train/03163.jpg,2
train/03164.jpg,0
train/03165.jpg,1
train/03166.jpg,7
train/03167.jpg,3
train/03168.jpg,1
train/03169.jpg,1
train/03170.jpg,1
train/03171.jpg,7
train/03172.jpg,5
train/03173.jpg,3
train/03174.jpg,3
train/03175.jpg,2
train/03176.jpg,7
train/03177.jpg,4
train/03178.jpg,3
train/03179.jpg,0
train/03180.jpg,0
train/03181.jpg,2
train/03182.jpg,3
train/03183.jpg,2
train/03184.jpg,2
train/03185.jpg,2
train/03186.jpg,4
train/03187.jpg,0
train/03188.jpg,4
train/03189.jpg,0
train/03190.jpg,1
train/03191.jpg,1
train/03192.jpg,2
train/03193.jpg,6
train/03194.jpg,3
train/03195.jpg,7
train/03196.jpg,3
train/03197.jpg,0
train/03198.jpg,0
train/03199.jpg,3
train/03200.jpg,4
train/03201.jpg,1
train/03202.jpg,6
train/03203.jpg,2
train/03204.jpg,6
train/03205.jpg,5
train/03206.jpg,1
train/03207.jpg,5
train/03208.jpg,2
train/03209.jpg,0
train/03210.jpg,7
train/03211.jpg,3
train/03212.jpg,1
train/03213.jpg,2
train/03214.jpg,5
train/03215.jpg,2
train/03216.jpg,1
train/03217.jpg,1
train/03218.jpg,6
train/03219.jpg,2
train/03220.jpg,7
train/03221.jpg,2
train/03222.jpg,7
train/03223.jpg,7
train/03224.jpg,4
train/03225.jpg,1
train/03226.jpg,2
train/03227.jpg,1
train/03228.jpg,0
train/03229.jpg,1
train/03230.jpg,1
train/03231.jpg,2
train/03232.jpg,0
train/03233.jpg,2
train/03234.jpg,5
train/03235.jpg,2
train/03236.jpg,5
train/03237.jpg,0
train/03238.jpg,1
train/03239.jpg,2
train/03240.jpg,7
train/03241.jpg,1
train/03242.jpg,2
train/03243.jpg,1
train/03244.jpg,0
train/03245.jpg,2
train/03246.jpg,0
train/03247.jpg,7
train/03248.jpg,1
train/03249.jpg,3
train/03250.jpg,1
train/03251.jpg,2
train/03252.jpg,6
train/03253.jpg,1
train/03254.jpg,1
train/03255.jpg,0
train/03256.jpg,1
train/03257.jpg,3
train/03258.jpg,2
train/03259.jpg,2
train/03260.jpg,0
train/03261.jpg,7
train/03262.jpg,3
train/03263.jpg,4
train/03264.jpg,4
train/03265.jpg,2
train/03266.jpg,1
train/03267.jpg,1
train/03268.jpg,5
train/03269.jpg,1
train/03270.jpg,4
train/03271.jpg,0
train/03272.jpg,4
train/03273.jpg,1
train/03274.jpg,0
train/03275.jpg,0
train/03276.jpg,3
train/03277.jpg,1
train/03278.jpg,2
train/03279.jpg,0
train/03280.jpg,5
train/03281.jpg,0
train/03282.jpg,1
train/03283.jpg,2
train/03284.jpg,4
train/03285.jpg,1
train/03286.jpg,6
train/03287.jpg,0
train/03288.jpg,1
train/03289.jpg,2
train/03290.jpg,1
train/03291.jpg,2
train/03292.jpg,0
train/03293.jpg,3
train/03294.jpg,2
train/03295.jpg,7
train/03296.jpg,2
train/03297.jpg,2
train/03298.jpg,1
train/03299.jpg,1
train/03300.jpg,4
train/03301.jpg,2
train/03302.jpg,1
train/03303.jpg,0
train/03304.jpg,1
train/03305.jpg,7
train/03306.jpg,0
train/03307.jpg,0
train/03308.jpg,4
train/03309.jpg,7
train/03310.jpg,3
train/03311.jpg,3
train/03312.jpg,7
train/03313.jpg,2
train/03314.jpg,1
train/03315.jpg,5
train/03316.jpg,4
train/03317.jpg,1
train/03318.jpg,6
train/03319.jpg,7
train/03320.jpg,7
train/03321.jpg,1
train/03322.jpg,6
train/03323.jpg,2
train/03324.jpg,3
train/03325.jpg,1
train/03326.jpg,1
train/03327.jpg,3
train/03328.jpg,6
train/03329.jpg,7
train/03330.jpg,2
train/03331.jpg,3
train/03332.jpg,6
train/03333.jpg,1
train/03334.jpg,2
train/03335.jpg,2
train/03336.jpg,6
train/03337.jpg,0
train/03338.jpg,1
train/03339.jpg,0
train/03340.jpg,1
train/03341.jpg,3
train/03342.jpg,1
train/03343.jpg,1
train/03344.jpg,1
train/03345.jpg,1
train/03346.jpg,4
train/03347.jpg,3
train/03348.jpg,0
train/03349.jpg,2
train/03350.jpg,2
train/03351.jpg,1
train/03352.jpg,1
train/03353.jpg,1
train/03354.jpg,0
train/03355.jpg,1
train/03356.jpg,4
train/03357.jpg,3
train/03358.jpg,1
train/03359.jpg,7
train/03360.jpg,1
train/03361.jpg,0
train/03362.jpg,0
train/03363.jpg,6
train/03364.jpg,7
train/03365.jpg,3
train/03366.jpg,0
train/03367.jpg,1
train/03368.jpg,1
train/03369.jpg,3
train/03370.jpg,3
train/03371.jpg,0
train/03372.jpg,1
train/03373.jpg,3
train/03374.jpg,1
train/03375.jpg,0
train/03376.jpg,1
train/03377.jpg,6
train/03378.jpg,0
train/03379.jpg,3
train/03380.jpg,6
train/03381.jpg,0
train/03382.jpg,4
train/03383.jpg,4
train/03384.jpg,6
train/03385.jpg,0
train/03386.jpg,2
train/03387.jpg,5
train/03388.jpg,1
train/03389.jpg,0
train/03390.jpg,3
train/03391.jpg,2
train/03392.jpg,1
train/03393.jpg,0
train/03394.jpg,1
train/03395.jpg,2
train/03396.jpg,1
train/03397.jpg,1
train/03398.jpg,3
train/03399.jpg,1
train/03400.jpg,1
train/03401.jpg,0
train/03402.jpg,1
train/03403.jpg,1
train/03404.jpg,1
train/03405.jpg,6
train/03406.jpg,2
train/03407.jpg,2
train/03408.jpg,2
train/03409.jpg,2
train/03410.jpg,1
train/03411.jpg,1
train/03412.jpg,1
train/03413.jpg,2
train/03414.jpg,2
train/03415.jpg,5
train/03416.jpg,1
train/03417.jpg,1
train/03418.jpg,2
train/03419.jpg,2
train/03420.jpg,7
train/03421.jpg,3
train/03422.jpg,2
train/03423.jpg,4
train/03424.jpg,1
train/03425.jpg,2
train/03426.jpg,0
train/03427.jpg,2
train/03428.jpg,7
train/03429.jpg,1
train/03430.jpg,4
train/03431.jpg,3
train/03432.jpg,5
train/03433.jpg,2
train/03434.jpg,2
train/03435.jpg,5
train/03436.jpg,2
train/03437.jpg,1
train/03438.jpg,4
train/03439.jpg,5
train/03440.jpg,0
train/03441.jpg,6
train/03442.jpg,0
train/03443.jpg,7
train/03444.jpg,0
train/03445.jpg,2
train/03446.jpg,1
train/03447.jpg,0
train/03448.jpg,6
train/03449.jpg,2
train/03450.jpg,6
train/03451.jpg,2
train/03452.jpg,2
train/03453.jpg,5
train/03454.jpg,2
train/03455.jpg,1
train/03456.jpg,1
train/03457.jpg,3
train/03458.jpg,2
train/03459.jpg,5
train/03460.jpg,5
train/03461.jpg,3
train/03462.jpg,1
train/03463.jpg,6
train/03464.jpg,1
train/03465.jpg,2
train/03466.jpg,0
train/03467.jpg,1
train/03468.jpg,5
train/03469.jpg,2
train/03470.jpg,1
train/03471.jpg,1
train/03472.jpg,1
train/03473.jpg,7
train/03474.jpg,0
train/03475.jpg,3
train/03476.jpg,4
train/03477.jpg,0
train/03478.jpg,2
train/03479.jpg,2
train/03480.jpg,2
train/03481.jpg,7
train/03482.jpg,6
train/03483.jpg,0
train/03484.jpg,1
train/03485.jpg,2
train/03486.jpg,1
train/03487.jpg,4
train/03488.jpg,7
train/03489.jpg,0
train/03490.jpg,4
train/03491.jpg,0
train/03492.jpg,2
train/03493.jpg,4
train/03494.jpg,0
train/03495.jpg,1
train/03496.jpg,1
train/03497.jpg,6
train/03498.jpg,5
train/03499.jpg,3
train/03500.jpg,2
train/03501.jpg,2
train/03502.jpg,2
train/03503.jpg,3
train/03504.jpg,2
train/03505.jpg,7
train/03506.jpg,1
train/03507.jpg,1
train/03508.jpg,2
train/03509.jpg,7
train/03510.jpg,1
train/03511.jpg,1
train/03512.jpg,1
train/03513.jpg,1
train/03514.jpg,3
train/03515.jpg,2
train/03516.jpg,7
train/03517.jpg,1
train/03518.jpg,4
train/03519.jpg,7
train/03520.jpg,0
train/03521.jpg,6
train/03522.jpg,1
train/03523.jpg,3
train/03524.jpg,2
train/03525.jpg,3
train/03526.jpg,7
train/03527.jpg,3
train/03528.jpg,0
train/03529.jpg,6
train/03530.jpg,0
train/03531.jpg,1
train/03532.jpg,6
train/03533.jpg,1
train/03534.jpg,0
train/03535.jpg,1
train/03536.jpg,5
train/03537.jpg,1
train/03538.jpg,3
train/03539.jpg,7
train/03540.jpg,1
train/03541.jpg,2
train/03542.jpg,1
train/03543.jpg,1
train/03544.jpg,2
train/03545.jpg,1
train/03546.jpg,0
train/03547.jpg,2
train/03548.jpg,1
train/03549.jpg,3
train/03550.jpg,7
train/03551.jpg,7
train/03552.jpg,0
train/03553.jpg,0
train/03554.jpg,6
train/03555.jpg,4
train/03556.jpg,0
train/03557.jpg,6
train/03558.jpg,0
train/03559.jpg,2
train/03560.jpg,2
train/03561.jpg,2
train/03562.jpg,2
train/03563.jpg,1
train/03564.jpg,3
train/03565.jpg,5
train/03566.jpg,3
train/03567.jpg,0
train/03568.jpg,1
train/03569.jpg,1
train/03570.jpg,0
train/03571.jpg,0
train/03572.jpg,3
train/03573.jpg,0
train/03574.jpg,6
train/03575.jpg,3
train/03576.jpg,2
train/03577.jpg,7
train/03578.jpg,1
train/03579.jpg,4
train/03580.jpg,0
train/03581.jpg,7
train/03582.jpg,4
train/03583.jpg,1
train/03584.jpg,2
train/03585.jpg,1
train/03586.jpg,0
train/03587.jpg,0
train/03588.jpg,0
train/03589.jpg,3
train/03590.jpg,2
train/03591.jpg,2
train/03592.jpg,1
train/03593.jpg,4
train/03594.jpg,2
train/03595.jpg,2
train/03596.jpg,4
train/03597.jpg,1
train/03598.jpg,0
train/03599.jpg,2
train/03600.jpg,0
train/03601.jpg,0
train/03602.jpg,2
train/03603.jpg,1
train/03604.jpg,0
train/03605.jpg,2
train/03606.jpg,2
train/03607.jpg,1
train/03608.jpg,2
train/03609.jpg,6
train/03610.jpg,1
train/03611.jpg,6
train/03612.jpg,7
train/03613.jpg,1
train/03614.jpg,7
train/03615.jpg,2
train/03616.jpg,7
train/03617.jpg,0
train/03618.jpg,4
train/03619.jpg,3
train/03620.jpg,3
train/03621.jpg,1
train/03622.jpg,2
train/03623.jpg,1
train/03624.jpg,0
train/03625.jpg,5
train/03626.jpg,2
train/03627.jpg,0
train/03628.jpg,1
train/03629.jpg,4
train/03630.jpg,0
train/03631.jpg,1
train/03632.jpg,7
train/03633.jpg,1
train/03634.jpg,2
train/03635.jpg,3
train/03636.jpg,4
train/03637.jpg,6
train/03638.jpg,2
train/03639.jpg,1
train/03640.jpg,1
train/03641.jpg,1
train/03642.jpg,4
train/03643.jpg,0
train/03644.jpg,3
train/03645.jpg,1
train/03646.jpg,6
train/03647.jpg,7
train/03648.jpg,0
train/03649.jpg,0
train/03650.jpg,5
train/03651.jpg,6
train/03652.jpg,1
train/03653.jpg,2
train/03654.jpg,2
train/03655.jpg,2
train/03656.jpg,1
train/03657.jpg,3
train/03658.jpg,3
train/03659.jpg,2
train/03660.jpg,0
train/03661.jpg,1
train/03662.jpg,2
train/03663.jpg,1
train/03664.jpg,1
train/03665.jpg,2
train/03666.jpg,1
train/03667.jpg,0
train/03668.jpg,4
train/03669.jpg,0
train/03670.jpg,2
train/03671.jpg,4
train/03672.jpg,7
train/03673.jpg,1
train/03674.jpg,4
train/03675.jpg,1
train/03676.jpg,3
train/03677.jpg,0
train/03678.jpg,4
train/03679.jpg,5
train/03680.jpg,7
train/03681.jpg,6
train/03682.jpg,6
train/03683.jpg,7
train/03684.jpg,3
train/03685.jpg,7
train/03686.jpg,1
train/03687.jpg,3
train/03688.jpg,0
train/03689.jpg,2
train/03690.jpg,1
train/03691.jpg,7
train/03692.jpg,0
train/03693.jpg,1
train/03694.jpg,3
train/03695.jpg,7
train/03696.jpg,0
train/03697.jpg,0
train/03698.jpg,4
train/03699.jpg,6
train/03700.jpg,2
train/03701.jpg,0
train/03702.jpg,1
train/03703.jpg,4
train/03704.jpg,0
train/03705.jpg,1
train/03706.jpg,7
train/03707.jpg,3
train/03708.jpg,7
train/03709.jpg,5
train/03710.jpg,1
train/03711.jpg,2
train/03712.jpg,5
train/03713.jpg,3
train/03714.jpg,1
train/03715.jpg,2
train/03716.jpg,3
train/03717.jpg,1
train/03718.jpg,0
train/03719.jpg,1
train/03720.jpg,3
train/03721.jpg,2
train/03722.jpg,1
train/03723.jpg,3
train/03724.jpg,0
train/03725.jpg,7
train/03726.jpg,3
train/03727.jpg,0
train/03728.jpg,3
train/03729.jpg,6
train/03730.jpg,7
train/03731.jpg,0
train/03732.jpg,2
train/03733.jpg,2
train/03734.jpg,3
train/03735.jpg,6
train/03736.jpg,0
train/03737.jpg,1
train/03738.jpg,3
train/03739.jpg,7
train/03740.jpg,1
train/03741.jpg,3
train/03742.jpg,6
train/03743.jpg,2
train/03744.jpg,6
train/03745.jpg,1
train/03746.jpg,1
train/03747.jpg,2
train/03748.jpg,4
train/03749.jpg,3
train/03750.jpg,2
train/03751.jpg,2
train/03752.jpg,7
train/03753.jpg,2
train/03754.jpg,1
train/03755.jpg,2
train/03756.jpg,2
train/03757.jpg,7
train/03758.jpg,4
train/03759.jpg,4
train/03760.jpg,1
train/03761.jpg,2
train/03762.jpg,3
train/03763.jpg,0
train/03764.jpg,1
train/03765.jpg,1
train/03766.jpg,2
train/03767.jpg,1
train/03768.jpg,1
train/03769.jpg,5
train/03770.jpg,0
train/03771.jpg,1
train/03772.jpg,1
train/03773.jpg,1
train/03774.jpg,0
train/03775.jpg,2
train/03776.jpg,0
train/03777.jpg,6
train/03778.jpg,6
train/03779.jpg,0
train/03780.jpg,0
train/03781.jpg,3
train/03782.jpg,0
train/03783.jpg,2
train/03784.jpg,1
train/03785.jpg,1
train/03786.jpg,4
train/03787.jpg,1
train/03788.jpg,0
train/03789.jpg,7
train/03790.jpg,4
train/03791.jpg,1
train/03792.jpg,0
train/03793.jpg,1
train/03794.jpg,0
train/03795.jpg,1
train/03796.jpg,7
train/03797.jpg,0
train/03798.jpg,7
train/03799.jpg,7
train/03800.jpg,0
train/03801.jpg,0
train/03802.jpg,2
train/03803.jpg,5
train/03804.jpg,2
train/03805.jpg,2
train/03806.jpg,0
train/03807.jpg,1
train/03808.jpg,2
train/03809.jpg,0
train/03810.jpg,2
train/03811.jpg,1
train/03812.jpg,2
train/03813.jpg,2
train/03814.jpg,1
train/03815.jpg,6
train/03816.jpg,2
train/03817.jpg,4
train/03818.jpg,2
train/03819.jpg,6
train/03820.jpg,1
train/03821.jpg,1
train/03822.jpg,3
train/03823.jpg,1
train/03824.jpg,1
train/03825.jpg,0
train/03826.jpg,0
train/03827.jpg,4
train/03828.jpg,2
train/03829.jpg,2
train/03830.jpg,2
train/03831.jpg,1
train/03832.jpg,2
train/03833.jpg,5
train/03834.jpg,0
train/03835.jpg,1
train/03836.jpg,6
train/03837.jpg,0
train/03838.jpg,2
train/03839.jpg,2
train/03840.jpg,1
train/03841.jpg,4
train/03842.jpg,1
train/03843.jpg,7
train/03844.jpg,2
train/03845.jpg,0
train/03846.jpg,1
train/03847.jpg,1
train/03848.jpg,2
train/03849.jpg,3
train/03850.jpg,3
train/03851.jpg,7
train/03852.jpg,1
train/03853.jpg,6
train/03854.jpg,3
train/03855.jpg,1
train/03856.jpg,7
train/03857.jpg,1
train/03858.jpg,5
train/03859.jpg,2
train/03860.jpg,3
train/03861.jpg,3
train/03862.jpg,7
train/03863.jpg,7
train/03864.jpg,1
train/03865.jpg,2
train/03866.jpg,0
train/03867.jpg,2
train/03868.jpg,2
train/03869.jpg,0
train/03870.jpg,7
train/03871.jpg,1
train/03872.jpg,1
train/03873.jpg,1
train/03874.jpg,2
train/03875.jpg,1
train/03876.jpg,1
train/03877.jpg,2
train/03878.jpg,3
train/03879.jpg,7
train/03880.jpg,4
train/03881.jpg,1
train/03882.jpg,2
train/03883.jpg,4
train/03884.jpg,4
train/03885.jpg,1
train/03886.jpg,1
train/03887.jpg,1
train/03888.jpg,0
train/03889.jpg,1
train/03890.jpg,0
train/03891.jpg,5
train/03892.jpg,1
train/03893.jpg,1
train/03894.jpg,0
train/03895.jpg,6
train/03896.jpg,0
train/03897.jpg,0
train/03898.jpg,3
train/03899.jpg,5
train/03900.jpg,1
train/03901.jpg,7
train/03902.jpg,2
train/03903.jpg,7
train/03904.jpg,2
train/03905.jpg,2
train/03906.jpg,7
train/03907.jpg,2
train/03908.jpg,3
train/03909.jpg,2
train/03910.jpg,6
train/03911.jpg,3
train/03912.jpg,4
train/03913.jpg,1
train/03914.jpg,1
train/03915.jpg,2
train/03916.jpg,0
train/03917.jpg,0
train/03918.jpg,1
train/03919.jpg,4
train/03920.jpg,0
train/03921.jpg,0
train/03922.jpg,4
train/03923.jpg,0
train/03924.jpg,7
train/03925.jpg,7
train/03926.jpg,0
train/03927.jpg,0
train/03928.jpg,1
train/03929.jpg,2
train/03930.jpg,4
train/03931.jpg,1
train/03932.jpg,1
train/03933.jpg,5
train/03934.jpg,1
train/03935.jpg,0
train/03936.jpg,2
train/03937.jpg,0
train/03938.jpg,6
train/03939.jpg,0
train/03940.jpg,1
train/03941.jpg,3
train/03942.jpg,3
train/03943.jpg,0
train/03944.jpg,3
train/03945.jpg,1
train/03946.jpg,2
train/03947.jpg,4
train/03948.jpg,7
train/03949.jpg,2
train/03950.jpg,2
train/03951.jpg,1
train/03952.jpg,1
train/03953.jpg,1
train/03954.jpg,6
train/03955.jpg,3
train/03956.jpg,0
train/03957.jpg,3
train/03958.jpg,1
train/03959.jpg,7
train/03960.jpg,6
train/03961.jpg,0
train/03962.jpg,1
train/03963.jpg,3
train/03964.jpg,6
train/03965.jpg,1
train/03966.jpg,0
train/03967.jpg,0
train/03968.jpg,2
train/03969.jpg,2
train/03970.jpg,0
train/03971.jpg,0
train/03972.jpg,1
train/03973.jpg,2
train/03974.jpg,1
train/03975.jpg,2
train/03976.jpg,7
train/03977.jpg,0
train/03978.jpg,3
train/03979.jpg,1
train/03980.jpg,4
train/03981.jpg,1
train/03982.jpg,4
train/03983.jpg,2
train/03984.jpg,7
train/03985.jpg,1
train/03986.jpg,2
train/03987.jpg,6
train/03988.jpg,6
train/03989.jpg,0
train/03990.jpg,3
train/03991.jpg,1
train/03992.jpg,5
train/03993.jpg,1
train/03994.jpg,2
train/03995.jpg,0
train/03996.jpg,3
train/03997.jpg,7
train/03998.jpg,1
train/03999.jpg,5
train/04000.jpg,6
train/04001.jpg,1
train/04002.jpg,2
train/04003.jpg,3
train/04004.jpg,4
train/04005.jpg,4
train/04006.jpg,2
train/04007.jpg,0
train/04008.jpg,0
train/04009.jpg,2
train/04010.jpg,4
train/04011.jpg,1
train/04012.jpg,1
train/04013.jpg,4
train/04014.jpg,2
train/04015.jpg,3
train/04016.jpg,2
train/04017.jpg,2
train/04018.jpg,0
train/04019.jpg,0
train/04020.jpg,0
train/04021.jpg,2
train/04022.jpg,3
train/04023.jpg,1
train/04024.jpg,0
train/04025.jpg,7
train/04026.jpg,7
train/04027.jpg,1
train/04028.jpg,2
train/04029.jpg,5
train/04030.jpg,2
train/04031.jpg,1
train/04032.jpg,1
train/04033.jpg,3
train/04034.jpg,0
train/04035.jpg,2
train/04036.jpg,1
train/04037.jpg,7
train/04038.jpg,3
train/04039.jpg,3
train/04040.jpg,3
train/04041.jpg,2
train/04042.jpg,2
train/04043.jpg,3
train/04044.jpg,0
train/04045.jpg,5
train/04046.jpg,1
train/04047.jpg,3
train/04048.jpg,4
train/04049.jpg,3
train/04050.jpg,1
train/04051.jpg,0
train/04052.jpg,3
train/04053.jpg,3
train/04054.jpg,3
train/04055.jpg,3
train/04056.jpg,0
train/04057.jpg,4
train/04058.jpg,6
train/04059.jpg,1
train/04060.jpg,0
train/04061.jpg,4
train/04062.jpg,6
train/04063.jpg,7
train/04064.jpg,1
train/04065.jpg,0
train/04066.jpg,7
train/04067.jpg,0
train/04068.jpg,1
train/04069.jpg,5
train/04070.jpg,4
train/04071.jpg,1
train/04072.jpg,3
train/04073.jpg,1
train/04074.jpg,6
train/04075.jpg,1
train/04076.jpg,0
train/04077.jpg,2
train/04078.jpg,4
train/04079.jpg,5
train/04080.jpg,1
train/04081.jpg,2
train/04082.jpg,3
train/04083.jpg,7
train/04084.jpg,1
train/04085.jpg,4
train/04086.jpg,3
train/04087.jpg,0
train/04088.jpg,7
train/04089.jpg,1
train/04090.jpg,1
train/04091.jpg,0
train/04092.jpg,1
train/04093.jpg,0
train/04094.jpg,0
train/04095.jpg,6
train/04096.jpg,1
train/04097.jpg,1
train/04098.jpg,2
train/04099.jpg,3
train/04100.jpg,7
train/04101.jpg,2
train/04102.jpg,0
train/04103.jpg,5
train/04104.jpg,7
train/04105.jpg,2
train/04106.jpg,0
train/04107.jpg,0
train/04108.jpg,0
train/04109.jpg,1
train/04110.jpg,2
train/04111.jpg,6
train/04112.jpg,1
train/04113.jpg,5
train/04114.jpg,0
train/04115.jpg,0
train/04116.jpg,3
train/04117.jpg,0
train/04118.jpg,5
train/04119.jpg,1
train/04120.jpg,2
train/04121.jpg,3
train/04122.jpg,6
train/04123.jpg,1
train/04124.jpg,1
train/04125.jpg,0
train/04126.jpg,2
train/04127.jpg,5
train/04128.jpg,4
train/04129.jpg,1
train/04130.jpg,3
train/04131.jpg,4
train/04132.jpg,1
train/04133.jpg,2
train/04134.jpg,0
train/04135.jpg,1
train/04136.jpg,1
train/04137.jpg,0
train/04138.jpg,3
train/04139.jpg,3
train/04140.jpg,7
train/04141.jpg,1
train/04142.jpg,0
train/04143.jpg,2
train/04144.jpg,0
train/04145.jpg,2
train/04146.jpg,1
train/04147.jpg,7
train/04148.jpg,0
train/04149.jpg,0
train/04150.jpg,6
train/04151.jpg,1
train/04152.jpg,3
train/04153.jpg,4
train/04154.jpg,7
train/04155.jpg,2
train/04156.jpg,1
train/04157.jpg,7
train/04158.jpg,1
train/04159.jpg,2
train/04160.jpg,4
train/04161.jpg,0
train/04162.jpg,0
train/04163.jpg,7
train/04164.jpg,7
train/04165.jpg,4
train/04166.jpg,2
train/04167.jpg,3
train/04168.jpg,0
train/04169.jpg,2
train/04170.jpg,6
train/04171.jpg,0
train/04172.jpg,1
train/04173.jpg,1
train/04174.jpg,3
train/04175.jpg,0
train/04176.jpg,5
train/04177.jpg,3
train/04178.jpg,1
train/04179.jpg,6
train/04180.jpg,7
train/04181.jpg,1
train/04182.jpg,0
train/04183.jpg,4
train/04184.jpg,7
train/04185.jpg,4
train/04186.jpg,3
train/04187.jpg,7
train/04188.jpg,0
train/04189.jpg,6
train/04190.jpg,3
train/04191.jpg,1
train/04192.jpg,3
train/04193.jpg,0
train/04194.jpg,6
train/04195.jpg,1
train/04196.jpg,1
train/04197.jpg,3
train/04198.jpg,4
train/04199.jpg,0
train/04200.jpg,0
train/04201.jpg,1
train/04202.jpg,2
train/04203.jpg,0
train/04204.jpg,3
train/04205.jpg,3
train/04206.jpg,2
train/04207.jpg,7
train/04208.jpg,7
train/04209.jpg,1
train/04210.jpg,2
train/04211.jpg,1
train/04212.jpg,7
train/04213.jpg,6
train/04214.jpg,6
train/04215.jpg,1
train/04216.jpg,3
train/04217.jpg,2
train/04218.jpg,3
train/04219.jpg,6
train/04220.jpg,0
train/04221.jpg,1
train/04222.jpg,0
train/04223.jpg,7
train/04224.jpg,2
train/04225.jpg,6
train/04226.jpg,0
train/04227.jpg,3
train/04228.jpg,1
train/04229.jpg,4
train/04230.jpg,3
train/04231.jpg,3
train/04232.jpg,3
train/04233.jpg,6
train/04234.jpg,7
train/04235.jpg,6
train/04236.jpg,3
train/04237.jpg,1
train/04238.jpg,3
train/04239.jpg,0
train/04240.jpg,4
train/04241.jpg,2
train/04242.jpg,0
train/04243.jpg,2
train/04244.jpg,1
train/04245.jpg,7
train/04246.jpg,2
train/04247.jpg,3
train/04248.jpg,7
train/04249.jpg,0
train/04250.jpg,3
train/04251.jpg,4
train/04252.jpg,4
train/04253.jpg,2
train/04254.jpg,0
train/04255.jpg,4
train/04256.jpg,3
train/04257.jpg,0
train/04258.jpg,0
train/04259.jpg,1
train/04260.jpg,6
train/04261.jpg,3
train/04262.jpg,1
train/04263.jpg,4
train/04264.jpg,0
train/04265.jpg,2
train/04266.jpg,5
train/04267.jpg,1
train/04268.jpg,7
train/04269.jpg,2
train/04270.jpg,6
train/04271.jpg,2
train/04272.jpg,0
train/04273.jpg,0
train/04274.jpg,0
train/04275.jpg,1
train/04276.jpg,3
train/04277.jpg,0
train/04278.jpg,7
train/04279.jpg,3
train/04280.jpg,3
train/04281.jpg,2
train/04282.jpg,1
train/04283.jpg,1
train/04284.jpg,2
train/04285.jpg,2
train/04286.jpg,2
train/04287.jpg,2
train/04288.jpg,1
train/04289.jpg,1
train/04290.jpg,1
train/04291.jpg,7
train/04292.jpg,2
train/04293.jpg,7
train/04294.jpg,3
train/04295.jpg,2
train/04296.jpg,2
train/04297.jpg,4
train/04298.jpg,0
train/04299.jpg,6
train/04300.jpg,0
train/04301.jpg,3
train/04302.jpg,2
train/04303.jpg,1
train/04304.jpg,2
train/04305.jpg,0
train/04306.jpg,6
train/04307.jpg,7
train/04308.jpg,2
train/04309.jpg,1
train/04310.jpg,0
train/04311.jpg,1
train/04312.jpg,1
train/04313.jpg,3
train/04314.jpg,0
train/04315.jpg,3
train/04316.jpg,1
train/04317.jpg,3
train/04318.jpg,7
train/04319.jpg,1
train/04320.jpg,0
train/04321.jpg,1
train/04322.jpg,0
train/04323.jpg,3
train/04324.jpg,0
train/04325.jpg,0
train/04326.jpg,1
train/04327.jpg,0
train/04328.jpg,2
train/04329.jpg,3
train/04330.jpg,7
train/04331.jpg,4
train/04332.jpg,1
train/04333.jpg,2
train/04334.jpg,3
train/04335.jpg,1
train/04336.jpg,0
train/04337.jpg,2
train/04338.jpg,1
train/04339.jpg,3
train/04340.jpg,7
train/04341.jpg,7
train/04342.jpg,6
train/04343.jpg,2
train/04344.jpg,1
train/04345.jpg,7
train/04346.jpg,1
train/04347.jpg,1
train/04348.jpg,0
train/04349.jpg,1
train/04350.jpg,1
train/04351.jpg,1
train/04352.jpg,1
train/04353.jpg,2
train/04354.jpg,0
train/04355.jpg,4
train/04356.jpg,0
train/04357.jpg,2
train/04358.jpg,0
train/04359.jpg,4
train/04360.jpg,2
train/04361.jpg,3
train/04362.jpg,2
train/04363.jpg,1
train/04364.jpg,4
train/04365.jpg,2
train/04366.jpg,1
train/04367.jpg,1
train/04368.jpg,2
train/04369.jpg,7
train/04370.jpg,1
train/04371.jpg,0
train/04372.jpg,0
train/04373.jpg,7
train/04374.jpg,0
train/04375.jpg,0
train/04376.jpg,3
train/04377.jpg,3
train/04378.jpg,2
train/04379.jpg,3
train/04380.jpg,1
train/04381.jpg,0
train/04382.jpg,4
train/04383.jpg,0
train/04384.jpg,3
train/04385.jpg,1
train/04386.jpg,3
train/04387.jpg,7
train/04388.jpg,2
train/04389.jpg,6
train/04390.jpg,4
train/04391.jpg,0
train/04392.jpg,1
train/04393.jpg,0
train/04394.jpg,0
train/04395.jpg,3
train/04396.jpg,3
train/04397.jpg,7
train/04398.jpg,1
train/04399.jpg,3
train/04400.jpg,1
train/04401.jpg,2
train/04402.jpg,3
train/04403.jpg,2
train/04404.jpg,0
train/04405.jpg,3
train/04406.jpg,2
train/04407.jpg,2
train/04408.jpg,7
train/04409.jpg,1
train/04410.jpg,5
train/04411.jpg,2
train/04412.jpg,3
train/04413.jpg,0
train/04414.jpg,7
train/04415.jpg,0
train/04416.jpg,1
train/04417.jpg,4
train/04418.jpg,3
train/04419.jpg,1
train/04420.jpg,7
train/04421.jpg,0
train/04422.jpg,0
train/04423.jpg,1
train/04424.jpg,1
train/04425.jpg,0
train/04426.jpg,0
train/04427.jpg,2
train/04428.jpg,2
train/04429.jpg,1
train/04430.jpg,3
train/04431.jpg,7
train/04432.jpg,1
train/04433.jpg,2
train/04434.jpg,0
train/04435.jpg,3
train/04436.jpg,1
train/04437.jpg,2
train/04438.jpg,0
train/04439.jpg,7
train/04440.jpg,1
train/04441.jpg,2
train/04442.jpg,5
train/04443.jpg,2
train/04444.jpg,0
train/04445.jpg,0
train/04446.jpg,2
train/04447.jpg,1
train/04448.jpg,2
train/04449.jpg,2
train/04450.jpg,1
train/04451.jpg,2
train/04452.jpg,2
train/04453.jpg,2
train/04454.jpg,3
train/04455.jpg,1
train/04456.jpg,2
train/04457.jpg,6
train/04458.jpg,0
train/04459.jpg,1
train/04460.jpg,4
train/04461.jpg,3
train/04462.jpg,6
train/04463.jpg,0
train/04464.jpg,3
train/04465.jpg,1
train/04466.jpg,0
train/04467.jpg,6
train/04468.jpg,5
train/04469.jpg,3
train/04470.jpg,1
train/04471.jpg,6
train/04472.jpg,3
train/04473.jpg,7
train/04474.jpg,4
train/04475.jpg,2
train/04476.jpg,2
train/04477.jpg,2
train/04478.jpg,7
train/04479.jpg,0
train/04480.jpg,1
train/04481.jpg,7
train/04482.jpg,1
train/04483.jpg,6
train/04484.jpg,1
train/04485.jpg,1
train/04486.jpg,1
train/04487.jpg,3
train/04488.jpg,3
train/04489.jpg,5
train/04490.jpg,1
train/04491.jpg,1
train/04492.jpg,2
train/04493.jpg,3
train/04494.jpg,2
train/04495.jpg,3
train/04496.jpg,2
train/04497.jpg,3
train/04498.jpg,4
train/04499.jpg,0
train/04500.jpg,1
train/04501.jpg,0
train/04502.jpg,2
train/04503.jpg,4
train/04504.jpg,7
train/04505.jpg,2
train/04506.jpg,1
train/04507.jpg,1
train/04508.jpg,1
train/04509.jpg,2
train/04510.jpg,2
train/04511.jpg,1
train/04512.jpg,3
train/04513.jpg,0
train/04514.jpg,4
train/04515.jpg,0
train/04516.jpg,0
train/04517.jpg,2
train/04518.jpg,0
train/04519.jpg,3
train/04520.jpg,6
train/04521.jpg,2
train/04522.jpg,1
train/04523.jpg,2
train/04524.jpg,0
train/04525.jpg,5
train/04526.jpg,4
train/04527.jpg,0
train/04528.jpg,4
train/04529.jpg,1
train/04530.jpg,4
train/04531.jpg,2
train/04532.jpg,0
train/04533.jpg,3
train/04534.jpg,0
train/04535.jpg,1
train/04536.jpg,1
train/04537.jpg,2
train/04538.jpg,1
train/04539.jpg,2
train/04540.jpg,2
train/04541.jpg,1
train/04542.jpg,2
train/04543.jpg,1
train/04544.jpg,0
train/04545.jpg,3
train/04546.jpg,4
train/04547.jpg,5
train/04548.jpg,3
train/04549.jpg,1
train/04550.jpg,1
train/04551.jpg,2
train/04552.jpg,3
train/04553.jpg,0
train/04554.jpg,0
train/04555.jpg,1
train/04556.jpg,0
train/04557.jpg,0
train/04558.jpg,6
train/04559.jpg,6
train/04560.jpg,3
train/04561.jpg,1
train/04562.jpg,2
train/04563.jpg,7
train/04564.jpg,0
train/04565.jpg,2
train/04566.jpg,7
train/04567.jpg,5
train/04568.jpg,1
train/04569.jpg,1
train/04570.jpg,1
train/04571.jpg,1
train/04572.jpg,5
train/04573.jpg,0
train/04574.jpg,7
train/04575.jpg,1
train/04576.jpg,3
train/04577.jpg,3
train/04578.jpg,0
train/04579.jpg,6
train/04580.jpg,1
train/04581.jpg,1
train/04582.jpg,4
train/04583.jpg,1
train/04584.jpg,3
train/04585.jpg,7
train/04586.jpg,1
train/04587.jpg,4
train/04588.jpg,1
train/04589.jpg,1
train/04590.jpg,0
train/04591.jpg,1
train/04592.jpg,2
train/04593.jpg,1
train/04594.jpg,2
train/04595.jpg,2
train/04596.jpg,2
train/04597.jpg,7
train/04598.jpg,7
train/04599.jpg,4
train/04600.jpg,4
train/04601.jpg,3
train/04602.jpg,3
train/04603.jpg,6
train/04604.jpg,4
train/04605.jpg,1
train/04606.jpg,2
train/04607.jpg,7
train/04608.jpg,4
train/04609.jpg,3
train/04610.jpg,7
train/04611.jpg,2
train/04612.jpg,1
train/04613.jpg,2
train/04614.jpg,0
train/04615.jpg,0
train/04616.jpg,5
train/04617.jpg,2
train/04618.jpg,7
train/04619.jpg,1
train/04620.jpg,3
train/04621.jpg,1
train/04622.jpg,7
train/04623.jpg,1
train/04624.jpg,6
train/04625.jpg,7
train/04626.jpg,1
train/04627.jpg,2
train/04628.jpg,1
train/04629.jpg,2
train/04630.jpg,2
train/04631.jpg,4
train/04632.jpg,1
train/04633.jpg,1
train/04634.jpg,3
train/04635.jpg,4
train/04636.jpg,1
train/04637.jpg,1
train/04638.jpg,7
train/04639.jpg,1
train/04640.jpg,4
train/04641.jpg,0
train/04642.jpg,0
train/04643.jpg,3
train/04644.jpg,3
train/04645.jpg,4
train/04646.jpg,2
train/04647.jpg,6
train/04648.jpg,7
train/04649.jpg,2
train/04650.jpg,2
train/04651.jpg,1
train/04652.jpg,2
train/04653.jpg,7
train/04654.jpg,0
train/04655.jpg,1
train/04656.jpg,0
train/04657.jpg,7
train/04658.jpg,1
train/04659.jpg,6
train/04660.jpg,1
train/04661.jpg,4
train/04662.jpg,2
train/04663.jpg,4
train/04664.jpg,3
train/04665.jpg,1
train/04666.jpg,0
train/04667.jpg,3
train/04668.jpg,7
train/04669.jpg,0
train/04670.jpg,6
train/04671.jpg,2
train/04672.jpg,0
train/04673.jpg,2
train/04674.jpg,3
train/04675.jpg,2
train/04676.jpg,2
train/04677.jpg,3
train/04678.jpg,7
train/04679.jpg,1
train/04680.jpg,0
train/04681.jpg,0
train/04682.jpg,1
train/04683.jpg,1
train/04684.jpg,0
train/04685.jpg,2
train/04686.jpg,2
train/04687.jpg,3
train/04688.jpg,0
train/04689.jpg,3
train/04690.jpg,1
train/04691.jpg,2
train/04692.jpg,0
train/04693.jpg,3
train/04694.jpg,0
train/04695.jpg,3
train/04696.jpg,1
train/04697.jpg,1
train/04698.jpg,1
train/04699.jpg,7
train/04700.jpg,0
train/04701.jpg,4
train/04702.jpg,4
train/04703.jpg,7
train/04704.jpg,2
train/04705.jpg,0
train/04706.jpg,5
train/04707.jpg,0
train/04708.jpg,2
train/04709.jpg,1
train/04710.jpg,4
train/04711.jpg,7
train/04712.jpg,2
train/04713.jpg,7
train/04714.jpg,0
train/04715.jpg,6
train/04716.jpg,7
train/04717.jpg,2
train/04718.jpg,1
train/04719.jpg,0
train/04720.jpg,6
train/04721.jpg,7
train/04722.jpg,1
train/04723.jpg,1
train/04724.jpg,2
train/04725.jpg,2
train/04726.jpg,1
train/04727.jpg,1
train/04728.jpg,6
train/04729.jpg,3
train/04730.jpg,6
train/04731.jpg,0
train/04732.jpg,6
train/04733.jpg,1
train/04734.jpg,6
train/04735.jpg,0
train/04736.jpg,0
train/04737.jpg,0
train/04738.jpg,1
train/04739.jpg,2
train/04740.jpg,0
train/04741.jpg,2
train/04742.jpg,1
train/04743.jpg,2
train/04744.jpg,5
train/04745.jpg,3
train/04746.jpg,1
train/04747.jpg,3
train/04748.jpg,7
train/04749.jpg,0
train/04750.jpg,2
train/04751.jpg,2
train/04752.jpg,3
train/04753.jpg,2
train/04754.jpg,4
train/04755.jpg,1
train/04756.jpg,2
train/04757.jpg,0
train/04758.jpg,1
train/04759.jpg,1
train/04760.jpg,2
train/04761.jpg,3
train/04762.jpg,1
train/04763.jpg,0
train/04764.jpg,1
train/04765.jpg,2
train/04766.jpg,1
train/04767.jpg,0
train/04768.jpg,1
train/04769.jpg,5
train/04770.jpg,3
train/04771.jpg,1
train/04772.jpg,0
train/04773.jpg,1
train/04774.jpg,7
train/04775.jpg,1
train/04776.jpg,1
train/04777.jpg,2
train/04778.jpg,3
train/04779.jpg,3
train/04780.jpg,4
train/04781.jpg,3
train/04782.jpg,3
train/04783.jpg,1
train/04784.jpg,0
train/04785.jpg,7
train/04786.jpg,1
train/04787.jpg,3
train/04788.jpg,0
train/04789.jpg,3
train/04790.jpg,6
train/04791.jpg,2
train/04792.jpg,3
train/04793.jpg,6
train/04794.jpg,1
train/04795.jpg,1
train/04796.jpg,3
train/04797.jpg,3
train/04798.jpg,1
train/04799.jpg,7
train/04800.jpg,7
train/04801.jpg,0
train/04802.jpg,1
train/04803.jpg,0
train/04804.jpg,0
train/04805.jpg,2
train/04806.jpg,1
train/04807.jpg,1
train/04808.jpg,0
train/04809.jpg,4
train/04810.jpg,1
train/04811.jpg,1
train/04812.jpg,1
train/04813.jpg,2
train/04814.jpg,3
train/04815.jpg,1
train/04816.jpg,1
train/04817.jpg,0
train/04818.jpg,3
train/04819.jpg,2
train/04820.jpg,1
train/04821.jpg,0
train/04822.jpg,2
train/04823.jpg,1
train/04824.jpg,1
train/04825.jpg,4
train/04826.jpg,2
train/04827.jpg,0
train/04828.jpg,0
train/04829.jpg,7
train/04830.jpg,1
train/04831.jpg,5
train/04832.jpg,2
train/04833.jpg,2
train/04834.jpg,1
train/04835.jpg,0
train/04836.jpg,1
train/04837.jpg,7
train/04838.jpg,3
train/04839.jpg,2
train/04840.jpg,2
train/04841.jpg,1
train/04842.jpg,6
train/04843.jpg,1
train/04844.jpg,3
train/04845.jpg,7
train/04846.jpg,0
train/04847.jpg,6
train/04848.jpg,1
train/04849.jpg,1
train/04850.jpg,0
train/04851.jpg,1
train/04852.jpg,4
train/04853.jpg,4
train/04854.jpg,3
train/04855.jpg,4
train/04856.jpg,0
train/04857.jpg,2
train/04858.jpg,3
train/04859.jpg,6
train/04860.jpg,1
train/04861.jpg,1
train/04862.jpg,7
train/04863.jpg,7
train/04864.jpg,7
train/04865.jpg,2
train/04866.jpg,0
train/04867.jpg,3
train/04868.jpg,3
train/04869.jpg,4
train/04870.jpg,1
train/04871.jpg,2
train/04872.jpg,4
train/04873.jpg,6
train/04874.jpg,0
train/04875.jpg,2
train/04876.jpg,3
train/04877.jpg,1
train/04878.jpg,1
train/04879.jpg,1
train/04880.jpg,1
train/04881.jpg,0
train/04882.jpg,2
train/04883.jpg,4
train/04884.jpg,3
train/04885.jpg,2
train/04886.jpg,1
train/04887.jpg,1
train/04888.jpg,7
train/04889.jpg,0
train/04890.jpg,0
train/04891.jpg,2
train/04892.jpg,1
train/04893.jpg,1
train/04894.jpg,6
train/04895.jpg,0
train/04896.jpg,2
train/04897.jpg,1
train/04898.jpg,7
train/04899.jpg,7
train/04900.jpg,0
train/04901.jpg,2
train/04902.jpg,4
train/04903.jpg,6
train/04904.jpg,3
train/04905.jpg,1
train/04906.jpg,3
train/04907.jpg,1
train/04908.jpg,3
train/04909.jpg,1
train/04910.jpg,2
train/04911.jpg,0
train/04912.jpg,1
train/04913.jpg,1
train/04914.jpg,1
train/04915.jpg,2
train/04916.jpg,3
train/04917.jpg,3
train/04918.jpg,2
train/04919.jpg,0
train/04920.jpg,1
train/04921.jpg,1
train/04922.jpg,0
train/04923.jpg,1
train/04924.jpg,2
train/04925.jpg,7
train/04926.jpg,2
train/04927.jpg,3
train/04928.jpg,7
train/04929.jpg,2
train/04930.jpg,1
train/04931.jpg,1
train/04932.jpg,1
train/04933.jpg,1
train/04934.jpg,6
train/04935.jpg,3
train/04936.jpg,2
train/04937.jpg,4
train/04938.jpg,7
train/04939.jpg,1
train/04940.jpg,1
train/04941.jpg,3
train/04942.jpg,3
train/04943.jpg,2
train/04944.jpg,4
train/04945.jpg,2
train/04946.jpg,3
train/04947.jpg,0
train/04948.jpg,1
train/04949.jpg,1
train/04950.jpg,7
train/04951.jpg,1
train/04952.jpg,2
train/04953.jpg,4
train/04954.jpg,3
train/04955.jpg,1
train/04956.jpg,2
train/04957.jpg,3
train/04958.jpg,1
train/04959.jpg,4
train/04960.jpg,1
train/04961.jpg,0
train/04962.jpg,2
train/04963.jpg,3
train/04964.jpg,0
train/04965.jpg,4
train/04966.jpg,3
train/04967.jpg,5
train/04968.jpg,0
train/04969.jpg,0
train/04970.jpg,3
train/04971.jpg,2
train/04972.jpg,3
train/04973.jpg,0
train/04974.jpg,0
train/04975.jpg,3
train/04976.jpg,4
train/04977.jpg,6
train/04978.jpg,1
train/04979.jpg,3
train/04980.jpg,6
train/04981.jpg,0
train/04982.jpg,4
train/04983.jpg,2
train/04984.jpg,1
train/04985.jpg,1
train/04986.jpg,0
train/04987.jpg,0
train/04988.jpg,3
train/04989.jpg,1
train/04990.jpg,2
train/04991.jpg,3
train/04992.jpg,0
train/04993.jpg,7
train/04994.jpg,1
train/04995.jpg,2
train/04996.jpg,7
train/04997.jpg,0
train/04998.jpg,5
train/04999.jpg,7
train/05000.jpg,2
train/05001.jpg,3
train/05002.jpg,3
train/05003.jpg,7
train/05004.jpg,7
train/05005.jpg,1
train/05006.jpg,0
train/05007.jpg,1
train/05008.jpg,1
train/05009.jpg,3
train/05010.jpg,3
train/05011.jpg,2
train/05012.jpg,0
train/05013.jpg,1
train/05014.jpg,1
train/05015.jpg,1
train/05016.jpg,2
train/05017.jpg,6
train/05018.jpg,1
train/05019.jpg,1
train/05020.jpg,6
train/05021.jpg,2
train/05022.jpg,0
train/05023.jpg,3
train/05024.jpg,0
train/05025.jpg,0
train/05026.jpg,1
train/05027.jpg,4
train/05028.jpg,2
train/05029.jpg,1
train/05030.jpg,0
train/05031.jpg,1
train/05032.jpg,6
train/05033.jpg,0
train/05034.jpg,1
train/05035.jpg,6
train/05036.jpg,1
train/05037.jpg,4
train/05038.jpg,7
train/05039.jpg,4
train/05040.jpg,2
train/05041.jpg,6
train/05042.jpg,2
train/05043.jpg,4
train/05044.jpg,0
train/05045.jpg,4
train/05046.jpg,7
train/05047.jpg,0
train/05048.jpg,3
train/05049.jpg,2
train/05050.jpg,1
train/05051.jpg,3
train/05052.jpg,1
train/05053.jpg,2
train/05054.jpg,0
train/05055.jpg,1
train/05056.jpg,1
train/05057.jpg,1
train/05058.jpg,0
train/05059.jpg,2
train/05060.jpg,0
train/05061.jpg,4
train/05062.jpg,7
train/05063.jpg,2
train/05064.jpg,1
train/05065.jpg,1
train/05066.jpg,2
train/05067.jpg,4
train/05068.jpg,2
train/05069.jpg,3
train/05070.jpg,3
train/05071.jpg,0
train/05072.jpg,3
train/05073.jpg,3
train/05074.jpg,6
train/05075.jpg,2
train/05076.jpg,2
train/05077.jpg,4
train/05078.jpg,3
train/05079.jpg,0
train/05080.jpg,1
train/05081.jpg,1
train/05082.jpg,2
train/05083.jpg,2
train/05084.jpg,4
train/05085.jpg,1
train/05086.jpg,2
train/05087.jpg,1
train/05088.jpg,4
train/05089.jpg,3
train/05090.jpg,1
train/05091.jpg,1
train/05092.jpg,7
train/05093.jpg,4
train/05094.jpg,3
train/05095.jpg,2
train/05096.jpg,2
train/05097.jpg,2
train/05098.jpg,0
train/05099.jpg,3
train/05100.jpg,0
train/05101.jpg,1
train/05102.jpg,6
train/05103.jpg,0
train/05104.jpg,0
train/05105.jpg,5
train/05106.jpg,7
train/05107.jpg,2
train/05108.jpg,6
train/05109.jpg,4
train/05110.jpg,0
train/05111.jpg,2
train/05112.jpg,2
train/05113.jpg,7
train/05114.jpg,3
train/05115.jpg,7
train/05116.jpg,2
train/05117.jpg,1
train/05118.jpg,3
train/05119.jpg,3
train/05120.jpg,1
train/05121.jpg,7
train/05122.jpg,1
train/05123.jpg,1
train/05124.jpg,0
train/05125.jpg,1
train/05126.jpg,2
train/05127.jpg,1
train/05128.jpg,1
train/05129.jpg,2
train/05130.jpg,7
train/05131.jpg,0
train/05132.jpg,0
train/05133.jpg,3
train/05134.jpg,4
train/05135.jpg,6
train/05136.jpg,1
train/05137.jpg,0
train/05138.jpg,2
train/05139.jpg,0
train/05140.jpg,0
train/05141.jpg,1
train/05142.jpg,5
train/05143.jpg,3
train/05144.jpg,3
train/05145.jpg,1
train/05146.jpg,2
train/05147.jpg,2
train/05148.jpg,2
train/05149.jpg,0
train/05150.jpg,3
train/05151.jpg,0
train/05152.jpg,3
train/05153.jpg,2
train/05154.jpg,0
train/05155.jpg,0
train/05156.jpg,3
train/05157.jpg,2
train/05158.jpg,3
train/05159.jpg,7
train/05160.jpg,3
train/05161.jpg,0
train/05162.jpg,1
train/05163.jpg,3
train/05164.jpg,1
train/05165.jpg,2
train/05166.jpg,7
train/05167.jpg,6
train/05168.jpg,0
train/05169.jpg,1
train/05170.jpg,2
train/05171.jpg,0
train/05172.jpg,1
train/05173.jpg,1
train/05174.jpg,7
train/05175.jpg,1
train/05176.jpg,0
train/05177.jpg,1
train/05178.jpg,1
train/05179.jpg,1
train/05180.jpg,3
train/05181.jpg,1
train/05182.jpg,1
train/05183.jpg,2
train/05184.jpg,5
train/05185.jpg,2
train/05186.jpg,7
train/05187.jpg,7
train/05188.jpg,7
train/05189.jpg,0
train/05190.jpg,2
train/05191.jpg,3
train/05192.jpg,7
train/05193.jpg,0
train/05194.jpg,0
train/05195.jpg,4
train/05196.jpg,7
train/05197.jpg,4
train/05198.jpg,1
train/05199.jpg,6
train/05200.jpg,1
train/05201.jpg,1
train/05202.jpg,1
train/05203.jpg,3
train/05204.jpg,3
train/05205.jpg,7
train/05206.jpg,2
train/05207.jpg,6
train/05208.jpg,3
train/05209.jpg,5
train/05210.jpg,3
train/05211.jpg,2
train/05212.jpg,1
train/05213.jpg,7
train/05214.jpg,1
train/05215.jpg,4
train/05216.jpg,1
train/05217.jpg,0
train/05218.jpg,5
train/05219.jpg,4
train/05220.jpg,4
train/05221.jpg,7
train/05222.jpg,7
train/05223.jpg,7
train/05224.jpg,0
train/05225.jpg,4
train/05226.jpg,2
train/05227.jpg,0
train/05228.jpg,1
train/05229.jpg,0
train/05230.jpg,3
train/05231.jpg,7
train/05232.jpg,4
train/05233.jpg,2
train/05234.jpg,4
train/05235.jpg,1
train/05236.jpg,2
train/05237.jpg,0
train/05238.jpg,2
train/05239.jpg,3
train/05240.jpg,7
train/05241.jpg,1
train/05242.jpg,7
train/05243.jpg,6
train/05244.jpg,6
train/05245.jpg,3
train/05246.jpg,0
train/05247.jpg,3
train/05248.jpg,0
train/05249.jpg,3
train/05250.jpg,0
train/05251.jpg,4
train/05252.jpg,0
train/05253.jpg,0
train/05254.jpg,3
train/05255.jpg,1
train/05256.jpg,0
train/05257.jpg,2
train/05258.jpg,3
train/05259.jpg,1
train/05260.jpg,1
train/05261.jpg,1
train/05262.jpg,5
train/05263.jpg,3
train/05264.jpg,2
train/05265.jpg,2
train/05266.jpg,2
train/05267.jpg,7
train/05268.jpg,1
train/05269.jpg,7
train/05270.jpg,1
train/05271.jpg,5
train/05272.jpg,3
train/05273.jpg,0
train/05274.jpg,1
train/05275.jpg,1
train/05276.jpg,0
train/05277.jpg,0
train/05278.jpg,3
train/05279.jpg,0
train/05280.jpg,2
train/05281.jpg,1
train/05282.jpg,1
train/05283.jpg,1
train/05284.jpg,0
train/05285.jpg,1
train/05286.jpg,0
train/05287.jpg,2
train/05288.jpg,1
train/05289.jpg,2
train/05290.jpg,1
train/05291.jpg,0
train/05292.jpg,1
train/05293.jpg,1
train/05294.jpg,2
train/05295.jpg,1
train/05296.jpg,1
train/05297.jpg,0
train/05298.jpg,3
train/05299.jpg,1
train/05300.jpg,2
train/05301.jpg,1
train/05302.jpg,2
train/05303.jpg,2
train/05304.jpg,3
train/05305.jpg,7
train/05306.jpg,2
train/05307.jpg,1
train/05308.jpg,2
train/05309.jpg,7
train/05310.jpg,3
train/05311.jpg,2
train/05312.jpg,3
train/05313.jpg,2
train/05314.jpg,0
train/05315.jpg,2
train/05316.jpg,3
train/05317.jpg,0
train/05318.jpg,6
train/05319.jpg,0
train/05320.jpg,1
train/05321.jpg,2
train/05322.jpg,1
train/05323.jpg,1
train/05324.jpg,1
train/05325.jpg,6
train/05326.jpg,1
train/05327.jpg,1
train/05328.jpg,1
train/05329.jpg,3
train/05330.jpg,1
train/05331.jpg,6
train/05332.jpg,7
train/05333.jpg,1
train/05334.jpg,6
train/05335.jpg,3
train/05336.jpg,1
train/05337.jpg,3
train/05338.jpg,1
train/05339.jpg,6
train/05340.jpg,3
train/05341.jpg,1
train/05342.jpg,6
train/05343.jpg,6
train/05344.jpg,1
train/05345.jpg,3
train/05346.jpg,3
train/05347.jpg,1
train/05348.jpg,7
train/05349.jpg,4
train/05350.jpg,6
train/05351.jpg,3
train/05352.jpg,0
train/05353.jpg,2
train/05354.jpg,2
train/05355.jpg,6
train/05356.jpg,4
train/05357.jpg,6
train/05358.jpg,0
train/05359.jpg,4
train/05360.jpg,3
train/05361.jpg,1
train/05362.jpg,1
train/05363.jpg,6
train/05364.jpg,2
train/05365.jpg,0
train/05366.jpg,3
train/05367.jpg,4
train/05368.jpg,7
train/05369.jpg,7
train/05370.jpg,7
train/05371.jpg,1
train/05372.jpg,6
train/05373.jpg,3
train/05374.jpg,1
train/05375.jpg,0
train/05376.jpg,1
train/05377.jpg,1
train/05378.jpg,1
train/05379.jpg,1
train/05380.jpg,7
train/05381.jpg,7
train/05382.jpg,2
train/05383.jpg,6
train/05384.jpg,5
train/05385.jpg,4
train/05386.jpg,4
train/05387.jpg,1
train/05388.jpg,4
train/05389.jpg,2
train/05390.jpg,7
train/05391.jpg,6
train/05392.jpg,4
train/05393.jpg,1
train/05394.jpg,3
train/05395.jpg,1
train/05396.jpg,0
train/05397.jpg,2
train/05398.jpg,2
train/05399.jpg,6
train/05400.jpg,0
train/05401.jpg,6
train/05402.jpg,0
train/05403.jpg,2
train/05404.jpg,2
train/05405.jpg,1
train/05406.jpg,1
train/05407.jpg,1
train/05408.jpg,4
train/05409.jpg,3
train/05410.jpg,1
train/05411.jpg,2
train/05412.jpg,5
train/05413.jpg,1
train/05414.jpg,4
train/05415.jpg,2
train/05416.jpg,7
train/05417.jpg,0
train/05418.jpg,6
train/05419.jpg,4
train/05420.jpg,1
train/05421.jpg,1
train/05422.jpg,1
train/05423.jpg,2
train/05424.jpg,1
train/05425.jpg,2
train/05426.jpg,2
train/05427.jpg,3
train/05428.jpg,1
train/05429.jpg,1
train/05430.jpg,2
train/05431.jpg,1
train/05432.jpg,7
train/05433.jpg,0
train/05434.jpg,1
train/05435.jpg,4
train/05436.jpg,3
train/05437.jpg,1
train/05438.jpg,4
train/05439.jpg,0
train/05440.jpg,3
train/05441.jpg,3
train/05442.jpg,3
train/05443.jpg,0
train/05444.jpg,6
train/05445.jpg,2
train/05446.jpg,0
train/05447.jpg,7
train/05448.jpg,4
train/05449.jpg,7
train/05450.jpg,1
train/05451.jpg,7
train/05452.jpg,1
train/05453.jpg,2
train/05454.jpg,1
train/05455.jpg,0
train/05456.jpg,5
train/05457.jpg,7
train/05458.jpg,4
train/05459.jpg,1
train/05460.jpg,2
train/05461.jpg,3
train/05462.jpg,2
train/05463.jpg,0
train/05464.jpg,1
train/05465.jpg,7
train/05466.jpg,0
train/05467.jpg,4
train/05468.jpg,1
train/05469.jpg,2
train/05470.jpg,3
train/05471.jpg,2
train/05472.jpg,6
train/05473.jpg,2
train/05474.jpg,1
train/05475.jpg,2
train/05476.jpg,6
train/05477.jpg,2
train/05478.jpg,2
train/05479.jpg,7
train/05480.jpg,2
train/05481.jpg,2
train/05482.jpg,3
train/05483.jpg,1
train/05484.jpg,0
train/05485.jpg,2
train/05486.jpg,1
train/05487.jpg,1
train/05488.jpg,6
train/05489.jpg,5
train/05490.jpg,3
train/05491.jpg,7
train/05492.jpg,4
train/05493.jpg,5
train/05494.jpg,3
train/05495.jpg,7
train/05496.jpg,7
train/05497.jpg,2
train/05498.jpg,4
train/05499.jpg,3
train/05500.jpg,6
train/05501.jpg,4
train/05502.jpg,2
train/05503.jpg,6
train/05504.jpg,4
train/05505.jpg,3
train/05506.jpg,0
train/05507.jpg,6
train/05508.jpg,4
train/05509.jpg,4
train/05510.jpg,2
train/05511.jpg,1
train/05512.jpg,7
train/05513.jpg,2
train/05514.jpg,1
train/05515.jpg,0
train/05516.jpg,1
train/05517.jpg,3
train/05518.jpg,2
train/05519.jpg,4
train/05520.jpg,0
train/05521.jpg,2
train/05522.jpg,2
train/05523.jpg,1
train/05524.jpg,3
train/05525.jpg,2
train/05526.jpg,7
train/05527.jpg,0
train/05528.jpg,4
train/05529.jpg,2
train/05530.jpg,2
train/05531.jpg,5
train/05532.jpg,7
train/05533.jpg,1
train/05534.jpg,3
train/05535.jpg,0
train/05536.jpg,5
train/05537.jpg,1
train/05538.jpg,1
train/05539.jpg,1
train/05540.jpg,1
train/05541.jpg,2
train/05542.jpg,1
train/05543.jpg,7
train/05544.jpg,0
train/05545.jpg,1
train/05546.jpg,1
train/05547.jpg,1
train/05548.jpg,1
train/05549.jpg,1
train/05550.jpg,0
train/05551.jpg,0
train/05552.jpg,3
train/05553.jpg,1
train/05554.jpg,5
train/05555.jpg,2
train/05556.jpg,2
train/05557.jpg,3
train/05558.jpg,2
train/05559.jpg,1
train/05560.jpg,3
train/05561.jpg,4
train/05562.jpg,0
train/05563.jpg,3
train/05564.jpg,7
train/05565.jpg,3
train/05566.jpg,0
train/05567.jpg,3
train/05568.jpg,5
train/05569.jpg,5
train/05570.jpg,3
train/05571.jpg,7
train/05572.jpg,4
train/05573.jpg,0
train/05574.jpg,7
train/05575.jpg,7
train/05576.jpg,5
train/05577.jpg,0
train/05578.jpg,2
train/05579.jpg,3
train/05580.jpg,1
train/05581.jpg,3
train/05582.jpg,1
train/05583.jpg,4
train/05584.jpg,2
train/05585.jpg,1
train/05586.jpg,3
train/05587.jpg,2
train/05588.jpg,1
train/05589.jpg,0
train/05590.jpg,0
train/05591.jpg,3
train/05592.jpg,5
train/05593.jpg,5
train/05594.jpg,1
train/05595.jpg,0
train/05596.jpg,6
train/05597.jpg,2
train/05598.jpg,5
train/05599.jpg,0
train/05600.jpg,5
train/05601.jpg,3
train/05602.jpg,0
train/05603.jpg,2
train/05604.jpg,5
train/05605.jpg,0
train/05606.jpg,0
train/05607.jpg,4
train/05608.jpg,2
train/05609.jpg,7
train/05610.jpg,2
train/05611.jpg,1
train/05612.jpg,0
train/05613.jpg,3
train/05614.jpg,6
train/05615.jpg,1
train/05616.jpg,3
train/05617.jpg,0
train/05618.jpg,3
train/05619.jpg,6
train/05620.jpg,1
train/05621.jpg,2
train/05622.jpg,3
train/05623.jpg,3
train/05624.jpg,2
train/05625.jpg,1
train/05626.jpg,1
train/05627.jpg,0
train/05628.jpg,1
train/05629.jpg,3
train/05630.jpg,1
train/05631.jpg,4
train/05632.jpg,2
train/05633.jpg,5
train/05634.jpg,3
train/05635.jpg,2
train/05636.jpg,1
train/05637.jpg,0
train/05638.jpg,2
train/05639.jpg,7
train/05640.jpg,3
train/05641.jpg,2
train/05642.jpg,4
train/05643.jpg,1
train/05644.jpg,1
train/05645.jpg,5
train/05646.jpg,5
train/05647.jpg,2
train/05648.jpg,1
train/05649.jpg,7
train/05650.jpg,1
train/05651.jpg,1
train/05652.jpg,3
train/05653.jpg,7
train/05654.jpg,2
train/05655.jpg,6
train/05656.jpg,6
train/05657.jpg,0
train/05658.jpg,3
train/05659.jpg,2
train/05660.jpg,2
train/05661.jpg,0
train/05662.jpg,1
train/05663.jpg,6
train/05664.jpg,6
train/05665.jpg,5
train/05666.jpg,1
train/05667.jpg,3
train/05668.jpg,2
train/05669.jpg,1
train/05670.jpg,2
train/05671.jpg,2
train/05672.jpg,0
train/05673.jpg,1
train/05674.jpg,2
train/05675.jpg,2
train/05676.jpg,2
train/05677.jpg,6
train/05678.jpg,6
train/05679.jpg,4
train/05680.jpg,1
train/05681.jpg,3
train/05682.jpg,7
train/05683.jpg,3
train/05684.jpg,7
train/05685.jpg,0
train/05686.jpg,6
train/05687.jpg,0
train/05688.jpg,1
train/05689.jpg,0
train/05690.jpg,0
train/05691.jpg,2
train/05692.jpg,0
train/05693.jpg,6
train/05694.jpg,2
train/05695.jpg,1
train/05696.jpg,6
train/05697.jpg,1
train/05698.jpg,0
train/05699.jpg,2
train/05700.jpg,4
train/05701.jpg,1
train/05702.jpg,7
train/05703.jpg,6
train/05704.jpg,7
train/05705.jpg,1
train/05706.jpg,1
train/05707.jpg,1
train/05708.jpg,0
train/05709.jpg,4
train/05710.jpg,1
train/05711.jpg,2
train/05712.jpg,1
train/05713.jpg,5
train/05714.jpg,7
train/05715.jpg,3
train/05716.jpg,0
train/05717.jpg,1
train/05718.jpg,3
train/05719.jpg,3
train/05720.jpg,1
train/05721.jpg,6
train/05722.jpg,1
train/05723.jpg,7
train/05724.jpg,1
train/05725.jpg,0
train/05726.jpg,3
train/05727.jpg,1
train/05728.jpg,0
train/05729.jpg,2
train/05730.jpg,7
train/05731.jpg,0
train/05732.jpg,7
train/05733.jpg,1
train/05734.jpg,2
train/05735.jpg,2
train/05736.jpg,0
train/05737.jpg,2
train/05738.jpg,7
train/05739.jpg,6
train/05740.jpg,3
train/05741.jpg,0
train/05742.jpg,4
train/05743.jpg,0
train/05744.jpg,0
train/05745.jpg,1
train/05746.jpg,1
train/05747.jpg,1
train/05748.jpg,1
train/05749.jpg,0
train/05750.jpg,1
train/05751.jpg,6
train/05752.jpg,6
train/05753.jpg,7
train/05754.jpg,0
train/05755.jpg,1
train/05756.jpg,1
train/05757.jpg,7
train/05758.jpg,0
train/05759.jpg,1
train/05760.jpg,3
train/05761.jpg,1
train/05762.jpg,3
train/05763.jpg,1
train/05764.jpg,6
train/05765.jpg,1
train/05766.jpg,4
train/05767.jpg,3
train/05768.jpg,1
train/05769.jpg,2
train/05770.jpg,4
train/05771.jpg,0
train/05772.jpg,0
train/05773.jpg,4
train/05774.jpg,1
train/05775.jpg,3
train/05776.jpg,0
train/05777.jpg,1
train/05778.jpg,0
train/05779.jpg,1
train/05780.jpg,0
train/05781.jpg,1
train/05782.jpg,3
train/05783.jpg,0
train/05784.jpg,0
train/05785.jpg,6
train/05786.jpg,5
train/05787.jpg,5
train/05788.jpg,2
train/05789.jpg,3
train/05790.jpg,0
train/05791.jpg,0
train/05792.jpg,2
train/05793.jpg,1
train/05794.jpg,2
train/05795.jpg,1
train/05796.jpg,0
train/05797.jpg,2
train/05798.jpg,4
train/05799.jpg,0
train/05800.jpg,3
train/05801.jpg,0
train/05802.jpg,1
train/05803.jpg,1
train/05804.jpg,0
train/05805.jpg,3
train/05806.jpg,6
train/05807.jpg,3
train/05808.jpg,7
train/05809.jpg,7
train/05810.jpg,7
train/05811.jpg,3
train/05812.jpg,0
train/05813.jpg,7
train/05814.jpg,1
train/05815.jpg,1
train/05816.jpg,3
train/05817.jpg,6
train/05818.jpg,7
train/05819.jpg,1
train/05820.jpg,1
train/05821.jpg,3
train/05822.jpg,5
train/05823.jpg,0
train/05824.jpg,1
train/05825.jpg,0
train/05826.jpg,7
train/05827.jpg,1
train/05828.jpg,1
train/05829.jpg,0
train/05830.jpg,3
train/05831.jpg,7
train/05832.jpg,0
train/05833.jpg,1
train/05834.jpg,1
train/05835.jpg,7
train/05836.jpg,1
train/05837.jpg,3
train/05838.jpg,1
train/05839.jpg,1
train/05840.jpg,0
train/05841.jpg,0
train/05842.jpg,7
train/05843.jpg,7
train/05844.jpg,1
train/05845.jpg,6
train/05846.jpg,2
train/05847.jpg,0
train/05848.jpg,4
train/05849.jpg,4
train/05850.jpg,0
train/05851.jpg,0
train/05852.jpg,3
train/05853.jpg,1
train/05854.jpg,4
train/05855.jpg,1
train/05856.jpg,1
train/05857.jpg,2
train/05858.jpg,4
train/05859.jpg,0
train/05860.jpg,0
train/05861.jpg,3
train/05862.jpg,6
train/05863.jpg,6
train/05864.jpg,6
train/05865.jpg,1
train/05866.jpg,3
train/05867.jpg,2
train/05868.jpg,3
train/05869.jpg,5
train/05870.jpg,2
train/05871.jpg,6
train/05872.jpg,1
train/05873.jpg,3
train/05874.jpg,2
train/05875.jpg,1
train/05876.jpg,2
train/05877.jpg,0
train/05878.jpg,3
train/05879.jpg,1
train/05880.jpg,0
train/05881.jpg,0
train/05882.jpg,2
train/05883.jpg,0
train/05884.jpg,2
train/05885.jpg,3
train/05886.jpg,2
train/05887.jpg,1
train/05888.jpg,6
train/05889.jpg,1
train/05890.jpg,4
train/05891.jpg,7
train/05892.jpg,3
train/05893.jpg,2
train/05894.jpg,0
train/05895.jpg,6
train/05896.jpg,4
train/05897.jpg,0
train/05898.jpg,1
train/05899.jpg,7
train/05900.jpg,0
train/05901.jpg,0
train/05902.jpg,2
train/05903.jpg,4
train/05904.jpg,3
train/05905.jpg,6
train/05906.jpg,1
train/05907.jpg,1
train/05908.jpg,1
train/05909.jpg,2
train/05910.jpg,7
train/05911.jpg,6
train/05912.jpg,1
train/05913.jpg,0
train/05914.jpg,1
train/05915.jpg,1
train/05916.jpg,2
train/05917.jpg,0
train/05918.jpg,1
train/05919.jpg,7
train/05920.jpg,1
train/05921.jpg,0
train/05922.jpg,1
train/05923.jpg,1
train/05924.jpg,1
train/05925.jpg,7
train/05926.jpg,1
train/05927.jpg,0
train/05928.jpg,1
train/05929.jpg,6
train/05930.jpg,1
train/05931.jpg,4
train/05932.jpg,3
train/05933.jpg,6
train/05934.jpg,1
train/05935.jpg,6
train/05936.jpg,0
train/05937.jpg,6
train/05938.jpg,3
train/05939.jpg,4
train/05940.jpg,1
train/05941.jpg,4
train/05942.jpg,0
train/05943.jpg,0
train/05944.jpg,1
train/05945.jpg,1
train/05946.jpg,1
train/05947.jpg,2
train/05948.jpg,0
train/05949.jpg,2
train/05950.jpg,2
train/05951.jpg,4
train/05952.jpg,0
train/05953.jpg,1
train/05954.jpg,2
train/05955.jpg,1
train/05956.jpg,1
train/05957.jpg,2
train/05958.jpg,1
train/05959.jpg,6
train/05960.jpg,7
train/05961.jpg,5
train/05962.jpg,1
train/05963.jpg,4
train/05964.jpg,3
train/05965.jpg,1
train/05966.jpg,0
train/05967.jpg,1
train/05968.jpg,1
train/05969.jpg,2
train/05970.jpg,1
train/05971.jpg,1
train/05972.jpg,1
train/05973.jpg,2
train/05974.jpg,0
train/05975.jpg,0
train/05976.jpg,3
train/05977.jpg,4
train/05978.jpg,5
train/05979.jpg,1
train/05980.jpg,1
train/05981.jpg,1
train/05982.jpg,1
train/05983.jpg,3
train/05984.jpg,7
train/05985.jpg,2
train/05986.jpg,1
train/05987.jpg,6
train/05988.jpg,0
train/05989.jpg,7
train/05990.jpg,2
train/05991.jpg,0
train/05992.jpg,0
train/05993.jpg,1
train/05994.jpg,0
train/05995.jpg,3
train/05996.jpg,3
train/05997.jpg,0
train/05998.jpg,4
train/05999.jpg,0
train/06000.jpg,7
train/06001.jpg,1
train/06002.jpg,3
train/06003.jpg,3
train/06004.jpg,3
train/06005.jpg,2
train/06006.jpg,3
train/06007.jpg,2
train/06008.jpg,3
train/06009.jpg,2
train/06010.jpg,3
train/06011.jpg,4
train/06012.jpg,0
train/06013.jpg,0
train/06014.jpg,3
train/06015.jpg,1
train/06016.jpg,1
train/06017.jpg,1
train/06018.jpg,5
train/06019.jpg,7
train/06020.jpg,3
train/06021.jpg,2
train/06022.jpg,2
train/06023.jpg,0
train/06024.jpg,3
train/06025.jpg,6
train/06026.jpg,3
train/06027.jpg,0
train/06028.jpg,1
train/06029.jpg,7
train/06030.jpg,5
train/06031.jpg,2
train/06032.jpg,1
train/06033.jpg,1
train/06034.jpg,2
train/06035.jpg,3
train/06036.jpg,7
train/06037.jpg,1
train/06038.jpg,2
train/06039.jpg,0
train/06040.jpg,1
train/06041.jpg,6
train/06042.jpg,0
train/06043.jpg,4
train/06044.jpg,7
train/06045.jpg,2
train/06046.jpg,3
train/06047.jpg,1
train/06048.jpg,2
train/06049.jpg,0
train/06050.jpg,0
train/06051.jpg,3
train/06052.jpg,0
train/06053.jpg,6
train/06054.jpg,6
train/06055.jpg,7
train/06056.jpg,4
train/06057.jpg,7
train/06058.jpg,1
train/06059.jpg,4
train/06060.jpg,7
train/06061.jpg,1
train/06062.jpg,0
train/06063.jpg,4
train/06064.jpg,7
train/06065.jpg,1
train/06066.jpg,0
train/06067.jpg,2
train/06068.jpg,0
train/06069.jpg,0
train/06070.jpg,4
train/06071.jpg,4
train/06072.jpg,2
train/06073.jpg,0
train/06074.jpg,2
train/06075.jpg,0
train/06076.jpg,1
train/06077.jpg,0
train/06078.jpg,3
train/06079.jpg,1
train/06080.jpg,2
train/06081.jpg,3
train/06082.jpg,1
train/06083.jpg,4
train/06084.jpg,3
train/06085.jpg,3
train/06086.jpg,2
train/06087.jpg,6
train/06088.jpg,3
train/06089.jpg,3
train/06090.jpg,1
train/06091.jpg,7
train/06092.jpg,4
train/06093.jpg,2
train/06094.jpg,4
train/06095.jpg,1
train/06096.jpg,1
train/06097.jpg,5
train/06098.jpg,2
train/06099.jpg,1
train/06100.jpg,0
train/06101.jpg,0
train/06102.jpg,1
train/06103.jpg,3
train/06104.jpg,4
train/06105.jpg,2
train/06106.jpg,6
train/06107.jpg,1
train/06108.jpg,6
train/06109.jpg,2
train/06110.jpg,1
train/06111.jpg,4
train/06112.jpg,6
train/06113.jpg,1
train/06114.jpg,1
train/06115.jpg,1
train/06116.jpg,7
train/06117.jpg,4
train/06118.jpg,7
train/06119.jpg,6
train/06120.jpg,0
train/06121.jpg,5
train/06122.jpg,1
train/06123.jpg,4
train/06124.jpg,0
train/06125.jpg,6
train/06126.jpg,4
train/06127.jpg,1
train/06128.jpg,1
train/06129.jpg,2
train/06130.jpg,1
train/06131.jpg,0
train/06132.jpg,3
train/06133.jpg,7
train/06134.jpg,6
train/06135.jpg,2
train/06136.jpg,1
train/06137.jpg,3
train/06138.jpg,1
train/06139.jpg,2
train/06140.jpg,1
train/06141.jpg,0
train/06142.jpg,0
train/06143.jpg,1
train/06144.jpg,2
train/06145.jpg,1
train/06146.jpg,0
train/06147.jpg,3
train/06148.jpg,3
train/06149.jpg,1
train/06150.jpg,6
train/06151.jpg,1
train/06152.jpg,0
train/06153.jpg,7
train/06154.jpg,6
train/06155.jpg,2
train/06156.jpg,7
train/06157.jpg,0
train/06158.jpg,4
train/06159.jpg,0
train/06160.jpg,7
train/06161.jpg,0
train/06162.jpg,3
train/06163.jpg,3
train/06164.jpg,1
train/06165.jpg,1
train/06166.jpg,3
train/06167.jpg,5
train/06168.jpg,1
train/06169.jpg,2
train/06170.jpg,4
train/06171.jpg,0
train/06172.jpg,5
train/06173.jpg,7
train/06174.jpg,0
train/06175.jpg,1
train/06176.jpg,7
train/06177.jpg,0
train/06178.jpg,1
train/06179.jpg,2
train/06180.jpg,7
train/06181.jpg,1
train/06182.jpg,1
train/06183.jpg,1
train/06184.jpg,1
train/06185.jpg,0
train/06186.jpg,2
train/06187.jpg,0
train/06188.jpg,4
train/06189.jpg,0
train/06190.jpg,1
train/06191.jpg,0
train/06192.jpg,0
train/06193.jpg,2
train/06194.jpg,0
train/06195.jpg,0
train/06196.jpg,2
train/06197.jpg,0
train/06198.jpg,3
train/06199.jpg,7
train/06200.jpg,0
train/06201.jpg,0
train/06202.jpg,2
train/06203.jpg,3
train/06204.jpg,0
train/06205.jpg,7
train/06206.jpg,3
train/06207.jpg,3
train/06208.jpg,2
train/06209.jpg,7
train/06210.jpg,4
train/06211.jpg,1
train/06212.jpg,0
train/06213.jpg,4
train/06214.jpg,0
train/06215.jpg,0
train/06216.jpg,4
train/06217.jpg,1
train/06218.jpg,3
train/06219.jpg,2
train/06220.jpg,5
train/06221.jpg,2
train/06222.jpg,2
train/06223.jpg,1
train/06224.jpg,1
train/06225.jpg,1
train/06226.jpg,3
train/06227.jpg,2
train/06228.jpg,7
train/06229.jpg,1
train/06230.jpg,3
train/06231.jpg,6
train/06232.jpg,2
train/06233.jpg,1
train/06234.jpg,2
train/06235.jpg,1
train/06236.jpg,1
train/06237.jpg,1
train/06238.jpg,2
train/06239.jpg,3
train/06240.jpg,3
train/06241.jpg,1
train/06242.jpg,3
train/06243.jpg,7
train/06244.jpg,2
train/06245.jpg,5
train/06246.jpg,7
train/06247.jpg,4
train/06248.jpg,7
train/06249.jpg,2
train/06250.jpg,6
train/06251.jpg,2
train/06252.jpg,0
train/06253.jpg,0
train/06254.jpg,1
train/06255.jpg,6
train/06256.jpg,7
train/06257.jpg,2
train/06258.jpg,0
train/06259.jpg,4
train/06260.jpg,1
train/06261.jpg,7
train/06262.jpg,0
train/06263.jpg,7
train/06264.jpg,1
train/06265.jpg,1
train/06266.jpg,6
train/06267.jpg,3
train/06268.jpg,7
train/06269.jpg,4
train/06270.jpg,2
train/06271.jpg,6
train/06272.jpg,4
train/06273.jpg,1
train/06274.jpg,2
train/06275.jpg,2
train/06276.jpg,0
train/06277.jpg,4
train/06278.jpg,0
train/06279.jpg,6
train/06280.jpg,5
train/06281.jpg,1
train/06282.jpg,2
train/06283.jpg,7
train/06284.jpg,2
train/06285.jpg,4
train/06286.jpg,4
train/06287.jpg,1
train/06288.jpg,1
train/06289.jpg,3
train/06290.jpg,3
train/06291.jpg,5
train/06292.jpg,1
train/06293.jpg,7
train/06294.jpg,2
train/06295.jpg,7
train/06296.jpg,1
train/06297.jpg,6
train/06298.jpg,5
train/06299.jpg,3
train/06300.jpg,1
train/06301.jpg,1
train/06302.jpg,1
train/06303.jpg,1
train/06304.jpg,2
train/06305.jpg,7
train/06306.jpg,4
train/06307.jpg,0
train/06308.jpg,0
train/06309.jpg,4
train/06310.jpg,3
train/06311.jpg,0
train/06312.jpg,0
train/06313.jpg,1
train/06314.jpg,2
train/06315.jpg,0
train/06316.jpg,5
train/06317.jpg,3
train/06318.jpg,2
train/06319.jpg,0
train/06320.jpg,6
train/06321.jpg,0
train/06322.jpg,1
train/06323.jpg,1
train/06324.jpg,6
train/06325.jpg,0
train/06326.jpg,1
train/06327.jpg,4
train/06328.jpg,1
train/06329.jpg,2
train/06330.jpg,3
train/06331.jpg,0
train/06332.jpg,0
train/06333.jpg,6
train/06334.jpg,5
train/06335.jpg,4
train/06336.jpg,0
train/06337.jpg,7
train/06338.jpg,6
train/06339.jpg,7
train/06340.jpg,4
train/06341.jpg,2
train/06342.jpg,1
train/06343.jpg,4
train/06344.jpg,1
train/06345.jpg,0
train/06346.jpg,6
train/06347.jpg,1
train/06348.jpg,4
train/06349.jpg,0
train/06350.jpg,4
train/06351.jpg,0
train/06352.jpg,3
train/06353.jpg,5
train/06354.jpg,0
train/06355.jpg,2
train/06356.jpg,7
train/06357.jpg,6
train/06358.jpg,2
train/06359.jpg,7
train/06360.jpg,6
train/06361.jpg,2
train/06362.jpg,5
train/06363.jpg,7
train/06364.jpg,3
train/06365.jpg,2
train/06366.jpg,2
train/06367.jpg,1
train/06368.jpg,1
train/06369.jpg,1
train/06370.jpg,0
train/06371.jpg,3
train/06372.jpg,2
train/06373.jpg,3
train/06374.jpg,1
train/06375.jpg,2
train/06376.jpg,6
train/06377.jpg,1
train/06378.jpg,7
train/06379.jpg,2
train/06380.jpg,2
train/06381.jpg,2
train/06382.jpg,1
train/06383.jpg,1
train/06384.jpg,2
train/06385.jpg,0
train/06386.jpg,3
train/06387.jpg,2
train/06388.jpg,1
train/06389.jpg,2
train/06390.jpg,0
train/06391.jpg,2
train/06392.jpg,3
train/06393.jpg,4
train/06394.jpg,2
train/06395.jpg,3
train/06396.jpg,7
train/06397.jpg,3
train/06398.jpg,6
train/06399.jpg,3
train/06400.jpg,0
train/06401.jpg,3
train/06402.jpg,7
train/06403.jpg,0
train/06404.jpg,7
train/06405.jpg,3
train/06406.jpg,1
train/06407.jpg,7
train/06408.jpg,4
train/06409.jpg,1
train/06410.jpg,3
train/06411.jpg,3
train/06412.jpg,0
train/06413.jpg,2
train/06414.jpg,0
train/06415.jpg,2
train/06416.jpg,1
train/06417.jpg,2
train/06418.jpg,1
train/06419.jpg,0
train/06420.jpg,0
train/06421.jpg,3
train/06422.jpg,1
train/06423.jpg,1
train/06424.jpg,2
train/06425.jpg,1
train/06426.jpg,2
train/06427.jpg,1
train/06428.jpg,6
train/06429.jpg,0
train/06430.jpg,1
train/06431.jpg,0
train/06432.jpg,4
train/06433.jpg,2
train/06434.jpg,1
train/06435.jpg,0
train/06436.jpg,4
train/06437.jpg,6
train/06438.jpg,2
train/06439.jpg,2
train/06440.jpg,1
train/06441.jpg,0
train/06442.jpg,4
train/06443.jpg,3
train/06444.jpg,1
train/06445.jpg,7
train/06446.jpg,7
train/06447.jpg,0
train/06448.jpg,6
train/06449.jpg,2
train/06450.jpg,2
train/06451.jpg,1
train/06452.jpg,0
train/06453.jpg,3
train/06454.jpg,1
train/06455.jpg,0
train/06456.jpg,7
train/06457.jpg,3
train/06458.jpg,1
train/06459.jpg,0
train/06460.jpg,0
train/06461.jpg,0
train/06462.jpg,4
train/06463.jpg,7
train/06464.jpg,7
train/06465.jpg,3
train/06466.jpg,7
train/06467.jpg,2
train/06468.jpg,5
train/06469.jpg,1
train/06470.jpg,6
train/06471.jpg,0
train/06472.jpg,6
train/06473.jpg,3
train/06474.jpg,1
train/06475.jpg,1
train/06476.jpg,0
train/06477.jpg,5
train/06478.jpg,4
train/06479.jpg,4
train/06480.jpg,4
train/06481.jpg,6
train/06482.jpg,1
train/06483.jpg,4
train/06484.jpg,3
train/06485.jpg,3
train/06486.jpg,1
train/06487.jpg,0
train/06488.jpg,1
train/06489.jpg,1
train/06490.jpg,3
train/06491.jpg,6
train/06492.jpg,1
train/06493.jpg,2
train/06494.jpg,2
train/06495.jpg,0
train/06496.jpg,1
train/06497.jpg,6
train/06498.jpg,3
train/06499.jpg,7
train/06500.jpg,1
train/06501.jpg,2
train/06502.jpg,7
train/06503.jpg,3
train/06504.jpg,3
train/06505.jpg,1
train/06506.jpg,5
train/06507.jpg,4
train/06508.jpg,0
train/06509.jpg,2
train/06510.jpg,2
train/06511.jpg,5
train/06512.jpg,1
train/06513.jpg,7
train/06514.jpg,7
train/06515.jpg,3
train/06516.jpg,1
train/06517.jpg,6
train/06518.jpg,4
train/06519.jpg,4
train/06520.jpg,1
train/06521.jpg,3
train/06522.jpg,0
train/06523.jpg,3
train/06524.jpg,2
train/06525.jpg,1
train/06526.jpg,2
train/06527.jpg,1
train/06528.jpg,7
train/06529.jpg,2
train/06530.jpg,3
train/06531.jpg,3
train/06532.jpg,4
train/06533.jpg,6
train/06534.jpg,6
train/06535.jpg,1
train/06536.jpg,3
train/06537.jpg,7
train/06538.jpg,2
train/06539.jpg,2
train/06540.jpg,6
train/06541.jpg,7
train/06542.jpg,1
train/06543.jpg,1
train/06544.jpg,2
train/06545.jpg,3
train/06546.jpg,2
train/06547.jpg,7
train/06548.jpg,0
train/06549.jpg,2
train/06550.jpg,0
train/06551.jpg,5
train/06552.jpg,6
train/06553.jpg,4
train/06554.jpg,6
train/06555.jpg,0
train/06556.jpg,7
train/06557.jpg,3
train/06558.jpg,3
train/06559.jpg,0
train/06560.jpg,1
train/06561.jpg,4
train/06562.jpg,1
train/06563.jpg,6
train/06564.jpg,7
train/06565.jpg,1
train/06566.jpg,7
train/06567.jpg,3
train/06568.jpg,1
train/06569.jpg,0
train/06570.jpg,2
train/06571.jpg,1
train/06572.jpg,1
train/06573.jpg,0
train/06574.jpg,2
train/06575.jpg,1
train/06576.jpg,1
train/06577.jpg,7
train/06578.jpg,7
train/06579.jpg,6
train/06580.jpg,3
train/06581.jpg,2
train/06582.jpg,1
train/06583.jpg,1
train/06584.jpg,7
train/06585.jpg,4
train/06586.jpg,2
train/06587.jpg,7
train/06588.jpg,1
train/06589.jpg,3
train/06590.jpg,0
train/06591.jpg,7
train/06592.jpg,7
train/06593.jpg,2
train/06594.jpg,1
train/06595.jpg,5
train/06596.jpg,5
train/06597.jpg,6
train/06598.jpg,0
train/06599.jpg,5
train/06600.jpg,2
train/06601.jpg,7
train/06602.jpg,4
train/06603.jpg,4
train/06604.jpg,6
train/06605.jpg,0
train/06606.jpg,2
train/06607.jpg,6
train/06608.jpg,3
train/06609.jpg,7
train/06610.jpg,5
train/06611.jpg,7
train/06612.jpg,2
train/06613.jpg,2
train/06614.jpg,1
train/06615.jpg,2
train/06616.jpg,1
train/06617.jpg,2
train/06618.jpg,1
train/06619.jpg,1
train/06620.jpg,0
train/06621.jpg,0
train/06622.jpg,3
train/06623.jpg,7
train/06624.jpg,1
train/06625.jpg,1
train/06626.jpg,6
train/06627.jpg,1
train/06628.jpg,3
train/06629.jpg,0
train/06630.jpg,1
train/06631.jpg,4
train/06632.jpg,0
train/06633.jpg,1
train/06634.jpg,6
train/06635.jpg,1
train/06636.jpg,1
train/06637.jpg,2
train/06638.jpg,4
train/06639.jpg,0
train/06640.jpg,7
train/06641.jpg,2
train/06642.jpg,0
train/06643.jpg,6
train/06644.jpg,4
train/06645.jpg,1
train/06646.jpg,1
train/06647.jpg,6
train/06648.jpg,2
train/06649.jpg,6
train/06650.jpg,0
train/06651.jpg,0
train/06652.jpg,2
train/06653.jpg,3
train/06654.jpg,6
train/06655.jpg,0
train/06656.jpg,4
train/06657.jpg,3
train/06658.jpg,1
train/06659.jpg,0
train/06660.jpg,2
train/06661.jpg,1
train/06662.jpg,0
train/06663.jpg,0
train/06664.jpg,5
train/06665.jpg,1
train/06666.jpg,1
train/06667.jpg,5
train/06668.jpg,6
train/06669.jpg,1
train/06670.jpg,7
train/06671.jpg,3
train/06672.jpg,1
train/06673.jpg,0
train/06674.jpg,1
train/06675.jpg,3
train/06676.jpg,0
train/06677.jpg,1
train/06678.jpg,3
train/06679.jpg,0
train/06680.jpg,0
train/06681.jpg,0
train/06682.jpg,0
train/06683.jpg,2
train/06684.jpg,2
train/06685.jpg,2
train/06686.jpg,1
train/06687.jpg,1
train/06688.jpg,3
train/06689.jpg,1
train/06690.jpg,1
train/06691.jpg,7
train/06692.jpg,6
train/06693.jpg,1
train/06694.jpg,4
train/06695.jpg,5
train/06696.jpg,5
train/06697.jpg,6
train/06698.jpg,1
train/06699.jpg,2
train/06700.jpg,0
train/06701.jpg,1
train/06702.jpg,0
train/06703.jpg,3
train/06704.jpg,2
train/06705.jpg,2
train/06706.jpg,1
train/06707.jpg,1
train/06708.jpg,3
train/06709.jpg,3
train/06710.jpg,3
train/06711.jpg,7
train/06712.jpg,3
train/06713.jpg,2
train/06714.jpg,0
train/06715.jpg,7
train/06716.jpg,3
train/06717.jpg,6
train/06718.jpg,2
train/06719.jpg,1
train/06720.jpg,7
train/06721.jpg,2
train/06722.jpg,4
train/06723.jpg,6
train/06724.jpg,1
train/06725.jpg,0
train/06726.jpg,2
train/06727.jpg,4
train/06728.jpg,0
train/06729.jpg,1
train/06730.jpg,1
train/06731.jpg,5
train/06732.jpg,0
train/06733.jpg,1
train/06734.jpg,1
train/06735.jpg,5
train/06736.jpg,0
train/06737.jpg,0
train/06738.jpg,3
train/06739.jpg,7
train/06740.jpg,6
train/06741.jpg,1
train/06742.jpg,0
train/06743.jpg,4
train/06744.jpg,5
train/06745.jpg,1
train/06746.jpg,7
train/06747.jpg,2
train/06748.jpg,7
train/06749.jpg,0
train/06750.jpg,0
train/06751.jpg,1
train/06752.jpg,3
train/06753.jpg,0
train/06754.jpg,6
train/06755.jpg,1
train/06756.jpg,2
train/06757.jpg,2
train/06758.jpg,2
train/06759.jpg,3
train/06760.jpg,1
train/06761.jpg,0
train/06762.jpg,5
train/06763.jpg,3
train/06764.jpg,1
train/06765.jpg,0
train/06766.jpg,3
train/06767.jpg,0
train/06768.jpg,1
train/06769.jpg,3
train/06770.jpg,0
train/06771.jpg,3
train/06772.jpg,2
train/06773.jpg,4
train/06774.jpg,1
train/06775.jpg,7
train/06776.jpg,4
train/06777.jpg,4
train/06778.jpg,2
train/06779.jpg,5
train/06780.jpg,1
train/06781.jpg,1
train/06782.jpg,3
train/06783.jpg,4
train/06784.jpg,1
train/06785.jpg,2
train/06786.jpg,2
train/06787.jpg,1
train/06788.jpg,6
train/06789.jpg,0
train/06790.jpg,5
train/06791.jpg,1
train/06792.jpg,3
train/06793.jpg,3
train/06794.jpg,1
train/06795.jpg,1
train/06796.jpg,7
train/06797.jpg,0
train/06798.jpg,4
train/06799.jpg,2
train/06800.jpg,2
train/06801.jpg,3
train/06802.jpg,1
train/06803.jpg,0
train/06804.jpg,6
train/06805.jpg,0
train/06806.jpg,6
train/06807.jpg,1
train/06808.jpg,0
train/06809.jpg,7
train/06810.jpg,2
train/06811.jpg,7
train/06812.jpg,0
train/06813.jpg,6
train/06814.jpg,7
train/06815.jpg,7
train/06816.jpg,1
train/06817.jpg,7
train/06818.jpg,1
train/06819.jpg,4
train/06820.jpg,6
train/06821.jpg,4
train/06822.jpg,0
train/06823.jpg,3
train/06824.jpg,0
train/06825.jpg,7
train/06826.jpg,2
train/06827.jpg,0
train/06828.jpg,5
train/06829.jpg,1
train/06830.jpg,1
train/06831.jpg,6
train/06832.jpg,3
train/06833.jpg,0
train/06834.jpg,1
train/06835.jpg,1
train/06836.jpg,3
train/06837.jpg,1
train/06838.jpg,1
train/06839.jpg,1
train/06840.jpg,3
train/06841.jpg,1
train/06842.jpg,1
train/06843.jpg,1
train/06844.jpg,4
train/06845.jpg,2
train/06846.jpg,1
train/06847.jpg,7
train/06848.jpg,7
train/06849.jpg,0
train/06850.jpg,1
train/06851.jpg,0
train/06852.jpg,1
train/06853.jpg,0
train/06854.jpg,3
train/06855.jpg,0
train/06856.jpg,6
train/06857.jpg,2
train/06858.jpg,2
train/06859.jpg,3
train/06860.jpg,1
train/06861.jpg,1
train/06862.jpg,0
train/06863.jpg,0
train/06864.jpg,7
train/06865.jpg,0
train/06866.jpg,1
train/06867.jpg,1
train/06868.jpg,5
train/06869.jpg,2
train/06870.jpg,3
train/06871.jpg,5
train/06872.jpg,4
train/06873.jpg,5
train/06874.jpg,0
train/06875.jpg,7
train/06876.jpg,6
train/06877.jpg,4
train/06878.jpg,7
train/06879.jpg,1
train/06880.jpg,2
train/06881.jpg,5
train/06882.jpg,1
train/06883.jpg,3
train/06884.jpg,0
train/06885.jpg,5
train/06886.jpg,2
train/06887.jpg,2
train/06888.jpg,7
train/06889.jpg,1
train/06890.jpg,6
train/06891.jpg,1
train/06892.jpg,3
train/06893.jpg,1
train/06894.jpg,3
train/06895.jpg,0
train/06896.jpg,2
train/06897.jpg,1
train/06898.jpg,2
train/06899.jpg,0
train/06900.jpg,2
train/06901.jpg,5
train/06902.jpg,3
train/06903.jpg,1
train/06904.jpg,3
train/06905.jpg,7
train/06906.jpg,3
train/06907.jpg,0
train/06908.jpg,0
train/06909.jpg,0
train/06910.jpg,2
train/06911.jpg,1
train/06912.jpg,1
train/06913.jpg,7
train/06914.jpg,1
train/06915.jpg,2
train/06916.jpg,2
train/06917.jpg,5
train/06918.jpg,4
train/06919.jpg,5
train/06920.jpg,1
train/06921.jpg,2
train/06922.jpg,0
train/06923.jpg,3
train/06924.jpg,0
train/06925.jpg,5
train/06926.jpg,2
train/06927.jpg,4
train/06928.jpg,1
train/06929.jpg,0
train/06930.jpg,0
train/06931.jpg,7
train/06932.jpg,6
train/06933.jpg,0
train/06934.jpg,5
train/06935.jpg,4
train/06936.jpg,2
train/06937.jpg,7
train/06938.jpg,1
train/06939.jpg,7
train/06940.jpg,0
train/06941.jpg,3
train/06942.jpg,1
train/06943.jpg,3
train/06944.jpg,1
train/06945.jpg,5
train/06946.jpg,7
train/06947.jpg,1
train/06948.jpg,0
train/06949.jpg,1
train/06950.jpg,1
train/06951.jpg,0
train/06952.jpg,1
train/06953.jpg,3
train/06954.jpg,1
train/06955.jpg,0
train/06956.jpg,1
train/06957.jpg,1
train/06958.jpg,3
train/06959.jpg,3
train/06960.jpg,1
train/06961.jpg,0
train/06962.jpg,5
train/06963.jpg,0
train/06964.jpg,6
train/06965.jpg,1
train/06966.jpg,6
train/06967.jpg,7
train/06968.jpg,0
train/06969.jpg,3
train/06970.jpg,1
train/06971.jpg,6
train/06972.jpg,0
train/06973.jpg,1
train/06974.jpg,1
train/06975.jpg,0
train/06976.jpg,5
train/06977.jpg,0
train/06978.jpg,7
train/06979.jpg,2
train/06980.jpg,1
train/06981.jpg,6
train/06982.jpg,0
train/06983.jpg,1
train/06984.jpg,2
train/06985.jpg,3
train/06986.jpg,3
train/06987.jpg,1
train/06988.jpg,6
train/06989.jpg,4
train/06990.jpg,0
train/06991.jpg,2
train/06992.jpg,1
train/06993.jpg,0
train/06994.jpg,1
train/06995.jpg,3
train/06996.jpg,5
train/06997.jpg,0
train/06998.jpg,3
train/06999.jpg,3
train/07000.jpg,1
train/07001.jpg,0
train/07002.jpg,5
train/07003.jpg,0
train/07004.jpg,0
train/07005.jpg,2
train/07006.jpg,1
train/07007.jpg,4
train/07008.jpg,3
train/07009.jpg,0
train/07010.jpg,0
train/07011.jpg,0
train/07012.jpg,1
train/07013.jpg,1
train/07014.jpg,0
train/07015.jpg,0
train/07016.jpg,2
train/07017.jpg,1
train/07018.jpg,1
train/07019.jpg,7
train/07020.jpg,0
train/07021.jpg,0
train/07022.jpg,2
train/07023.jpg,6
train/07024.jpg,2
train/07025.jpg,0
train/07026.jpg,3
train/07027.jpg,3
train/07028.jpg,5
train/07029.jpg,1
train/07030.jpg,1
train/07031.jpg,2
train/07032.jpg,0
train/07033.jpg,4
train/07034.jpg,2
train/07035.jpg,7
train/07036.jpg,2
train/07037.jpg,1
train/07038.jpg,0
train/07039.jpg,2
train/07040.jpg,3
train/07041.jpg,1
train/07042.jpg,3
train/07043.jpg,3
train/07044.jpg,7
train/07045.jpg,5
train/07046.jpg,3
train/07047.jpg,6
train/07048.jpg,2
train/07049.jpg,4
train/07050.jpg,1
train/07051.jpg,1
train/07052.jpg,3
train/07053.jpg,1
train/07054.jpg,1
train/07055.jpg,6
train/07056.jpg,1
train/07057.jpg,0
train/07058.jpg,0
train/07059.jpg,4
train/07060.jpg,1
train/07061.jpg,4
train/07062.jpg,0
train/07063.jpg,2
train/07064.jpg,7
train/07065.jpg,6
train/07066.jpg,1
train/07067.jpg,1
train/07068.jpg,2
train/07069.jpg,3
train/07070.jpg,6
train/07071.jpg,3
train/07072.jpg,6
train/07073.jpg,4
train/07074.jpg,6
train/07075.jpg,7
train/07076.jpg,1
train/07077.jpg,1
train/07078.jpg,1
train/07079.jpg,6
train/07080.jpg,2
train/07081.jpg,2
train/07082.jpg,3
train/07083.jpg,7
train/07084.jpg,1
train/07085.jpg,0
train/07086.jpg,1
train/07087.jpg,7
train/07088.jpg,0
train/07089.jpg,3
train/07090.jpg,2
train/07091.jpg,4
train/07092.jpg,4
train/07093.jpg,4
train/07094.jpg,1
train/07095.jpg,3
train/07096.jpg,2
train/07097.jpg,6
train/07098.jpg,3
train/07099.jpg,3
train/07100.jpg,3
train/07101.jpg,7
train/07102.jpg,1
train/07103.jpg,2
train/07104.jpg,6
train/07105.jpg,1
train/07106.jpg,0
train/07107.jpg,1
train/07108.jpg,3
train/07109.jpg,1
train/07110.jpg,5
train/07111.jpg,6
train/07112.jpg,0
train/07113.jpg,4
train/07114.jpg,2
train/07115.jpg,2
train/07116.jpg,2
train/07117.jpg,1
train/07118.jpg,2
train/07119.jpg,0
train/07120.jpg,3
train/07121.jpg,1
train/07122.jpg,5
train/07123.jpg,6
train/07124.jpg,3
train/07125.jpg,6
train/07126.jpg,0
train/07127.jpg,0
train/07128.jpg,2
train/07129.jpg,0
train/07130.jpg,1
train/07131.jpg,0
train/07132.jpg,2
train/07133.jpg,1
train/07134.jpg,0
train/07135.jpg,3
train/07136.jpg,1
train/07137.jpg,0
train/07138.jpg,0
train/07139.jpg,6
train/07140.jpg,1
train/07141.jpg,2
train/07142.jpg,4
train/07143.jpg,7
train/07144.jpg,3
train/07145.jpg,0
train/07146.jpg,1
train/07147.jpg,4
train/07148.jpg,7
train/07149.jpg,4
train/07150.jpg,0
train/07151.jpg,1
train/07152.jpg,6
train/07153.jpg,6
train/07154.jpg,1
train/07155.jpg,2
train/07156.jpg,6
train/07157.jpg,2
train/07158.jpg,7
train/07159.jpg,0
train/07160.jpg,6
train/07161.jpg,2
train/07162.jpg,6
train/07163.jpg,2
train/07164.jpg,0
train/07165.jpg,5
train/07166.jpg,1
train/07167.jpg,0
train/07168.jpg,2
train/07169.jpg,4
train/07170.jpg,6
train/07171.jpg,2
train/07172.jpg,1
train/07173.jpg,1
train/07174.jpg,2
train/07175.jpg,1
train/07176.jpg,1
train/07177.jpg,4
train/07178.jpg,6
train/07179.jpg,0
train/07180.jpg,1
train/07181.jpg,1
train/07182.jpg,5
train/07183.jpg,7
train/07184.jpg,0
train/07185.jpg,2
train/07186.jpg,2
train/07187.jpg,2
train/07188.jpg,1
train/07189.jpg,0
train/07190.jpg,3
train/07191.jpg,1
train/07192.jpg,7
train/07193.jpg,3
train/07194.jpg,7
train/07195.jpg,5
train/07196.jpg,1
train/07197.jpg,6
train/07198.jpg,2
train/07199.jpg,2
train/07200.jpg,0
train/07201.jpg,0
train/07202.jpg,3
train/07203.jpg,2
train/07204.jpg,2
train/07205.jpg,2
train/07206.jpg,3
train/07207.jpg,0
train/07208.jpg,0
train/07209.jpg,1
train/07210.jpg,6
train/07211.jpg,1
train/07212.jpg,7
train/07213.jpg,5
train/07214.jpg,1
train/07215.jpg,1
train/07216.jpg,5
train/07217.jpg,1
train/07218.jpg,0
train/07219.jpg,2
train/07220.jpg,1
train/07221.jpg,2
train/07222.jpg,0
train/07223.jpg,0
train/07224.jpg,0
train/07225.jpg,4
train/07226.jpg,6
train/07227.jpg,0
train/07228.jpg,2
train/07229.jpg,0
train/07230.jpg,1
train/07231.jpg,1
train/07232.jpg,2
train/07233.jpg,1
train/07234.jpg,6
train/07235.jpg,6
train/07236.jpg,1
train/07237.jpg,6
train/07238.jpg,0
train/07239.jpg,2
train/07240.jpg,1
train/07241.jpg,3
train/07242.jpg,5
train/07243.jpg,3
train/07244.jpg,0
train/07245.jpg,7
train/07246.jpg,6
train/07247.jpg,5
train/07248.jpg,0
train/07249.jpg,0
train/07250.jpg,0
train/07251.jpg,1
train/07252.jpg,3
train/07253.jpg,4
train/07254.jpg,2
train/07255.jpg,0
train/07256.jpg,7
train/07257.jpg,7
train/07258.jpg,1
train/07259.jpg,1
train/07260.jpg,7
train/07261.jpg,0
train/07262.jpg,2
train/07263.jpg,0
train/07264.jpg,3
train/07265.jpg,2
train/07266.jpg,0
train/07267.jpg,3
train/07268.jpg,1
train/07269.jpg,5
train/07270.jpg,3
train/07271.jpg,7
train/07272.jpg,1
train/07273.jpg,1
train/07274.jpg,0
train/07275.jpg,4
train/07276.jpg,3
train/07277.jpg,3
train/07278.jpg,3
train/07279.jpg,0
train/07280.jpg,1
train/07281.jpg,2
train/07282.jpg,6
train/07283.jpg,5
train/07284.jpg,6
train/07285.jpg,1
train/07286.jpg,1
train/07287.jpg,0
train/07288.jpg,0
train/07289.jpg,4
train/07290.jpg,0
train/07291.jpg,4
train/07292.jpg,0
train/07293.jpg,0
train/07294.jpg,0
train/07295.jpg,1
train/07296.jpg,3
train/07297.jpg,0
train/07298.jpg,1
train/07299.jpg,0
train/07300.jpg,7
train/07301.jpg,4
train/07302.jpg,1
train/07303.jpg,7
train/07304.jpg,2
train/07305.jpg,1
train/07306.jpg,4
train/07307.jpg,3
train/07308.jpg,0
train/07309.jpg,0
train/07310.jpg,3
train/07311.jpg,0
train/07312.jpg,4
train/07313.jpg,4
train/07314.jpg,1
train/07315.jpg,3
train/07316.jpg,7
train/07317.jpg,0
train/07318.jpg,0
train/07319.jpg,1
train/07320.jpg,0
train/07321.jpg,7
train/07322.jpg,6
train/07323.jpg,1
train/07324.jpg,1
train/07325.jpg,5
train/07326.jpg,6
train/07327.jpg,1
train/07328.jpg,7
train/07329.jpg,1
train/07330.jpg,1
train/07331.jpg,0
train/07332.jpg,0
train/07333.jpg,2
train/07334.jpg,1
train/07335.jpg,2
train/07336.jpg,1
train/07337.jpg,0
train/07338.jpg,1
train/07339.jpg,1
train/07340.jpg,2
train/07341.jpg,0
train/07342.jpg,6
train/07343.jpg,6
train/07344.jpg,0
train/07345.jpg,4
train/07346.jpg,1
train/07347.jpg,3
train/07348.jpg,1
train/07349.jpg,0
train/07350.jpg,2
train/07351.jpg,4
train/07352.jpg,0
train/07353.jpg,2
train/07354.jpg,3
train/07355.jpg,6
train/07356.jpg,6
train/07357.jpg,1
train/07358.jpg,1
train/07359.jpg,2
train/07360.jpg,4
train/07361.jpg,7
train/07362.jpg,2
train/07363.jpg,0
train/07364.jpg,1
train/07365.jpg,3
train/07366.jpg,1
train/07367.jpg,2
train/07368.jpg,1
train/07369.jpg,0
train/07370.jpg,2
train/07371.jpg,5
train/07372.jpg,4
train/07373.jpg,4
train/07374.jpg,3
train/07375.jpg,1
train/07376.jpg,2
train/07377.jpg,2
train/07378.jpg,6
train/07379.jpg,2
train/07380.jpg,7
train/07381.jpg,5
train/07382.jpg,0
train/07383.jpg,5
train/07384.jpg,5
train/07385.jpg,2
train/07386.jpg,3
train/07387.jpg,7
train/07388.jpg,3
train/07389.jpg,0
train/07390.jpg,0
train/07391.jpg,0
train/07392.jpg,1
train/07393.jpg,1
train/07394.jpg,0
train/07395.jpg,7
train/07396.jpg,1
train/07397.jpg,5
train/07398.jpg,0
train/07399.jpg,2
train/07400.jpg,1
train/07401.jpg,2
train/07402.jpg,4
train/07403.jpg,1
train/07404.jpg,1
train/07405.jpg,2
train/07406.jpg,7
train/07407.jpg,0
train/07408.jpg,2
train/07409.jpg,4
train/07410.jpg,1
train/07411.jpg,1
train/07412.jpg,4
train/07413.jpg,0
train/07414.jpg,1
train/07415.jpg,0
train/07416.jpg,1
train/07417.jpg,0
train/07418.jpg,6
train/07419.jpg,3
train/07420.jpg,0
train/07421.jpg,4
train/07422.jpg,0
train/07423.jpg,2
train/07424.jpg,0
train/07425.jpg,2
train/07426.jpg,7
train/07427.jpg,1
train/07428.jpg,0
train/07429.jpg,3
train/07430.jpg,0
train/07431.jpg,3
train/07432.jpg,1
train/07433.jpg,1
train/07434.jpg,0
train/07435.jpg,1
train/07436.jpg,0
train/07437.jpg,2
train/07438.jpg,2
train/07439.jpg,3
train/07440.jpg,1
train/07441.jpg,4
train/07442.jpg,7
train/07443.jpg,1
train/07444.jpg,2
train/07445.jpg,1
train/07446.jpg,1
train/07447.jpg,0
train/07448.jpg,2
train/07449.jpg,2
train/07450.jpg,1
train/07451.jpg,3
train/07452.jpg,3
train/07453.jpg,5
train/07454.jpg,4
train/07455.jpg,3
train/07456.jpg,2
train/07457.jpg,4
train/07458.jpg,2
train/07459.jpg,1
train/07460.jpg,2
train/07461.jpg,1
train/07462.jpg,7
train/07463.jpg,1
train/07464.jpg,3
train/07465.jpg,0
train/07466.jpg,2
train/07467.jpg,2
train/07468.jpg,1
train/07469.jpg,2
train/07470.jpg,4
train/07471.jpg,2
train/07472.jpg,7
train/07473.jpg,2
train/07474.jpg,6
train/07475.jpg,0
train/07476.jpg,2
train/07477.jpg,0
train/07478.jpg,5
train/07479.jpg,2
train/07480.jpg,0
train/07481.jpg,1
train/07482.jpg,4
train/07483.jpg,2
train/07484.jpg,2
train/07485.jpg,0
train/07486.jpg,1
train/07487.jpg,0
train/07488.jpg,1
train/07489.jpg,2
train/07490.jpg,7
train/07491.jpg,3
train/07492.jpg,1
train/07493.jpg,5
train/07494.jpg,1
train/07495.jpg,1
train/07496.jpg,1
train/07497.jpg,3
train/07498.jpg,6
train/07499.jpg,5
train/07500.jpg,3
train/07501.jpg,1
train/07502.jpg,1
train/07503.jpg,1
train/07504.jpg,0
train/07505.jpg,2
train/07506.jpg,1
train/07507.jpg,1
train/07508.jpg,2
train/07509.jpg,0
train/07510.jpg,4
train/07511.jpg,0
train/07512.jpg,1
train/07513.jpg,3
train/07514.jpg,1
train/07515.jpg,1
train/07516.jpg,3
train/07517.jpg,1
train/07518.jpg,0
train/07519.jpg,1
train/07520.jpg,1
train/07521.jpg,1
train/07522.jpg,5
train/07523.jpg,4
train/07524.jpg,3
train/07525.jpg,7
train/07526.jpg,0
train/07527.jpg,0
train/07528.jpg,1
train/07529.jpg,0
train/07530.jpg,1
train/07531.jpg,2
train/07532.jpg,0
train/07533.jpg,7
train/07534.jpg,7
train/07535.jpg,1
train/07536.jpg,1
train/07537.jpg,3
train/07538.jpg,1
train/07539.jpg,7
train/07540.jpg,4
train/07541.jpg,2
train/07542.jpg,2
train/07543.jpg,7
train/07544.jpg,2
train/07545.jpg,2
train/07546.jpg,2
train/07547.jpg,0
train/07548.jpg,2
train/07549.jpg,0
train/07550.jpg,1
train/07551.jpg,4
train/07552.jpg,7
train/07553.jpg,1
train/07554.jpg,0
train/07555.jpg,1
train/07556.jpg,7
train/07557.jpg,5
train/07558.jpg,6
train/07559.jpg,1
train/07560.jpg,2
train/07561.jpg,1
train/07562.jpg,1
train/07563.jpg,1
train/07564.jpg,3
train/07565.jpg,6
train/07566.jpg,1
train/07567.jpg,1
train/07568.jpg,0
train/07569.jpg,0
train/07570.jpg,3
train/07571.jpg,2
train/07572.jpg,2
train/07573.jpg,5
train/07574.jpg,1
train/07575.jpg,3
train/07576.jpg,4
train/07577.jpg,1
train/07578.jpg,0
train/07579.jpg,0
train/07580.jpg,0
train/07581.jpg,1
train/07582.jpg,1
train/07583.jpg,1
train/07584.jpg,7
train/07585.jpg,0
train/07586.jpg,2
train/07587.jpg,0
train/07588.jpg,0
train/07589.jpg,6
train/07590.jpg,1
train/07591.jpg,7
train/07592.jpg,0
train/07593.jpg,0
train/07594.jpg,3
train/07595.jpg,0
train/07596.jpg,2
train/07597.jpg,6
train/07598.jpg,2
train/07599.jpg,3
train/07600.jpg,0
train/07601.jpg,2
train/07602.jpg,2
train/07603.jpg,7
train/07604.jpg,5
train/07605.jpg,1
train/07606.jpg,1
train/07607.jpg,6
train/07608.jpg,6
train/07609.jpg,0
train/07610.jpg,2
train/07611.jpg,0
train/07612.jpg,1
train/07613.jpg,2
train/07614.jpg,1
train/07615.jpg,0
train/07616.jpg,1
train/07617.jpg,0
train/07618.jpg,1
train/07619.jpg,2
train/07620.jpg,4
train/07621.jpg,1
train/07622.jpg,1
train/07623.jpg,1
train/07624.jpg,1
train/07625.jpg,0
train/07626.jpg,7
train/07627.jpg,1
train/07628.jpg,1
train/07629.jpg,0
train/07630.jpg,3
train/07631.jpg,7
train/07632.jpg,0
train/07633.jpg,1
train/07634.jpg,4
train/07635.jpg,2
train/07636.jpg,1
train/07637.jpg,1
train/07638.jpg,0
train/07639.jpg,3
train/07640.jpg,2
train/07641.jpg,0
train/07642.jpg,2
train/07643.jpg,1
train/07644.jpg,0
train/07645.jpg,5
train/07646.jpg,2
train/07647.jpg,2
train/07648.jpg,0
train/07649.jpg,5
train/07650.jpg,3
train/07651.jpg,0
train/07652.jpg,1
train/07653.jpg,2
train/07654.jpg,3
train/07655.jpg,3
train/07656.jpg,5
train/07657.jpg,2
train/07658.jpg,2
train/07659.jpg,4
train/07660.jpg,7
train/07661.jpg,1
train/07662.jpg,0
train/07663.jpg,1
train/07664.jpg,7
train/07665.jpg,1
train/07666.jpg,2
train/07667.jpg,0
train/07668.jpg,2
train/07669.jpg,1
train/07670.jpg,3
train/07671.jpg,4
train/07672.jpg,3
train/07673.jpg,3
train/07674.jpg,1
train/07675.jpg,1
train/07676.jpg,0
train/07677.jpg,0
train/07678.jpg,0
train/07679.jpg,2
train/07680.jpg,7
train/07681.jpg,2
train/07682.jpg,0
train/07683.jpg,0
train/07684.jpg,0
train/07685.jpg,0
train/07686.jpg,0
train/07687.jpg,1
train/07688.jpg,1
train/07689.jpg,3
train/07690.jpg,2
train/07691.jpg,2
train/07692.jpg,2
train/07693.jpg,1
train/07694.jpg,2
train/07695.jpg,1
train/07696.jpg,2
train/07697.jpg,0
train/07698.jpg,2
train/07699.jpg,7
train/07700.jpg,3
train/07701.jpg,1
train/07702.jpg,1
train/07703.jpg,7
train/07704.jpg,2
train/07705.jpg,1
train/07706.jpg,1
train/07707.jpg,1
train/07708.jpg,7
train/07709.jpg,3
train/07710.jpg,0
train/07711.jpg,0
train/07712.jpg,1
train/07713.jpg,1
train/07714.jpg,1
train/07715.jpg,1
train/07716.jpg,7
train/07717.jpg,3
train/07718.jpg,0
train/07719.jpg,0
train/07720.jpg,0
train/07721.jpg,5
train/07722.jpg,6
train/07723.jpg,4
train/07724.jpg,1
train/07725.jpg,1
train/07726.jpg,2
train/07727.jpg,2
train/07728.jpg,1
train/07729.jpg,0
train/07730.jpg,0
train/07731.jpg,1
train/07732.jpg,7
train/07733.jpg,0
train/07734.jpg,1
train/07735.jpg,3
train/07736.jpg,2
train/07737.jpg,5
train/07738.jpg,0
train/07739.jpg,2
train/07740.jpg,2
train/07741.jpg,6
train/07742.jpg,2
train/07743.jpg,3
train/07744.jpg,7
train/07745.jpg,2
train/07746.jpg,1
train/07747.jpg,3
train/07748.jpg,1
train/07749.jpg,3
train/07750.jpg,7
train/07751.jpg,1
train/07752.jpg,1
train/07753.jpg,0
train/07754.jpg,2
train/07755.jpg,1
train/07756.jpg,1
train/07757.jpg,0
train/07758.jpg,3
train/07759.jpg,3
train/07760.jpg,1
train/07761.jpg,3
train/07762.jpg,0
train/07763.jpg,3
train/07764.jpg,3
train/07765.jpg,2
train/07766.jpg,2
train/07767.jpg,0
train/07768.jpg,4
train/07769.jpg,4
train/07770.jpg,0
train/07771.jpg,0
train/07772.jpg,1
train/07773.jpg,0
train/07774.jpg,1
train/07775.jpg,7
train/07776.jpg,7
train/07777.jpg,1
train/07778.jpg,2
train/07779.jpg,4
train/07780.jpg,1
train/07781.jpg,6
train/07782.jpg,6
train/07783.jpg,2
train/07784.jpg,0
train/07785.jpg,0
train/07786.jpg,0
train/07787.jpg,3
train/07788.jpg,4
train/07789.jpg,1
train/07790.jpg,3
train/07791.jpg,2
train/07792.jpg,0
train/07793.jpg,3
train/07794.jpg,0
train/07795.jpg,0
train/07796.jpg,1
train/07797.jpg,1
train/07798.jpg,3
train/07799.jpg,3
train/07800.jpg,2
train/07801.jpg,3
train/07802.jpg,1
train/07803.jpg,3
train/07804.jpg,5
train/07805.jpg,3
train/07806.jpg,4
train/07807.jpg,1
train/07808.jpg,4
train/07809.jpg,1
train/07810.jpg,0
train/07811.jpg,0
train/07812.jpg,3
train/07813.jpg,7
train/07814.jpg,1
train/07815.jpg,0
train/07816.jpg,0
train/07817.jpg,3
train/07818.jpg,7
train/07819.jpg,1
train/07820.jpg,2
train/07821.jpg,2
train/07822.jpg,4
train/07823.jpg,4
train/07824.jpg,1
train/07825.jpg,1
train/07826.jpg,2
train/07827.jpg,3
train/07828.jpg,6
train/07829.jpg,3
train/07830.jpg,0
train/07831.jpg,2
train/07832.jpg,1
train/07833.jpg,4
train/07834.jpg,1
train/07835.jpg,3
train/07836.jpg,2
train/07837.jpg,2
train/07838.jpg,0
train/07839.jpg,6
train/07840.jpg,1
train/07841.jpg,1
train/07842.jpg,3
train/07843.jpg,1
train/07844.jpg,0
train/07845.jpg,2
train/07846.jpg,3
train/07847.jpg,1
train/07848.jpg,0
train/07849.jpg,3
train/07850.jpg,3
train/07851.jpg,1
train/07852.jpg,7
train/07853.jpg,0
train/07854.jpg,3
train/07855.jpg,0
train/07856.jpg,1
train/07857.jpg,6
train/07858.jpg,1
train/07859.jpg,2
train/07860.jpg,2
train/07861.jpg,0
train/07862.jpg,3
train/07863.jpg,7
train/07864.jpg,0
train/07865.jpg,2
train/07866.jpg,4
train/07867.jpg,3
train/07868.jpg,7
train/07869.jpg,5
train/07870.jpg,2
train/07871.jpg,7
train/07872.jpg,0
train/07873.jpg,0
train/07874.jpg,0
train/07875.jpg,7
train/07876.jpg,2
train/07877.jpg,2
train/07878.jpg,1
train/07879.jpg,4
train/07880.jpg,1
train/07881.jpg,4
train/07882.jpg,2
train/07883.jpg,0
train/07884.jpg,6
train/07885.jpg,3
train/07886.jpg,1
train/07887.jpg,1
train/07888.jpg,1
train/07889.jpg,1
train/07890.jpg,4
train/07891.jpg,2
train/07892.jpg,0
train/07893.jpg,1
train/07894.jpg,0
train/07895.jpg,3
train/07896.jpg,1
train/07897.jpg,1
train/07898.jpg,2
train/07899.jpg,2
train/07900.jpg,1
train/07901.jpg,3
train/07902.jpg,0
train/07903.jpg,0
train/07904.jpg,7
train/07905.jpg,3
train/07906.jpg,6
train/07907.jpg,0
train/07908.jpg,1
train/07909.jpg,3
train/07910.jpg,1
train/07911.jpg,7
train/07912.jpg,1
train/07913.jpg,3
train/07914.jpg,3
train/07915.jpg,1
train/07916.jpg,1
train/07917.jpg,1
train/07918.jpg,6
train/07919.jpg,2
train/07920.jpg,2
train/07921.jpg,1
train/07922.jpg,2
train/07923.jpg,0
train/07924.jpg,0
train/07925.jpg,3
train/07926.jpg,2
train/07927.jpg,6
train/07928.jpg,0
train/07929.jpg,1
train/07930.jpg,1
train/07931.jpg,2
train/07932.jpg,1
train/07933.jpg,6
train/07934.jpg,4
train/07935.jpg,3
train/07936.jpg,1
train/07937.jpg,0
train/07938.jpg,1
train/07939.jpg,0
train/07940.jpg,1
train/07941.jpg,3
train/07942.jpg,0
train/07943.jpg,0
train/07944.jpg,3
train/07945.jpg,2
train/07946.jpg,0
train/07947.jpg,0
train/07948.jpg,1
train/07949.jpg,4
train/07950.jpg,0
train/07951.jpg,1
train/07952.jpg,2
train/07953.jpg,3
train/07954.jpg,2
train/07955.jpg,1
train/07956.jpg,1
train/07957.jpg,1
train/07958.jpg,4
train/07959.jpg,3
train/07960.jpg,1
train/07961.jpg,2
train/07962.jpg,1
train/07963.jpg,7
train/07964.jpg,2
train/07965.jpg,5
train/07966.jpg,0
train/07967.jpg,0
train/07968.jpg,0
train/07969.jpg,0
train/07970.jpg,2
train/07971.jpg,4
train/07972.jpg,3
train/07973.jpg,5
train/07974.jpg,7
train/07975.jpg,3
train/07976.jpg,2
train/07977.jpg,4
train/07978.jpg,2
train/07979.jpg,5
train/07980.jpg,7
train/07981.jpg,2
train/07982.jpg,1
train/07983.jpg,2
train/07984.jpg,3
train/07985.jpg,6
train/07986.jpg,0
train/07987.jpg,1
train/07988.jpg,1
train/07989.jpg,4
train/07990.jpg,2
train/07991.jpg,0
train/07992.jpg,1
train/07993.jpg,3
train/07994.jpg,3
train/07995.jpg,6
train/07996.jpg,2
train/07997.jpg,0
train/07998.jpg,0
train/07999.jpg,7
train/08000.jpg,1
train/08001.jpg,0
train/08002.jpg,3
train/08003.jpg,0
train/08004.jpg,5
train/08005.jpg,1
train/08006.jpg,1
train/08007.jpg,3
train/08008.jpg,2
train/08009.jpg,1
train/08010.jpg,1
train/08011.jpg,0
train/08012.jpg,2
train/08013.jpg,6
train/08014.jpg,3
train/08015.jpg,1
train/08016.jpg,1
train/08017.jpg,7
train/08018.jpg,2
train/08019.jpg,1
train/08020.jpg,7
train/08021.jpg,2
train/08022.jpg,2
train/08023.jpg,2
train/08024.jpg,0
train/08025.jpg,6
train/08026.jpg,1
train/08027.jpg,2
train/08028.jpg,2
train/08029.jpg,7
train/08030.jpg,4
train/08031.jpg,0
train/08032.jpg,2
train/08033.jpg,3
train/08034.jpg,1
train/08035.jpg,1
train/08036.jpg,1
train/08037.jpg,6
train/08038.jpg,3
train/08039.jpg,0
train/08040.jpg,2
train/08041.jpg,1
train/08042.jpg,0
train/08043.jpg,1
train/08044.jpg,3
train/08045.jpg,4
train/08046.jpg,1
train/08047.jpg,1
train/08048.jpg,3
train/08049.jpg,6
train/08050.jpg,0
train/08051.jpg,2
train/08052.jpg,0
train/08053.jpg,1
train/08054.jpg,1
train/08055.jpg,2
train/08056.jpg,6
train/08057.jpg,0
train/08058.jpg,0
train/08059.jpg,0
train/08060.jpg,0
train/08061.jpg,6
train/08062.jpg,7
train/08063.jpg,0
train/08064.jpg,0
train/08065.jpg,0
train/08066.jpg,1
train/08067.jpg,2
train/08068.jpg,0
train/08069.jpg,0
train/08070.jpg,0
train/08071.jpg,4
train/08072.jpg,6
train/08073.jpg,2
train/08074.jpg,1
train/08075.jpg,1
train/08076.jpg,1
train/08077.jpg,2
train/08078.jpg,1
train/08079.jpg,7
train/08080.jpg,7
train/08081.jpg,1
train/08082.jpg,0
train/08083.jpg,1
train/08084.jpg,4
train/08085.jpg,3
train/08086.jpg,3
train/08087.jpg,3
train/08088.jpg,4
train/08089.jpg,1
train/08090.jpg,7
train/08091.jpg,0
train/08092.jpg,7
train/08093.jpg,3
train/08094.jpg,7
train/08095.jpg,3
train/08096.jpg,3
train/08097.jpg,3
train/08098.jpg,1
train/08099.jpg,6
train/08100.jpg,3
train/08101.jpg,4
train/08102.jpg,1
train/08103.jpg,0
train/08104.jpg,1
train/08105.jpg,6
train/08106.jpg,2
train/08107.jpg,1
train/08108.jpg,5
train/08109.jpg,0
train/08110.jpg,0
train/08111.jpg,4
train/08112.jpg,1
train/08113.jpg,1
train/08114.jpg,6
train/08115.jpg,2
train/08116.jpg,2
train/08117.jpg,7
train/08118.jpg,0
train/08119.jpg,1
train/08120.jpg,2
train/08121.jpg,2
train/08122.jpg,0
train/08123.jpg,4
train/08124.jpg,1
train/08125.jpg,3
train/08126.jpg,1
train/08127.jpg,1
train/08128.jpg,2
train/08129.jpg,2
train/08130.jpg,2
train/08131.jpg,6
train/08132.jpg,2
train/08133.jpg,1
train/08134.jpg,7
train/08135.jpg,6
train/08136.jpg,1
train/08137.jpg,1
train/08138.jpg,1
train/08139.jpg,1
train/08140.jpg,6
train/08141.jpg,3
train/08142.jpg,2
train/08143.jpg,2
train/08144.jpg,1
